﻿Watchlist Scanner

Results
Industry,Symbol,Market Cap,Last,Free Cash Flow Per Share - Current (LTM),Book Value Per Share - Current (LTM),Earnings Per Share - TTM - Current (LTM),Return on Equity (ROE) - Current (LTM),Return on Assets (ROA) - Current (LTM),Financial Leverage (Assets/Equity) - Current (LTM)
Diversified Telecommunication Services,ASTS,"5,081 M",25.359,($1.86),$1.82,($2.33),-139.58,-25.016,2.6598
Diversified Telecommunication Services,ATEX,630 M,33.82,$0.90,$7.47,($2.02),-23.717,-11.205,2.2813
Diversified Telecommunication Services,BAND,551 M,20.03,$1.58,$12.24,($0.60),-5.0924,-1.6089,3.0595
Diversified Telecommunication Services,CCOI,"3,826 M",78.05,($5.56),$6.82,$0.82,10.29,-4.0094,9.9028
Diversified Telecommunication Services,GSAT,"4,192 M",2.2150,($0.02),$0.21,($0.02),-7.2088,-.337,2.3283
Diversified Telecommunication Services,IRDM,"3,531 M",31.015,$2.45,$5.81,$0.93,14.408,4.5209,4.1449
Diversified Telecommunication Services,LUMN,"7,109 M",7.005,$1.31,$0.34,($2.17),-166.73,.6597,99.383
Diversified Telecommunication Services,ATNI,284 M,18.82,($0.22),$33.09,($2.70),-6.1524,1.0016,3.5685
Diversified Telecommunication Services,BCE,"24,431 M",26.78,$2.26,$11.44,$0.07,1.5526,4.8772,5.1502
Diversified Telecommunication Services,CHT,"29,808 M",38.425,$0.19,$1.52,$0.15,9.7285,5.6673,1.3622
Diversified Telecommunication Services,CNSL,555 M,4.685,($2.92),$1.91,($2.05),-25.05,-.8159,16.406
Diversified Telecommunication Services,FYBR,"8,622 M",34.625,($2.82),$20.34,($0.76),-3.6289,2.0879,4.1175
Diversified Telecommunication Services,IDT,"1,314 M",52.03,$2.35,$9.75,$2.54,28.621,8.1695,2.2345
Diversified Telecommunication Services,IHS,"1,096 M",3.29,$0.74,($1.42),($7.01),-2142.4,5.3412,-9.6758
Diversified Telecommunication Services,KT,"8,041 M",16.355,$5.76,$53.44,$3.59,5.9537,2.1418,2.4705
Diversified Telecommunication Services,QBCRF,"5,493 M",23.53,$2.24,$6.87,$2.29,34.654,6.9288,5.9117
Diversified Telecommunication Services,SHEN,745 M,13.64,($4.36),$16.96,($0.28),-1.6823,-.0342,1.8315
Diversified Telecommunication Services,T,"171,382 M",23.885,$2.81,$14.27,$1.23,8.7589,4.0328,3.8468
Diversified Telecommunication Services,TEF,"25,574 M",4.535,$0.95,$4.06,($0.28),-3.2278,1.4849,4.8869
Diversified Telecommunication Services,TEFOF,"24,509 M",4.346,$0.95,$4.06,($0.28),-3.2278,1.4849,4.8869
Diversified Telecommunication Services,TEO,"5,802 M",13.47,($0.07),$2.46,$0.21,12.724,-.7199,1.9837
Diversified Telecommunication Services,TLK,"17,054 M",17.215,$0.02,$0.09,$0.02,19.55,9.7891,2.1012
Diversified Telecommunication Services,TU,"23,454 M",15.72,$0.68,$7.82,$0.46,5.3901,3.4289,3.6133
Diversified Telecommunication Services,VIV,"13,885 M",8.515,$1.10,$7.76,$0.60,7.8069,4.6174,1.7915
Diversified Telecommunication Services,VZ,"178,236 M",42.34,$3.28,$22.88,$2.31,10.431,4.9815,3.957
Wireless Telecommunication Services,AMX,"45,500 M",14.885,$0.09,$0.34,$0.03,9.131,5.8054,4.3202
Wireless Telecommunication Services,GOGO,979 M,7.78,$0.63,$0.42,$0.43,130.82,8.4722,15.377
Wireless Telecommunication Services,PHI,"4,961 M",22.96,$2.29,$9.19,$2.21,23.524,4.4317,5.5769
Wireless Telecommunication Services,RCI,"18,733 M",35.05,$2.45,$15.59,$2.09,13.529,4.2435,6.1922
Wireless Telecommunication Services,SKM,"8,627 M",22.49,$8.68,$41.88,$3.96,9.4632,3.9345,2.5099
Wireless Telecommunication Services,SPOK,330 M,16.29,$1.44,$7.71,$0.71,9.1276,5.603,1.3869
Wireless Telecommunication Services,TDS,"3,934 M",34.65,$0.30,$35.41,($5.36),-8.6487,.9061,3.4306
Wireless Telecommunication Services,TIMB,"6,412 M",13.245,$0.61,$1.90,$0.24,12.369,6.3592,2.0994
Wireless Telecommunication Services,TKC,"5,839 M",6.69,$0.23,$2.34,$0.35,24.172,3.2526,1.8722
Wireless Telecommunication Services,TMUS,"282,915 M",243.79,$8.52,$55.17,$8.76,16.087,5.2394,3.28
Wireless Telecommunication Services,USM,"5,461 M",63.50,$2.71,$53.91,($0.35),-.4759,1.0228,2.2951
Wireless Telecommunication Services,VEON,"2,461 M",34.83,$21.28,$12.89,$4.36,36.914,5.9488,8.045
Wireless Telecommunication Services,VOD,"23,585 M",9.165,$0.42,$2.49,$0.10,4.4061,1.7607,2.3399
Media,ADV,"1,127 M",3.515,$0.22,$2.91,($0.58),-17.252,2.3892,3.6367
Media,BOC,464 M,14.80,($0.52),$16.82,($0.33),-1.2758,-.786,1.3492
Media,CCO,763 M,1.560,($0.14),($7.38),($0.30),3.9426,3.898,-1.287
Media,CRTO,"2,319 M",42.02,$3.24,$19.19,$1.63,9.887,4.8347,2.1004
Media,CTV,455 M,3.065,$0.05,$1.35,($0.10),-7.0171,-2.57,1.205
Media,EEX,981 M,4.835,$0.12,$1.92,($0.36),-5.0713,3.8361,2.7098
Media,IAS,"1,784 M",10.97,$0.44,$6.07,$0.20,3.5126,2.7219,1.1549
Media,IBTA,"2,326 M",75.945,$5.77,$12.35,$0.48,-1110.3,13.636,1.5829
Media,IPG,"10,913 M",29.295,$2.44,$10.00,$2.13,21.793,5.3916,4.5851
Media,MGNI,"2,537 M",18.035,$1.12,$5.14,$0.12,2.5098,1.1092,3.7718
Media,NCMI,694 M,7.315,$0.42,$4.05,($0.24),-5.8631,-2.1711,1.3647
Media,NEXN,659 M,9.94,$0.91,$3.96,$0.09,2.6025,2.0575,1.5462
Media,OMC,"20,190 M",103.49,$7.62,$20.25,$7.33,33.924,5.0771,7.2879
Media,PUBM,805 M,16.85,$0.91,$5.45,$0.32,6.2732,.9156,2.6183
Media,STGW,851 M,7.625,$0.82,$2.59,$0.00,7.2753,2.0056,13.256
Media,THRY,685 M,15.96,$2.04,$2.60,($9.50),-138.17,7.0994,6.9263
Media,TTD,"68,681 M",139.15,$1.06,$5.32,$0.62,12.891,4.6916,2.0967
Media,TTGT,745 M,25.50,<empty>,<empty>,<empty>,<empty>,<empty>,<empty>
Media,WPP,"11,881 M",55.09,$1.09,$4.11,$0.23,7.3338,1.525,7.3815
Media,AMCX,415 M,9.41,$8.11,$25.33,$0.79,2.3963,4.7205,4.3198
Media,FOX,"20,389 M",44.64,$3.53,$24.63,$4.07,17.711,7.4286,1.9988
Media,FOXA,"21,464 M",46.995,$3.53,$24.63,$4.07,17.711,7.4286,1.9988
Media,GTN,408 M,4.09,$2.66,$22.33,$1.53,7.2533,3.8495,4.9911
Media,IHRT,382 M,2.6005,$0.93,($9.30),($6.83),113.14,1.3487,-4.0851
Media,NXST,"5,293 M",170.62,$26.49,$70.50,$17.25,24.068,6.1025,5.2695
Media,PARA,"7,327 M",10.985,$1.09,$24.93,($9.09),-30.081,3.37,2.7815
Media,PARAA,"15,744 M",23.605,$1.09,$24.93,($9.09),-30.081,3.37,2.7815
Media,SBGI,"1,200 M",18.07,($1.40),$6.25,($3.18),-42.872,-1.2428,13.94
Media,TGNA,"3,032 M",18.815,$3.15,$17.67,$2.81,16.847,5.7598,2.507
Media,ATUS,"1,185 M",2.5700,$0.66,($0.93),($0.37),39.204,3.5529,-74.534
Media,CABO,"2,382 M",423.80,$56.04,$335.39,$38.05,12.107,4.4833,3.5343
Media,CHTR,"57,314 M",403.10,$26.10,$99.15,$31.87,32.965,5.4073,10.594
Media,CMCSA,"165,230 M",43.18,$2.76,$22.37,$3.70,16.884,5.3649,3.1463
Media,LBRDA,"12,204 M",85.43,($0.63),$66.64,$5.43,8.4488,.3585,1.7125
Media,LBRDK,"12,352 M",86.47,($0.63),$66.64,$5.43,8.4488,.3585,1.7125
Media,SATS,"6,870 M",24.011,($0.55),$71.53,($9.15),-21.421,-.6576,2.9598
Media,SIRI,"9,582 M",28.25,$2.39,$32.03,($3.41),-46.799,6.6933,2.5309
Media,TV,"1,058 M",1.9750,$0.32,$2.15,($0.09),-3.9574,.7914,2.2929
Media,WOW,433 M,5.105,($0.82),$2.64,($1.12),-35.57,.9366,6.898
Media,GCI,782 M,5.305,$0.48,$1.73,($0.80),-40.142,2.8071,8.5813
Media,NWS,"18,369 M",32.325,$1.05,$14.50,$0.62,4.9156,3.0611,2.0547
Media,NWSA,"16,698 M",29.385,$1.31,$14.50,$0.62,4.9156,3.0611,2.051
Media,NYT,"9,231 M",56.30,$2.24,$11.29,$1.69,15.986,8.1738,1.4914
Media,SCHL,748 M,26.59,$3.01,$34.02,$0.81,2.3659,1.4334,2.0474
Media,WLY,"2,479 M",45.67,$1.93,$13.59,($2.01),-13.265,5.0975,3.6845
Media,WLYB,"2,485 M",45.775,$1.93,$13.59,($3.65),-13.265,5.0975,3.6845
Entertainment,AMC,"1,768 M",4.705,($1.92),($4.62),($1.37),20.872,-.9405,-4.9392
Entertainment,BATRA,"2,651 M",42.66,($1.41),$8.54,($0.72),-7.9599,-2.0564,2.9359
Entertainment,BATRK,"2,545 M",40.96,($1.41),$8.54,($0.72),-7.9599,-2.0564,2.9359
Entertainment,CNK,"4,304 M",35.17,$1.91,$4.65,$1.64,53.865,3.7425,8.8376
Entertainment,DIS,"211,608 M",116.85,$4.69,$55.57,$2.72,5.2833,3.8321,1.9486
Entertainment,EB,354 M,3.65,($0.06),$1.87,($0.08),-4.5281,-2.086,4.5451
Entertainment,EDR,"9,376 M",30.425,$0.96,$13.72,$0.29,-2.8757,-.1327,4.918
Entertainment,FWONA,"21,155 M",85.06,$2.04,$30.73,$1.15,3.97,2.2687,1.5677
Entertainment,FWONK,"23,368 M",93.96,$2.04,$30.73,$1.15,3.97,2.2687,1.5677
Entertainment,IMAX,"1,365 M",25.91,$0.36,$5.49,$0.44,8.0383,3.036,2.9283
Entertainment,IQ,"2,126 M",2.2150,$0.31,$1.96,$0.21,11.801,3.5877,3.3938
Entertainment,LION,"2,019 M",6.995,($0.13),($3.72),($0.97),36.599,2.1056,-4.4281
Entertainment,LLYVA,"6,591 M",71.85,($0.23),($2.25),($0.51),42.342,-.6643,-6.0922
Entertainment,LLYVK,"6,695 M",72.98,($0.23),($2.25),($0.51),42.342,-.6643,-6.0922
Entertainment,LYV,"31,519 M",136.685,$2.88,$1.26,$0.89,35.809,3.1917,68.574
Entertainment,MANU,"2,948 M",17.41,($0.87),$1.17,($0.69),-78.19,-2.4962,11.088
Entertainment,MCS,704 M,22.35,$0.58,$14.68,($0.32),-2.1841,1.0547,2.2647
Entertainment,MSGE,"1,824 M",37.62,$1.80,($0.48),$3.66,-123.74,5.3676,-67.028
Entertainment,MSGS,"5,538 M",230.82,$3.78,($11.12),$2.91,-22.026,6.947,-5.0554
Entertainment,NFLX,"399,699 M",935.06,$16.51,$53.15,$17.65,34.714,11.84,2.3011
Entertainment,NIPG,390 M,6.94,<empty>,<empty>,<empty>,-2.7407,-1.5331,-2.4702
Entertainment,ROKU,"12,208 M",84.081,$1.03,$16.95,($1.20),-7.2202,-3.0974,1.749
Entertainment,RSVR,607 M,9.30,($0.22),$5.45,$0.01,-.0875,2.4839,2.2197
Entertainment,SEAT,447 M,3.40,$0.15,$2.51,($0.15),8.3471,2.254,4.8889
Entertainment,SPHR,"1,402 M",39.18,($8.76),$68.31,($11.19),-16.04,-2.4787,1.9846
Entertainment,SPOT,"100,729 M",498.465,$10.09,$25.53,$3.84,20.703,7.7914,2.2778
Entertainment,TKO,"11,707 M",144.26,$8.06,$49.84,($0.44),-.6485,1.195,3.1574
Entertainment,TME,"21,196 M",12.545,$0.79,$5.85,$0.54,10.701,5.4333,1.3328
Entertainment,WBD,"26,212 M",10.685,$2.17,$14.31,($4.59),-27.295,-.1483,3.0294
Entertainment,WMG,"16,806 M",32.445,$0.87,$1.00,$0.83,86.516,7.3728,17.674
Entertainment,DDI,643 M,12.98,$2.63,$16.46,$2.30,15.1,10.522,1.0789
Entertainment,DOYU,381 M,12.05,($0.28),$20.20,($0.89),-3.5247,-4.3604,1.2847
Entertainment,EA,"43,784 M",166.94,$7.42,$28.15,$3.89,13.962,7.274,1.7862
Entertainment,GMGI,276 M,2.1400,$0.05,$0.88,($0.02),-2.0896,.1432,1.2649
Entertainment,HUYA,745 M,3.30,($0.09),$4.70,($0.09),-1.6039,-1.9743,1.4851
Entertainment,MYPS,251 M,2.0100,$0.15,$2.12,($0.20),-9.2133,-1.1915,1.2465
Entertainment,NTES,"58,865 M",91.335,$1.60,$5.89,$1.21,21.576,10.04,1.3991
Entertainment,PLTK,"3,192 M",8.565,$1.14,($0.26),$0.58,-113.82,9.8594,-32.542
Entertainment,RBLX,"38,855 M",59.21,$0.94,$0.29,($1.63),-700.54,-11.799,35.217
Entertainment,SE,"66,856 M",116.405,$3.98,$13.42,$0.15,1.3503,.9438,2.7401
Entertainment,SOHU,454 M,13.74,($1.29),$32.82,($2.12),-6.6945,-2.7112,1.8367
Entertainment,TTWO,"33,313 M",189.68,($0.93),$33.04,($22.01),-50.913,-2.2752,2.1555
Interactive Media & Services,ANGI,987 M,1.9850,$0.16,$2.15,$0.08,3.8412,.9086,1.7354
Interactive Media & Services,ATHM,"3,397 M",28.05,$2.73,$29.07,$2.02,6.7466,2.353,1.2068
Interactive Media & Services,BIDU,"30,310 M",86.44,$8.12,$106.28,$8.29,8.2155,3.4322,1.6072
Interactive Media & Services,BILI,"7,925 M",19.08,$0.65,$4.68,($0.94),-18.832,-5.2624,2.3328
Interactive Media & Services,BMBL,894 M,8.265,$1.31,$7.57,($4.72),-42.096,2.4824,3.0372
Interactive Media & Services,BZ,"6,169 M",13.905,$0.67,$4.53,$0.43,10.255,3.3245,1.3059
Interactive Media & Services,CARG,"3,983 M",38.41,$0.77,$4.68,($0.46),-7.7443,5.6311,1.6095
Interactive Media & Services,CARS,"1,216 M",18.78,$2.16,$7.73,$0.59,7.9619,2.816,2.2262
Interactive Media & Services,DJT,"7,538 M",34.75,($0.43),$3.81,($2.50),-98.134,-21.323,1.026
Interactive Media & Services,EVER,656 M,18.55,$1.20,$3.33,$0.38,13.544,6.0389,1.5339
Interactive Media & Services,FUBO,566 M,1.695000,($0.38),$0.70,($0.67),-74.824,-12.362,4.682
Interactive Media & Services,GETY,"1,159 M",2.8200,$0.13,$1.66,$0.13,8.0445,4.8767,3.7826
Interactive Media & Services,GOOG,"2,161,087 M",176.545,$4.51,$25.61,$7.53,32.101,16.483,1.3698
Interactive Media & Services,GOOGL,"2,139,727 M",174.80,$4.51,$25.61,$7.53,32.101,16.483,1.3698
Interactive Media & Services,GRND,"2,811 M",15.915,$0.42,($0.08),($0.30),-966.61,12.732,-34.048
Interactive Media & Services,IAC,"4,152 M",48.13,$2.76,$66.77,($0.27),-.1127,-1.0669,1.7078
Interactive Media & Services,KIND,"1,020 M",2.6687,($0.12),$1.21,($0.33),-24.576,-12.164,1.1351
Interactive Media & Services,MAX,596 M,10.82,$0.71,($0.15),$0.19,-14.468,9.8952,-28.233
Interactive Media & Services,META,"1,575,584 M",624.12,$20.49,$65.19,$21.18,36.134,17.189,1.5584
Interactive Media & Services,MOMO,"1,195 M",6.775,$0.79,$8.87,$0.99,12.402,7.9306,1.5376
Interactive Media & Services,MTCH,"8,281 M",32.98,$3.37,($0.35),$2.24,-321.39,12.395,-49.995
Interactive Media & Services,OB,307 M,6.185,$0.70,$4.57,($0.01),1.5768,-.7714,2.3338
Interactive Media & Services,PGRU,"1,095 M",6.66,$0.06,$2.65,($0.10),-3.4912,-.8555,1.2126
Interactive Media & Services,PINS,"21,814 M",32.276858,$1.39,$4.29,$0.31,7.5715,2.8806,1.2064
Interactive Media & Services,QNST,"1,247 M",22.155,($0.09),$3.91,($0.57),-10.011,-3.3534,1.6997
Interactive Media & Services,RDDT,"28,611 M",162.955,$0.90,$11.36,($4.62),-31.801,-20.472,1.0982
Interactive Media & Services,RUM,"2,378 M",8.38,($0.59),$0.59,($0.64),-59.32,-32.515,1.3073
Interactive Media & Services,SNAP,"20,982 M",12.51,$0.09,$1.32,($0.58),-40.62,-7.6641,3.4349
Interactive Media & Services,SSTK,"1,126 M",32.30,$0.18,$15.00,$1.01,6.8927,5.153,2.5795
Interactive Media & Services,TRIP,"1,998 M",14.34,$0.44,$6.78,$0.26,4.0747,3.3525,2.8951
Interactive Media & Services,TRUE,363 M,4.17,($0.14),$1.45,($0.30),-18.829,-6.2228,1.3089
Interactive Media & Services,VMEO,"1,153 M",6.955,$0.34,$2.47,$0.20,8.7281,2.514,1.5705
Interactive Media & Services,VTEX,"1,192 M",6.425,$0.12,$1.41,$0.05,3.5171,1.5567,1.4234
Interactive Media & Services,WB,"2,388 M",9.815,$2.70,$15.09,$1.44,11.101,4.644,1.8488
Interactive Media & Services,WBTN,"1,664 M",12.97,$0.18,$12.58,($1.04),-10.113,-1.1968,1.3165
Interactive Media & Services,YALA,686 M,4.32,$0.86,$4.20,$0.74,21.908,10.486,1.1302
Interactive Media & Services,YELP,"2,552 M",38.77,$3.84,$11.11,$1.64,15.96,9.2497,1.3254
Interactive Media & Services,YY,"2,193 M",40.74,$3.26,$95.81,$3.11,3.4539,.1919,1.5668
Interactive Media & Services,ZD,"2,498 M",58.435,$4.83,$41.00,$1.38,3.5081,3.6919,1.9514
Interactive Media & Services,ZH,338 M,3.87,($1.09),$6.61,($0.55),-7.6868,-6.4248,1.4009
Interactive Media & Services,ZI,"3,789 M",11.035,$0.91,$4.87,$0.02,.4593,1.8444,3.833
Interactive Media & Services,ZIP,794 M,8.125,$0.58,$0.14,$0.03,430.38,2.4864,47.975
