﻿Watchlist Scanner

Results
Industry,Symbol,Market Cap,Last,Free Cash Flow Per Share - Current (LTM),Book Value Per Share - Current (LTM),Earnings Per Share - TTM - Current (LTM),Return on Equity (ROE) - Current (LTM),Return on Assets (ROA) - Current (LTM),Financial Leverage (Assets/Equity) - Current (LTM)
Diversified Telecommunication Services,ASTS,"4,667 M",23.2939,($1.86),$1.82,($2.33),-139.58,-25.016,2.6598
Diversified Telecommunication Services,ATEX,643 M,34.52,$0.90,$7.47,($2.02),-23.717,-11.205,2.2813
Diversified Telecommunication Services,BAND,591 M,21.49,$1.58,$12.24,($0.60),-5.0924,-1.6089,3.0595
Diversified Telecommunication Services,CCOI,"4,073 M",83.08,($5.56),$6.82,$0.82,10.29,-4.0094,9.9028
Diversified Telecommunication Services,GSAT,"3,605 M",1.9050,($0.02),$0.21,($0.02),-7.2088,-.337,2.3283
Diversified Telecommunication Services,IRDM,"3,406 M",29.92,$2.45,$5.81,$0.93,14.408,4.5209,4.1449
Diversified Telecommunication Services,LUMN,"7,565 M",7.455,$1.31,$0.34,($2.17),-166.73,.6597,99.383
Diversified Telecommunication Services,ATNI,311 M,20.58,($0.22),$33.09,($2.70),-6.1524,1.0016,3.5685
Diversified Telecommunication Services,BCE,"24,805 M",27.19,$2.26,$11.44,$0.07,1.5526,4.8772,5.1502
Diversified Telecommunication Services,CHT,"29,692 M",38.275,$0.19,$1.52,$0.15,9.7285,5.6673,1.3622
Diversified Telecommunication Services,CNSL,554 M,4.675,($2.92),$1.91,($2.05),-25.05,-.8159,16.406
Diversified Telecommunication Services,FYBR,"8,664 M",34.795,($2.82),$20.34,($0.76),-3.6289,2.0879,4.1175
Diversified Telecommunication Services,IDT,"1,312 M",51.9684,$2.35,$9.75,$2.54,28.621,8.1695,2.2345
Diversified Telecommunication Services,IHS,"1,090 M",3.27,$0.74,($1.42),($7.01),-2142.4,5.3412,-9.6758
Diversified Telecommunication Services,KT,"8,970 M",18.245,$5.76,$53.44,$3.59,5.9537,2.1418,2.4705
Diversified Telecommunication Services,SHEN,710 M,13.00,($4.36),$16.96,($0.28),-1.6823,-.0342,1.8315
Diversified Telecommunication Services,T,"167,471 M",23.34,$2.81,$14.27,$1.23,8.7589,4.0328,3.8468
Diversified Telecommunication Services,TEF,"25,552 M",4.531,$0.95,$4.06,($0.28),-3.2278,1.4849,4.8869
Diversified Telecommunication Services,TEO,"5,780 M",13.42,($0.07),$2.46,$0.21,12.724,-.7199,1.9837
Diversified Telecommunication Services,TLK,"16,628 M",16.785,$0.02,$0.09,$0.02,19.55,9.7891,2.1012
Diversified Telecommunication Services,TU,"23,096 M",15.48,$0.68,$7.82,$0.46,5.3901,3.4289,3.6133
Diversified Telecommunication Services,VIV,"14,121 M",8.66,$1.10,$7.76,$0.60,7.8069,4.6174,1.7915
Diversified Telecommunication Services,VZ,"188,149 M",44.695,$3.28,$22.88,$2.31,10.431,4.9815,3.957
Wireless Telecommunication Services,AMX,"45,484 M",14.87,$0.09,$0.34,$0.03,9.131,5.8054,4.3202
Wireless Telecommunication Services,GOGO,"1,028 M",8.17,$0.63,$0.42,$0.43,130.82,8.4722,15.377
Wireless Telecommunication Services,PHI,"4,790 M",22.17,$2.29,$9.19,$2.21,23.524,4.4317,5.5769
Wireless Telecommunication Services,RCI,"19,027 M",35.60,$2.45,$15.59,$2.09,13.529,4.2435,6.1922
Wireless Telecommunication Services,SKM,"9,323 M",24.305,$8.66,$41.11,$3.96,9.4632,3.9345,2.5099
Wireless Telecommunication Services,SPOK,336 M,16.56,$1.44,$7.71,$0.71,9.1276,5.603,1.3869
Wireless Telecommunication Services,TDS,"3,896 M",34.315,$0.30,$35.41,($5.36),-8.6487,.9061,3.4306
Wireless Telecommunication Services,TIMB,"6,671 M",13.78,$0.61,$1.90,$0.24,12.369,6.3592,2.0994
Wireless Telecommunication Services,TKC,"5,800 M",6.645,$0.23,$2.34,$0.35,24.172,3.2526,1.8722
Wireless Telecommunication Services,TMUS,"287,806 M",248.005,$8.52,$55.17,$8.76,16.087,5.2394,3.28
Wireless Telecommunication Services,USM,"5,565 M",64.70,$2.71,$53.91,($0.35),-.4759,1.0228,2.2951
Wireless Telecommunication Services,VEON,"2,315 M",32.76,$21.28,$12.89,$4.36,36.914,5.9488,8.045
Wireless Telecommunication Services,VOD,"23,227 M",8.985,$0.42,$2.49,$0.10,4.4061,1.7607,2.3399
Media,ADV,"1,140 M",3.555,$0.22,$2.91,($0.58),-17.252,2.3892,3.6367
Media,BOC,482 M,15.3714,($0.52),$16.82,($0.33),-1.2758,-.786,1.3492
Media,CCO,768 M,1.570,($0.14),($7.38),($0.30),3.9426,3.898,-1.287
Media,CRTO,"2,298 M",41.64,$3.24,$19.19,$1.63,9.887,4.8347,2.1004
Media,CTV,452 M,3.045,$0.05,$1.35,($0.10),-7.0171,-2.57,1.205
Media,EEX,992 M,4.885,$0.12,$1.92,($0.36),-5.0713,3.8361,2.7098
Media,IAS,"1,793 M",11.02,$0.44,$6.07,$0.20,3.5126,2.7219,1.1549
Media,IPG,"11,378 M",30.545,$2.44,$10.00,$2.13,21.793,5.3916,4.5851
Media,MGNI,"2,321 M",16.50,$1.12,$5.14,$0.12,2.5098,1.1092,3.7718
Media,NCMI,654 M,6.89,$0.42,$4.05,($0.24),-5.8631,-2.1711,1.3647
Media,NEXN,665 M,10.00,$0.91,$3.96,$0.09,2.6025,2.0575,1.5462
Media,OMC,"20,468 M",104.915,$7.62,$20.25,$7.33,33.924,5.0771,7.2879
Media,PUBM,752 M,15.75,$0.91,$5.45,$0.32,6.2732,.9156,2.6183
Media,STGW,883 M,7.92,$0.82,$2.59,$0.00,7.2753,2.0056,13.256
Media,THRY,697 M,16.25,$2.04,$2.60,($9.50),-138.17,7.0994,6.9263
Media,TTD,"62,605 M",126.84,$1.06,$5.32,$0.62,12.891,4.6916,2.0967
Media,TTGT,913 M,31.23,$1.52,$8.53,($0.42),-5.2752,-.6864,2.938
Media,WPP,"11,599 M",53.795,$1.09,$4.11,$0.23,7.3338,1.525,7.3815
Media,AMCX,408 M,9.24,$8.11,$25.33,$0.79,2.3963,4.7205,4.3198
Media,FOX,"20,311 M",44.47,$3.53,$24.63,$4.07,17.711,7.4286,1.9988
Media,FOXA,"21,405 M",46.865,$3.53,$24.63,$4.07,17.711,7.4286,1.9988
Media,GTN,428 M,4.295,$2.66,$22.33,$1.53,7.2533,3.8495,4.9911
Media,IHRT,345 M,2.3450,$0.93,($9.30),($6.83),113.14,1.3487,-4.0851
Media,NXST,"5,329 M",171.79,$26.49,$70.50,$17.25,24.068,6.1025,5.2695
Media,PARA,"7,127 M",10.685,$1.09,$24.93,($9.09),-30.081,3.37,2.7815
Media,PARAA,"15,300 M",22.94,$1.09,$24.93,($9.09),-30.081,3.37,2.7815
Media,SBGI,"1,201 M",18.085,($1.40),$6.25,($3.18),-42.872,-1.2428,13.94
Media,TGNA,"3,030 M",18.805,$3.15,$17.67,$2.81,16.847,5.7598,2.507
Media,ATUS,"1,181 M",2.5600,$0.66,($0.93),($0.37),39.204,3.5529,-74.534
Media,CABO,"2,386 M",424.565,$56.04,$335.39,$38.05,12.107,4.4833,3.5343
Media,CHTR,"55,902 M",393.17,$26.10,$99.15,$31.87,32.965,5.4073,10.594
Media,CMCSA,"164,388 M",42.96,$2.76,$22.37,$3.70,16.884,5.3649,3.1463
Media,LBRDA,"12,084 M",84.59,($0.63),$66.64,$5.43,8.4488,.3585,1.7125
Media,LBRDK,"12,191 M",85.34,($0.63),$66.64,$5.43,8.4488,.3585,1.7125
Media,SATS,"7,143 M",24.965,($0.55),$71.53,($9.15),-21.421,-.6576,2.9598
Media,SIRI,"9,004 M",26.545,$2.39,$32.03,($3.41),-46.799,6.6933,2.5309
Media,TV,"1,055 M",1.9700,$0.32,$2.15,($0.09),-3.9574,.7914,2.2929
Media,WOW,449 M,5.295,($0.82),$2.64,($1.12),-35.57,.9366,6.898
Media,GCI,767 M,5.205,$0.48,$1.73,($0.80),-40.142,2.8071,8.5813
Media,NWS,"18,058 M",31.77,$1.31,$14.50,$0.62,4.9156,3.0611,2.051
Media,NWSA,"16,523 M",29.07,$1.31,$14.50,$0.62,4.9156,3.0611,2.051
Media,NYT,"8,900 M",54.285,$2.24,$11.29,$1.69,15.986,8.1738,1.4914
Media,SCHL,753 M,26.755,$3.01,$34.02,$0.81,2.3659,1.4334,2.0474
Media,WLY,"2,857 M",52.63,$1.97,$13.15,($2.01),-13.265,5.0975,3.7161
Media,WLYB,"2,871 M",52.90,$1.93,$13.59,($3.65),-13.265,5.0975,3.6845
Entertainment,AMC,"1,835 M",4.885,($1.92),($4.62),($1.37),20.872,-.9405,-4.9392
Entertainment,BATRA,"2,596 M",41.78,($1.41),$8.54,($0.72),-7.9599,-2.0564,2.9359
Entertainment,BATRK,"2,484 M",39.97,($1.41),$8.54,($0.72),-7.9599,-2.0564,2.9359
Entertainment,CNK,"4,206 M",34.37,$1.91,$4.65,$1.64,53.865,3.7425,8.8376
Entertainment,DIS,"212,031 M",117.0833,$4.69,$55.57,$2.72,5.2833,3.8321,1.9486
Entertainment,EB,356 M,3.675,($0.06),$1.87,($0.08),-4.5281,-2.086,4.5451
Entertainment,EDR,"9,350 M",30.34,$0.96,$13.72,$0.29,-2.8757,-.1327,4.918
Entertainment,FWONA,"20,062 M",80.6635,$2.04,$30.73,$1.15,3.97,2.2687,1.5677
Entertainment,FWONK,"21,895 M",88.035,$2.04,$30.73,$1.15,3.97,2.2687,1.5677
Entertainment,IMAX,"1,387 M",26.32,$0.36,$5.49,$0.44,8.0383,3.036,2.9283
Entertainment,IQ,"2,092 M",2.1800,$0.31,$1.96,$0.21,11.801,3.5877,3.3938
Entertainment,LION,"2,032 M",7.04,$1.89,($3.72),($0.97),36.599,2.1056,-4.4281
Entertainment,LLYVA,"6,568 M",71.60,($0.23),($2.25),($0.51),42.342,-.6643,-6.0922
Entertainment,LLYVK,"6,689 M",72.91,($0.23),($2.25),($0.51),42.342,-.6643,-6.0922
Entertainment,LYV,"32,260 M",139.895,$2.88,$1.26,$0.89,35.809,3.1917,68.574
Entertainment,MANU,"2,902 M",17.14,($0.65),$1.08,($0.87),-90.949,-2.6737,9.2814
Entertainment,MCS,714 M,22.68,$0.58,$14.68,($0.32),-2.1841,1.0547,2.2647
Entertainment,MSGE,"1,794 M",37.02,$1.80,($0.48),$3.66,-123.74,5.4707,-67.028
Entertainment,MSGS,"5,491 M",228.845,$4.94,($11.57),$2.91,-22.026,6.947,-5.0554
Entertainment,NFLX,"370,448 M",866.63,$16.51,$53.15,$17.65,34.714,11.84,2.3011
Entertainment,ROKU,"9,739 M",67.07,$1.03,$16.95,($1.20),-7.2202,-3.0974,1.749
Entertainment,RSVR,604 M,9.26,$0.17,$5.49,($0.01),-.0875,2.4839,2.1744
Entertainment,SEAT,462 M,3.515,$0.15,$2.51,($0.15),8.3471,2.254,4.8889
Entertainment,SPHR,"1,459 M",40.755,($8.76),$68.31,($11.19),-16.04,-2.4787,1.9846
Entertainment,SPOT,"96,342 M",476.755,$10.09,$25.53,$3.84,20.703,7.7914,2.2778
Entertainment,TKO,"11,181 M",137.78,$8.06,$49.84,($0.44),-.6485,1.195,3.1574
Entertainment,TME,"19,253 M",11.395,$0.79,$5.85,$0.54,10.701,5.4333,1.3328
Entertainment,WBD,"25,452 M",10.375,$2.17,$14.31,($4.59),-27.295,-.1483,3.0294
Entertainment,WMG,"16,698 M",32.235,$0.87,$1.00,$0.83,86.516,7.3728,17.674
Entertainment,DDI,721 M,14.5502,$2.63,$16.46,$2.30,15.1,10.522,1.0789
Entertainment,DOYU,318 M,10.04,($0.28),$20.20,($0.89),-3.5247,-4.3604,1.2847
Entertainment,EA,"42,879 M",163.49,$7.42,$28.15,$3.89,13.962,7.274,1.7732
Entertainment,GMGI,303 M,2.350,$0.05,$0.88,($0.02),-2.0896,.1432,1.2649
Entertainment,GRVY,455 M,65.4689,$14.06,$58.16,$9.11,17.068,8.43,1.1727
Entertainment,HUYA,693 M,3.07,($0.09),$4.70,($0.09),-1.6039,-1.9743,1.4851
Entertainment,NTES,"55,820 M",86.61,$1.60,$5.89,$1.21,21.576,10.04,1.3991
Entertainment,PLTK,"3,119 M",8.369,$1.14,($0.26),$0.58,-113.82,9.8594,-32.542
Entertainment,RBLX,"32,372 M",49.3303,$0.94,$0.29,($1.63),-700.54,-11.799,35.217
Entertainment,SE,"65,785 M",114.54,$3.98,$13.42,$0.15,1.3503,.9438,2.7401
Entertainment,SOHU,428 M,12.96,($1.29),$30.68,($2.80),-8.9706,-3.7236,1.8367
Entertainment,TTWO,"32,870 M",187.16,($3.25),$33.04,($21.03),-50.913,-2.2752,2.255
Interactive Media & Services,ANGI,937 M,1.885,$0.16,$2.15,$0.08,3.8412,.9086,1.7354
Interactive Media & Services,ATHM,"3,305 M",27.29,$2.73,$29.07,$2.02,6.7466,2.353,1.2068
Interactive Media & Services,BIDU,"29,732 M",84.79,$8.12,$106.28,$8.29,8.2155,3.4322,1.6072
Interactive Media & Services,BILI,"7,847 M",18.89,$0.65,$4.68,($0.94),-18.832,-5.2624,2.3328
Interactive Media & Services,BMBL,916 M,8.465,$1.31,$7.57,($4.72),-42.096,2.4824,3.0372
Interactive Media & Services,BZ,"5,622 M",12.675,$0.67,$4.53,$0.43,10.255,3.3245,1.3059
Interactive Media & Services,CARG,"3,887 M",37.48,$0.77,$4.68,($0.46),-7.7443,5.6311,1.6095
Interactive Media & Services,CARS,"1,273 M",19.67,$2.16,$7.73,$0.59,7.9619,2.816,2.2262
Interactive Media & Services,DJT,"6,562 M",30.25,($0.43),$3.81,($2.50),-98.134,-21.323,1.026
Interactive Media & Services,EVER,676 M,19.12,$1.20,$3.33,$0.38,13.544,6.0389,1.5339
Interactive Media & Services,FUBO,500 M,1.4975,($0.38),$0.70,($0.67),-74.824,-12.362,4.682
Interactive Media & Services,GETY,"1,190 M",2.8950,$0.13,$1.66,$0.13,8.0445,4.8767,3.7826
Interactive Media & Services,GOOG,"2,089,502 M",170.697,$4.51,$25.61,$7.53,32.101,16.483,1.3698
Interactive Media & Services,GOOGL,"2,069,062 M",169.0272,$4.51,$25.61,$7.53,32.101,16.483,1.3698
Interactive Media & Services,GRND,"2,630 M",14.89,$0.42,($0.08),($0.30),-966.61,12.732,-34.048
Interactive Media & Services,IAC,"4,079 M",47.28,$2.76,$66.77,($0.27),-.1127,-1.0669,1.7078
Interactive Media & Services,KIND,934 M,2.445,($0.12),$1.21,($0.33),-24.576,-12.164,1.1351
Interactive Media & Services,KSHTY,"26,465 M",1.23,$0.83,$1.93,$0.48,28.75,7.6962,2.2643
Interactive Media & Services,MAX,704 M,12.77,$0.71,($0.15),$0.19,-14.468,9.8952,-28.233
Interactive Media & Services,META,"1,431,221 M",566.935,$20.49,$65.19,$21.18,36.134,17.189,1.5584
Interactive Media & Services,MOMO,"1,170 M",6.635,$0.79,$8.87,$0.99,12.402,7.9306,1.5376
Interactive Media & Services,MTCH,"8,120 M",32.34,$3.37,($0.35),$2.24,-321.39,12.395,-49.995
Interactive Media & Services,OB,268 M,5.405,$0.70,$4.57,($0.01),1.5768,-.7714,2.3338
Interactive Media & Services,PGRU,"1,092 M",6.646,$0.06,$2.65,($0.10),-3.4912,-.8555,1.2126
Interactive Media & Services,PINS,"20,448 M",30.2565,$1.39,$4.29,$0.31,7.5715,2.8806,1.2064
Interactive Media & Services,QNST,"1,277 M",22.70,($0.09),$3.91,($0.57),-10.011,-3.3534,1.6997
Interactive Media & Services,RUM,"2,003 M",7.06,($0.59),$0.59,($0.64),-59.32,-32.515,1.3073
Interactive Media & Services,SNAP,"19,209 M",11.4529,$0.09,$1.32,($0.58),-40.62,-7.6641,3.4349
Interactive Media & Services,SSTK,"1,099 M",31.525,$0.18,$15.00,$1.01,6.8927,5.153,2.5795
Interactive Media & Services,TRIP,"1,958 M",14.055,$0.44,$6.78,$0.26,4.0747,3.0266,2.8951
Interactive Media & Services,TRUE,375 M,4.31,($0.14),$1.45,($0.30),-18.829,-6.2228,1.3089
Interactive Media & Services,VMEO,"1,115 M",6.725,$0.34,$2.47,$0.20,8.7281,2.514,1.5705
Interactive Media & Services,VTEX,"1,180 M",6.36,$0.12,$1.41,$0.05,3.5171,1.5567,1.4234
Interactive Media & Services,WB,"2,306 M",9.4791,$2.70,$14.02,$1.29,10.095,4.364,2.1356
Interactive Media & Services,WBTN,"1,543 M",12.0265,$0.18,$12.58,($1.04),-10.113,-1.1968,1.3165
Interactive Media & Services,YALA,674 M,4.245,$0.86,$4.20,$0.74,21.908,10.486,1.1302
Interactive Media & Services,YELP,"2,509 M",38.12,$3.84,$11.11,$1.64,15.96,9.2497,1.3254
Interactive Media & Services,YY,"2,242 M",39.255,$3.26,$90.57,$4.01,4.6284,.2057,1.566
Interactive Media & Services,ZD,"2,438 M",57.05,$4.83,$41.00,$1.38,3.5081,3.6919,1.9514
Interactive Media & Services,ZH,332 M,3.80,($1.09),$6.22,($0.91),-12.885,-8.5221,1.4165
Interactive Media & Services,ZI,"3,738 M",10.885,$0.91,$4.87,$0.02,.4593,1.8444,3.833
Interactive Media & Services,ZIP,873 M,8.94,$0.58,$0.14,$0.03,430.38,2.4864,47.975
