﻿Watchlist Scanner

Results
Industry,Symbol,Market Cap,Last,Free Cash Flow Per Share - Current (LTM),Book Value Per Share - Current (LTM),Earnings Per Share - TTM - Current (LTM),Return on Equity (ROE) - Current (LTM),Return on Assets (ROA) - Current (LTM),Financial Leverage (Assets/Equity) - Current (LTM)
Diversified Telecommunication Services,CCOI,"3,875 M",79.04,($5.56),$6.82,$0.82,10.29,-4.0094,9.9028
Diversified Telecommunication Services,LUMN,"9,367 M",9.23,$1.31,$0.34,($2.17),-166.73,.6597,99.383
Diversified Telecommunication Services,GSAT,"3,596 M",1.900000,($0.02),$0.21,($0.02),-7.2088,-.337,2.3283
Diversified Telecommunication Services,ASTS,"4,842 M",24.26,($2.56),$0.98,($1.31),-103.51,-30.151,3.9911
Diversified Telecommunication Services,IRDM,"3,390 M",29.78,$2.45,$5.81,$0.93,14.408,4.5209,4.1449
Diversified Telecommunication Services,BAND,531 M,19.32,$1.58,$12.24,($0.60),-5.0924,-1.6089,3.0595
Diversified Telecommunication Services,ATEX,628 M,33.78,$1.62,$8.01,($1.21),-13.658,-11.224,2.1584
Diversified Telecommunication Services,KT,"7,596 M",15.45,$7.38,$59.25,$3.59,5.9537,2.1414,2.2282
Diversified Telecommunication Services,ATNI,304 M,20.14,($0.18),$32.47,($2.69),-6.1524,1.0353,3.5685
Diversified Telecommunication Services,IHS,879 M,2.640,$0.63,($1.48),($7.19),-1044,6.2294,-9.2222
Diversified Telecommunication Services,TU,"23,380 M",15.67,$0.81,$7.82,$0.46,5.3901,3.7044,3.6133
Diversified Telecommunication Services,IDT,"1,288 M",51.01,$2.35,$9.75,$2.54,28.621,8.1695,2.2345
Diversified Telecommunication Services,FYBR,"8,504 M",34.15,($2.82),$20.34,($0.76),-3.6289,2.0879,4.1175
Diversified Telecommunication Services,TEO,"3,183 M",10.83,$0.00,$2.36,$0.23,15.592,-1.0123,2.014
Diversified Telecommunication Services,CNSL,549 M,4.63,($2.92),$1.91,($2.05),-25.05,-.8159,16.406
Diversified Telecommunication Services,BCE,"25,261 M",27.69,$2.26,$11.44,$0.07,1.5526,4.8772,5.1502
Diversified Telecommunication Services,SHEN,706 M,12.93,($4.36),$16.96,($0.28),-1.6823,-.0342,1.8315
Diversified Telecommunication Services,TEF,"24,193 M",4.29,$0.95,$4.06,($0.28),-3.2278,1.4849,4.8869
Diversified Telecommunication Services,CHT,"29,246 M",37.70,$0.19,$1.52,$0.15,9.7285,5.6673,1.3622
Diversified Telecommunication Services,VZ,"170,069 M",40.40,$3.28,$22.88,$2.31,10.431,4.9815,3.957
Diversified Telecommunication Services,VIV,"14,757 M",9.05,$1.10,$7.76,$0.60,7.8069,4.6174,1.7915
Diversified Telecommunication Services,T,"158,933 M",22.15,$2.81,$14.27,$1.23,8.7589,4.0328,3.8468
Diversified Telecommunication Services,TLK,"16,108 M",16.26,$0.02,$0.09,$0.02,19.55,9.7891,2.1012
Wireless Telecommunication Services,TIMB,"6,922 M",14.30,$0.61,$1.90,$0.24,12.369,6.3592,2.0994
Wireless Telecommunication Services,TKC,"5,953 M",6.82,$0.23,$2.34,$0.35,24.172,3.2526,1.8722
Wireless Telecommunication Services,SPOK,345 M,17.04,$1.44,$7.71,$0.71,9.1276,5.603,1.3869
Wireless Telecommunication Services,SKM,"8,500 M",22.16,$7.33,$41.11,$3.95,9.4637,3.9306,2.5099
Wireless Telecommunication Services,AMX,"46,579 M",15.21,$0.09,$0.34,$0.03,9.131,5.8054,4.3202
Wireless Telecommunication Services,TDS,"3,586 M",31.58,$0.30,$35.41,($5.36),-8.6487,.9061,3.4306
Wireless Telecommunication Services,GOGO,"1,015 M",8.07,$0.63,$0.42,$0.43,130.82,8.4722,15.377
Wireless Telecommunication Services,RCI,"19,129 M",35.79,$2.45,$15.59,$2.09,13.529,4.2435,6.1922
Wireless Telecommunication Services,USM,"5,455 M",63.43,$2.71,$53.91,($0.35),-.4759,1.0228,2.2951
Wireless Telecommunication Services,TMUS,"277,287 M",238.94,$8.52,$55.17,$8.76,16.087,5.2394,3.28
Wireless Telecommunication Services,VEON,"2,356 M",33.34,$21.28,$12.89,$4.36,36.914,5.9488,8.045
Wireless Telecommunication Services,VOD,"22,041 M",8.47,$0.39,$2.39,$0.05,2.5023,1.4481,2.4072
Wireless Telecommunication Services,PHI,"4,760 M",22.03,$2.74,$8.90,$2.10,23.016,4.4701,5.5821
Media,NCMI,642 M,6.76,$0.42,$4.05,($0.24),-5.8631,-2.1711,1.3647
Media,STGW,856 M,7.67,$0.82,$2.59,$0.00,7.2753,2.0056,13.256
Media,CRTO,"2,035 M",36.88,$3.24,$19.19,$1.63,9.887,4.8347,2.1004
Media,EEX,958 M,4.72,$0.12,$1.92,($0.36),-5.0713,3.8361,2.7098
Media,TTD,"64,757 M",131.20,$1.06,$5.32,$0.62,12.891,4.6916,2.0967
Media,CCO,797 M,1.6300,($0.14),($7.38),($0.30),3.9426,3.898,-1.287
Media,NEXN,504 M,7.58,$0.66,$3.77,($0.02),-.3641,.5942,1.517
Media,BOC,495 M,15.75,($0.94),$16.86,($0.33),-1.4617,-.8813,1.363
Media,OMC,"20,257 M",103.83,$7.62,$20.25,$7.33,33.924,5.0771,7.2879
Media,IPG,"10,896 M",29.25,$2.44,$10.00,$2.13,21.793,5.3916,4.5851
Media,TTGT,903 M,31.60,$1.76,$8.29,($0.30),-3.9329,-.7018,3.0284
Media,ADV,"1,056 M",3.295,$0.22,$2.91,($0.58),-17.252,1.6053,3.6367
Media,IAS,"2,036 M",12.62,$0.42,$5.89,$0.01,.3121,2.379,1.2074
Media,MGNI,"2,293 M",16.30,$1.12,$5.14,$0.12,2.5098,1.1092,3.7718
Media,THRY,610 M,14.50,$2.04,$2.60,($9.50),-138.17,7.0994,6.9263
Media,WPP,"11,374 M",52.75,$1.09,$4.11,$0.23,7.3338,1.525,7.3815
Media,PUBM,815 M,16.43,$1.19,$5.70,$0.36,6.9268,1.0276,2.3807
Media,IBTA,"2,344 M",76.50,$5.03,$11.75,$0.11,-1110.3,13.636,1.5459
Media,CTV,265 M,1.8100,$0.06,$1.30,($0.15),-11.184,-2.5867,1.2664
Media,GTN,438 M,4.39,$0.70,$21.55,$1.53,2.253,2.9903,5.1747
Media,NXST,"5,217 M",168.18,$26.49,$70.50,$17.25,24.068,6.1025,5.2695
Media,PARA,"7,637 M",11.45,$1.09,$24.93,($9.09),-30.081,3.37,2.7815
Media,IHRT,351 M,2.3900,$0.93,($9.30),($6.83),113.14,1.3487,-4.0851
Media,AMCX,374 M,8.48,$8.11,$25.33,$0.79,2.3963,4.7205,4.3198
Media,TGNA,"2,976 M",18.47,$2.41,$16.79,$2.81,15.447,4.9649,2.5309
Media,FOXA,"21,421 M",46.90,$3.13,$23.23,$4.07,17.711,7.4286,1.9988
Media,FOX,"19,937 M",43.65,$3.13,$23.23,$4.07,17.711,7.4286,2.0508
Media,SBGI,"1,034 M",15.575,($4.87),$5.13,($3.18),-74.454,-2.4922,16.724
Media,WOW,469 M,5.53,($0.82),$2.64,($1.12),-35.57,.9366,6.898
Media,CMCSA,"168,559 M",44.05,$2.76,$22.37,$3.70,16.884,5.3649,3.1463
Media,SIRI,"9,213 M",27.16,$2.39,$32.03,($3.41),-46.799,6.6933,2.5309
Media,TV,"1,157 M",2.1600,$0.32,$2.15,($0.09),-3.9574,.7914,2.2929
Media,CHTR,"55,741 M",392.00,$26.10,$99.15,$31.87,32.965,5.4073,10.594
Media,SATS,"6,183 M",22.76,($1.63),$72.05,($9.14),-21.08,-.419,2.823
Media,LBRDA,"13,821 M",96.75,($0.63),$66.64,$5.43,8.4488,.3585,1.7125
Media,LBRDK,"13,946 M",97.63,($0.63),$66.64,$5.43,8.4488,.3585,1.7125
Media,ATUS,"1,287 M",2.790000,$0.66,($0.93),($0.37),39.204,3.5529,-74.534
Media,CABO,"2,260 M",402.25,$56.04,$335.39,$38.05,12.107,4.4833,3.5343
Media,NWSA,"16,678 M",29.33,$1.31,$14.50,$0.62,4.9156,3.0611,2.051
Media,GCI,806 M,5.47,$0.48,$1.73,($0.80),-40.142,2.8071,8.5813
Media,WLY,"2,880 M",53.05,$1.93,$13.59,($2.01),-13.265,5.0975,3.6845
Media,NWS,"18,321 M",32.22,$1.05,$14.27,$0.62,4.9156,3.0611,2.0547
Media,NYT,"9,047 M",55.18,$2.24,$11.29,$1.69,15.986,8.1738,1.4914
Media,SCHL,755 M,26.82,$3.01,$36.05,$0.81,2.3659,1.4334,1.6415
Media,WLYB,"2,819 M",51.93,$1.93,$13.59,($3.65),-13.265,5.0975,3.6845
Entertainment,SEAT,517 M,3.93,$0.15,$2.51,($0.15),8.3471,2.254,4.8889
Entertainment,LLYVK,"6,163 M",67.19,($0.23),($2.25),($0.51),42.342,-.6643,-6.0922
Entertainment,BATRK,"2,523 M",40.60,($1.41),$8.54,($0.72),-7.9599,-2.0564,2.9359
Entertainment,LLYVA,"6,004 M",65.46,($0.23),($2.25),($0.51),42.342,-.6643,-6.0922
Entertainment,WMG,"17,014 M",32.85,$0.93,$0.93,$1.04,125.05,7.4204,18.282
Entertainment,RSVR,580 M,8.89,($0.22),$5.45,$0.01,-.0875,2.4839,2.2197
Entertainment,MANU,"3,039 M",17.95,($0.65),$1.08,($0.87),-90.949,-2.6737,9.2814
Entertainment,MCS,696 M,22.12,$0.58,$14.68,($0.32),-2.1841,1.0547,2.2647
Entertainment,MSGE,"1,826 M",37.68,$1.22,($1.00),$3.66,-123.74,5.4707,-33.068
Entertainment,FWONA,"18,631 M",74.98,$2.04,$32.41,$1.18,3.97,2.2687,1.5677
Entertainment,EDR,"8,934 M",28.99,$0.96,$13.72,$0.04,-2.8847,.1005,4.918
Entertainment,EB,353 M,3.64,($0.06),$1.87,($0.08),-4.5281,-2.086,4.5451
Entertainment,FWONK,"20,117 M",80.96,$2.04,$32.41,$1.18,3.97,2.2687,1.5677
Entertainment,TKO,"9,450 M",116.45,$8.06,$49.84,($0.44),-.6485,1.195,3.1574
Entertainment,MSGS,"5,401 M",225.11,$3.78,($11.12),$2.91,-22.026,6.947,-5.0554
Entertainment,ROKU,"11,125 M",76.62,$1.03,$16.95,($1.20),-7.2202,-3.0974,1.749
Entertainment,IQ,"2,111 M",2.2000,$0.38,$1.86,$0.24,14.311,4.216,3.6757
Entertainment,IMAX,"1,298 M",24.64,$0.36,$5.49,$0.44,8.0383,3.036,2.9283
Entertainment,WBD,"22,618 M",9.22,$2.17,$14.31,($4.59),-27.295,-.1483,3.0294
Entertainment,LYV,"30,098 M",129.67,$2.39,($0.19),$1.10,52.389,3.9561,-472.74
Entertainment,NFLX,"350,302 M",819.50,$16.51,$53.15,$17.65,34.714,11.84,2.3011
Entertainment,TME,"18,451 M",10.92,$0.70,$5.46,$0.49,10.198,4.9686,1.3463
Entertainment,DIS,"183,154 M",100.99,$4.35,$55.41,$2.61,5.4595,3.6224,1.9655
Entertainment,AMC,"1,713 M",4.56,($1.92),($4.62),($1.37),20.872,-.9405,-4.9392
Entertainment,CNK,"4,006 M",32.74,$1.91,$4.65,$1.64,53.865,3.7425,8.8376
Entertainment,BATRA,"2,651 M",42.67,($1.41),$8.54,($0.72),-7.9599,-2.0564,2.9359
Entertainment,SPOT,"84,235 M",419.48,$7.07,$22.72,$2.49,14.763,5.0764,2.3823
Entertainment,SPHR,"1,466 M",40.96,($8.76),$68.31,($6.36),-8.9863,-1.9573,1.9821
Entertainment,NIPG,341 M,6.06,<empty>,<empty>,<empty>,-7.7486,-4.0902,-4.1955
Entertainment,LION,"2,081 M",7.21,$1.89,($3.72),($0.97),36.599,1.878,-4.4281
Entertainment,PLTK,"3,187 M",8.55,$1.14,($0.26),$0.58,-113.82,9.8594,-32.542
Entertainment,HUYA,686 M,3.03,($0.09),$5.64,($0.10),-1.5807,-1.9537,1.1986
Entertainment,TTWO,"31,710 M",180.55,($0.93),$33.18,($22.01),-50.913,-2.2752,2.1555
Entertainment,SOHU,431 M,13.03,($1.29),$30.56,($2.67),-8.7775,-3.9353,1.8444
Entertainment,NTES,"50,573 M",78.47,$1.48,$5.60,$1.22,23.054,10.335,1.4005
Entertainment,RBLX,"35,685 M",54.38,$0.94,$0.29,($1.63),-700.54,-11.799,35.217
Entertainment,EA,"42,716 M",162.87,$7.42,$28.15,$3.89,13.962,7.274,1.7862
Entertainment,GMGI,371 M,2.8800,$0.05,$0.88,($0.02),-2.0896,.1432,1.2649
Entertainment,DOYU,341 M,10.77,($0.28),$28.77,($0.53),-1.8491,-3.0854,1.2036
Entertainment,SE,"61,828 M",107.65,$2.83,$12.03,($0.36),-2.9246,-.1016,2.8497
Entertainment,DDI,803 M,16.20,$2.58,$15.87,$2.34,15.907,10.397,1.0845
Entertainment,GRVY,455 M,65.45,$14.06,$53.07,$9.39,19.503,9.9329,1.2068
Interactive Media & Services,GETY,"1,394 M",3.39,$0.13,$1.66,$0.13,8.0445,4.8767,3.7826
Interactive Media & Services,PGRU,"1,091 M",6.64,$0.06,$2.65,($0.10),-3.4912,-.8555,1.2126
Interactive Media & Services,QNST,"1,234 M",21.99,($0.20),$3.92,($0.40),-10.011,-3.3534,1.825
Interactive Media & Services,GRND,"2,578 M",14.63,$0.42,($0.08),($0.30),-966.61,12.732,-34.048
Interactive Media & Services,CARS,"1,253 M",19.35,$2.16,$7.73,$0.59,7.9619,2.816,2.2262
Interactive Media & Services,MTCH,"7,964 M",30.88,$3.37,($0.35),$2.24,-321.39,12.82,-49.995
Interactive Media & Services,BMBL,967 M,8.59,$1.31,$7.57,($4.72),-42.096,2.4824,3.0372
Interactive Media & Services,VMEO,"1,121 M",6.76,$0.34,$2.47,$0.20,8.7281,2.514,1.5705
Interactive Media & Services,DJT,"6,610 M",30.47,($0.43),$3.81,($2.50),-98.134,-21.323,1.026
Interactive Media & Services,WB,"2,012 M",8.27,$2.70,$14.02,$1.29,10.095,4.364,2.1356
Interactive Media & Services,PINS,"20,728 M",30.67,$1.39,$4.29,$0.31,7.5715,2.8806,1.2064
Interactive Media & Services,ZH,277 M,3.17,($1.09),$6.22,($0.91),-12.885,-8.5221,1.4165
Interactive Media & Services,RDDT,"22,430 M",127.75,$0.90,$11.36,($4.62),-31.801,-20.472,1.0982
Interactive Media & Services,ZD,"2,568 M",57.39,$4.83,$41.00,$1.38,3.5081,3.6919,1.9514
Interactive Media & Services,YELP,"2,557 M",38.21,$3.84,$11.10,$1.64,15.96,9.2497,1.3254
Interactive Media & Services,YY,"1,925 M",33.71,$3.26,$90.57,$4.01,4.6284,.2057,1.566
Interactive Media & Services,EVER,713 M,20.17,$1.20,$3.33,$0.38,13.544,6.0389,1.5339
Interactive Media & Services,TRUE,375 M,4.31,($0.14),$1.45,($0.30),-18.829,-6.2228,1.3089
Interactive Media & Services,RUM,"1,937 M",6.83,($0.64),$0.68,($0.63),-51.931,-31.29,1.2623
Interactive Media & Services,CARG,"3,889 M",37.50,$0.77,$4.68,($0.46),-7.7443,5.6311,1.6095
Interactive Media & Services,KIND,959 M,2.5100,($0.12),$1.21,($0.33),-24.576,-12.164,1.1351
Interactive Media & Services,VTEX,"1,211 M",6.53,$0.12,$1.41,$0.05,3.5171,1.5567,1.4234
Interactive Media & Services,MOMO,"1,204 M",6.83,$0.79,$8.87,$0.99,12.402,7.9306,1.5376
Interactive Media & Services,FUBO,508 M,1.5200,($0.38),$0.70,($0.67),-74.824,-12.362,4.682
Interactive Media & Services,WBTN,"1,420 M",11.07,$0.18,$12.58,($1.04),-10.113,-1.1968,1.3165
Interactive Media & Services,MAX,687 M,12.47,$0.71,($0.15),$0.19,-14.468,9.8952,-28.233
Interactive Media & Services,GOOG,"2,244,173 M",183.3325,$4.51,$25.61,$7.53,32.101,16.483,1.3698
Interactive Media & Services,SNAP,"18,885 M",11.26,$0.09,$1.32,($0.58),-40.62,-7.6641,3.4349
Interactive Media & Services,BIDU,"29,735 M",84.80,$9.14,$99.52,$7.56,8.0886,3.5125,1.6439
Interactive Media & Services,TRIP,"1,988 M",14.265,$0.44,$6.78,$0.26,4.0747,3.0266,2.8951
Interactive Media & Services,BILI,"8,756 M",21.08,$0.65,$4.51,($1.33),-26.61,-7.2031,2.3054
Interactive Media & Services,GOOGL,"2,223,210 M",181.62,$4.51,$25.61,$7.53,32.101,16.483,1.3698
Interactive Media & Services,META,"1,476,371 M",584.82,$20.49,$65.19,$21.18,36.134,17.189,1.5584
Interactive Media & Services,SSTK,"1,100 M",31.55,$0.18,$15.00,$1.01,6.8927,5.2005,2.5795
Interactive Media & Services,YALA,675 M,4.25,$0.86,$3.98,$0.71,22.501,11.119,1.1189
Interactive Media & Services,IAC,"4,149 M",48.18,$1.75,$69.77,($1.91),-2.3913,-1.2441,1.6983
Interactive Media & Services,ZIP,"1,001 M",10.25,$0.58,$0.14,$0.03,430.38,2.4864,47.975
Interactive Media & Services,ANGI,962 M,1.9300,$0.12,$2.08,$0.00,.2207,.3884,1.7816
Interactive Media & Services,ATHM,"3,247 M",26.81,$2.73,$29.07,$2.02,6.7466,2.353,1.2068
Interactive Media & Services,BZ,"6,071 M",13.79,$0.67,$4.53,$0.43,10.255,3.3245,1.3059
Interactive Media & Services,ZI,"4,783 M",13.095,$1.08,$5.08,$0.04,.7316,1.5566,3.5877
Interactive Media & Services,OB,254 M,5.12,$0.70,$4.57,($0.01),1.5768,-.7714,2.3338
Interactive Media & Services,KSHTY,"26,416 M",1.225,$0.76,$1.80,$0.43,27.918,7.4384,2.1232
