﻿Watchlist Scanner

Results
Industry,Symbol,Market Cap,Last,Free Cash Flow Per Share - Current (LTM),Book Value Per Share - Current (LTM),Earnings Per Share - TTM - Current (LTM),Return on Equity (ROE) - Current (LTM),Return on Assets (ROA) - Current (LTM),Financial Leverage (Assets/Equity) - Current (LTM)
Consumer Staples Distribution & Retail,GRDN,"1,563 M",24.70,$0.56,$2.02,($1.55),-70.517,-12.951,2.7282
Consumer Staples Distribution & Retail,WBA,"7,380 M",8.535,($0.42),$12.09,($10.01),-75.969,.5902,7.7585
Consumer Staples Distribution & Retail,ANDE,"1,560 M",45.79,$5.25,$39.30,$3.49,13.124,3.751,2.5492
Consumer Staples Distribution & Retail,CHEF,"1,889 M",47.755,$1.54,$12.14,$1.11,10.393,4.4356,3.6924
Consumer Staples Distribution & Retail,PFGC,"14,128 M",90.68,$4.47,$27.24,$2.71,10.532,3.7798,3.2453
Consumer Staples Distribution & Retail,SPTN,633 M,18.74,($0.44),$23.15,$1.33,5.8624,3.6215,3.1581
Consumer Staples Distribution & Retail,SYY,"39,873 M",81.17,$4.30,$3.78,$3.89,88.346,8.9237,13.396
Consumer Staples Distribution & Retail,UNFI,"1,434 M",23.94,($1.55),$27.58,($1.89),-6.4992,1.2314,4.5874
Consumer Staples Distribution & Retail,USFD,"16,735 M",71.845,$2.94,$19.57,$2.34,12.368,5.2061,2.9255
Consumer Staples Distribution & Retail,ACI,"11,057 M",19.085,$1.36,$5.21,$1.71,38.118,5.0531,9.5436
Consumer Staples Distribution & Retail,CART,"11,154 M",43.42,$2.58,$11.18,$1.53,13.224,5.9752,1.367
Consumer Staples Distribution & Retail,CASY,"15,281 M",419.79,$10.55,$85.23,$13.73,17.273,7.3649,2.0539
Consumer Staples Distribution & Retail,DDL,930 M,4.285,$0.51,$0.41,$0.13,33.084,1.4425,10.939
Consumer Staples Distribution & Retail,GO,"1,813 M",18.66,($1.03),$12.43,$0.51,4.2204,1.941,2.5599
Consumer Staples Distribution & Retail,IMKTA,"1,317 M",69.32,$5.22,$81.80,$8.40,10.783,5.298,1.6384
Consumer Staples Distribution & Retail,KR,"43,578 M",60.19,$2.44,$17.29,$3.82,24.286,5.9606,4.1095
Consumer Staples Distribution & Retail,NGVC,993 M,43.38,$1.54,$7.61,$1.47,19.667,4.4329,3.7616
Consumer Staples Distribution & Retail,SFM,"15,102 M",151.03,$3.52,$13.43,$3.46,28.558,8.5473,2.6688
Consumer Staples Distribution & Retail,TBBB,"3,326 M",29.64,$0.49,$1.78,$0.12,-75.795,4.8784,5.3135
Consumer Staples Distribution & Retail,VLGEA,457 M,30.77,$1.24,$30.31,$3.37,11.766,4.1153,2.1934
Consumer Staples Distribution & Retail,WMK,"1,887 M",70.16,$4.50,$52.89,$3.56,6.8884,3.7037,1.4554
Consumer Staples Distribution & Retail,ASAI,"1,379 M",5.10,$0.32,$0.68,$0.09,13.648,5.3205,8.7924
Consumer Staples Distribution & Retail,BJ,"12,721 M",96.30,$2.69,$13.34,$4.17,35.793,7.2989,4.0951
Consumer Staples Distribution & Retail,COST,"440,156 M",993.415,$14.93,$53.31,$16.56,30.267,8.3603,2.9562
Consumer Staples Distribution & Retail,DADA,368 M,1.415,($0.21),$2.60,($1.14),-36.227,-10.593,1.2961
Consumer Staples Distribution & Retail,DG,"18,010 M",81.893,$7.69,$33.01,$6.43,20.882,4.2515,4.3819
Consumer Staples Distribution & Retail,DLTR,"15,478 M",71.98,$3.97,$35.52,($4.83),-12.552,4.6021,3.0556
Consumer Staples Distribution & Retail,EXTO,620 M,3.82,$0.13,$1.19,$0.01,2.6723,2.7267,2.6662
Consumer Staples Distribution & Retail,PSMT,"2,784 M",90.73,$1.30,$37.60,$4.57,12.455,6.9232,1.8012
Consumer Staples Distribution & Retail,TGT,"60,695 M",132.46,$9.85,$31.55,$9.43,32.367,6.6541,4.0397
Consumer Staples Distribution & Retail,WMT,"770,426 M",95.845,$2.11,$10.96,$2.42,22.643,6.9363,2.9895
Beverages,ABEV,"36,096 M",2.2950,$0.24,$1.15,$0.16,15.071,8.6544,1.5008
Beverages,BUD,"104,545 M",53.015,$4.96,$39.82,$3.19,8.3942,4.3473,2.6838
Beverages,CCU,"2,108 M",11.41,$0.22,$4.26,$0.39,9.5221,2.8129,2.5894
Beverages,SAM,"3,613 M",314.5735,$14.40,$89.17,$6.70,7.5249,6.6357,1.3627
Beverages,TAP,"12,664 M",61.47,$5.44,$64.63,$4.42,7.1666,4.0695,1.9959
Beverages,DEO,"68,467 M",123.245,$1.16,$4.52,$1.73,35.039,8.2976,4.5329
Beverages,MGPI,989 M,45.05,$1.93,$41.66,$4.82,12.421,7.5746,1.5754
Beverages,NAPA,"1,628 M",11.06,($0.19),$8.65,$0.45,5.0586,3.955,1.4286
Beverages,STZ,"43,578 M",240.02,$8.97,$43.37,$3.16,7.1107,8.9852,2.6369
Beverages,CELH,"6,701 M",28.51,$0.61,$1.80,$0.72,18.729,8.9681,4.0232
Beverages,COCO,"2,049 M",36.11,$1.27,$4.44,$1.00,26.693,15.146,1.4007
Beverages,COKE,"11,350 M",1295.54,$49.62,$146.68,$57.53,37.733,11.62,4.1033
Beverages,FIZZ,"4,313 M",46.07,$1.68,$6.03,$1.97,50.47,24.175,1.3644
Beverages,FMX,"32,846 M",91.795,$0.13,$4.19,$0.44,11.493,3.7572,2.8814
Beverages,KDP,"44,560 M",32.85,$0.78,$18.41,$1.66,9.0517,4.1849,2.1113
Beverages,KO,"270,228 M",62.73,$0.79,$6.15,$2.41,37.23,8.4384,4.0073
Beverages,KOF,"17,315 M",82.42,$4.68,$33.92,$5.26,16.257,7.8726,2.1947
Beverages,MNST,"50,989 M",52.43,$1.56,$5.94,$1.56,23.517,14.588,1.3935
Beverages,PEP,"217,982 M",158.88,$4.51,$14.17,$6.78,48.819,8.7165,5.167
Beverages,PRMB,"11,393 M",30.06,$257.71,($234.38),$140.65,135.18,5.0171,-21.457
Food Products,ADM,"24,678 M",51.57,$6.99,$45.97,$3.56,7.3566,2.8217,2.3755
Food Products,BG,"11,792 M",84.45,$7.64,$72.59,$7.96,10.922,4.9776,2.493
Food Products,CRESY,808 M,13.555,($0.10),$1.29,($0.15),-18.681,3.1693,4.9542
Food Products,DAR,"5,629 M",35.39,$2.93,$28.62,$1.62,5.9183,2.0377,2.323
Food Products,FDP,"1,602 M",33.41,$2.80,$41.54,$0.32,.7251,2.8975,1.5854
Food Products,INGR,"9,483 M",145.5375,$17.63,$60.68,$10.26,18.664,7.9275,1.9051
Food Products,LMNR,471 M,26.07,($0.03),$10.20,$0.29,2.6982,-2.6228,1.6682
Food Products,LND,383 M,3.84,$0.17,$3.91,$0.41,13.022,4.6485,1.6985
Food Products,AGRO,"1,068 M",10.595,$0.77,$13.85,$1.52,11.559,3.3792,2.3112
Food Products,AVO,888 M,12.52,$0.90,$7.44,$0.33,5.046,2.9078,1.8204
Food Products,BGS,540 M,6.8152,$1.46,$9.54,($0.34),-3.291,3.7146,4.5259
Food Products,BRFS,"7,609 M",4.645,$0.82,$1.85,$0.36,21.966,5.9301,3.6594
Food Products,BYND,297 M,4.56,($1.62),($9.39),($4.18),55.502,-14.079,-1.1324
Food Products,CAG,"13,240 M",27.74,$3.06,$18.22,$1.02,5.6054,5.3097,2.4435
Food Products,CALM,"4,833 M",98.555,$7.98,$36.71,$8.73,24.24,14.748,1.2137
Food Products,CPB,"12,744 M",42.75,$2.52,$12.90,$1.83,14.498,6.3493,4.1915
Food Products,CVGW,461 M,25.89,$0.85,$11.45,($0.47),-3.9634,1.1934,1.8768
Food Products,DOLE,"1,397 M",14.70,$1.81,$14.63,$1.56,11.31,3.3227,3.2494
Food Products,FLO,"4,662 M",22.135,$1.08,$6.68,$1.14,17.307,6.8017,2.4386
Food Products,FRPT,"7,522 M",154.985,($1.35),$21.04,$0.88,4.4992,1.4294,1.4995
Food Products,GIS,"36,529 M",65.80,$4.88,$16.69,$4.20,24.168,7.2506,3.425
Food Products,HAIN,751 M,8.3236,$0.66,$10.72,($0.94),-8.6729,2.6208,2.2153
Food Products,HRL,"17,992 M",32.81,$1.84,$14.58,$1.47,10.222,4.728,1.6785
Food Products,HSY,"35,584 M",175.85,$8.13,$20.78,$8.70,43.406,12.749,3.0016
Food Products,JBSS,"1,001 M",86.26,$4.69,$26.79,$4.64,18.162,9.7276,1.6711
Food Products,JJSF,"3,268 M",167.785,$5.13,$49.18,$4.45,9.2642,5.5748,1.4265
Food Products,K,"27,840 M",80.765,$2.71,$10.59,$2.99,26.036,6.0871,4.3186
Food Products,KHC,"37,370 M",30.905,$2.47,$39.97,$1.11,2.8,3.8442,1.8326
Food Products,KLG,"1,743 M",20.24,$2.14,$3.68,$0.78,26.563,10.621,6.0127
Food Products,LANC,"5,004 M",181.52,$6.16,$34.28,$5.79,17.476,11.502,1.2869
Food Products,LW,"11,147 M",78.17,($0.91),$12.88,$4.26,37.015,8.6437,4.0902
Food Products,LWAY,366 M,24.70,$0.93,$4.83,$0.86,20.633,13.781,1.2766
Food Products,MAMA,355 M,9.46,$0.17,$0.60,$0.13,26.869,10.647,1.9263
Food Products,MDLZ,"84,430 M",63.14,$2.75,$20.83,$2.82,13.552,5.3564,2.5918
Food Products,MKC,"20,854 M",77.71,$2.88,$20.20,$2.94,15.067,5.1636,2.4357
Food Products,NOMD,"2,761 M",17.17,$2.13,$18.54,$1.37,7.5109,4.1548,2.4195
Food Products,OTLY,397 M,.66530,($0.28),$0.38,($0.69),-99.637,-8.4367,4.0108
Food Products,POST,"6,911 M",118.23,$8.38,$70.04,$5.64,9.2271,4.1187,3.1424
Food Products,PPC,"12,036 M",50.76,$6.29,$17.73,$4.15,26.968,9.0883,2.545
Food Products,SEB,"2,504 M",2578.13,($191.73),"$4,683.57",($2.05),-.0205,-.3139,1.6566
Food Products,SENEA,495 M,71.845,($16.35),$86.87,$5.83,7.0027,3.6572,2.3758
Food Products,SJM,"12,432 M",116.82,$6.18,$71.73,$4.96,7.1457,5.3652,2.635
Food Products,SMPL,"3,918 M",39.095,$2.09,$17.25,$1.38,8.4465,6.3063,1.4102
Food Products,STKL,924 M,7.90,($0.10),$1.38,($0.07),-4.0018,3.0615,4.3369
Food Products,THS,"1,702 M",33.25,($0.73),$29.92,($0.48),-1.5638,2.4795,2.5566
Food Products,TR,"2,347 M",32.845,$1.45,$12.20,$1.31,11.198,6.3384,1.3173
Food Products,TSN,"22,418 M",62.995,$4.12,$51.66,$2.25,4.4711,3.0026,2.0174
Food Products,UTZ,"1,401 M",16.98,$0.32,$8.31,($0.17),-.3258,1.3031,3.8559
Food Products,VITL,"1,528 M",34.885,$1.44,$5.80,$1.12,22.932,12.535,1.3604
Food Products,WEST,660 M,7.01,($2.15),$1.17,($0.86),-19.303,-1.9274,9.7618
Tobacco,BTI,"83,172 M",37.725,$5.63,$29.81,($7.88),-21.503,5.1635,2.206
Tobacco,ISPR,312 M,5.50,($0.09),$0.54,($0.34),-61.631,-10.512,4.1985
Tobacco,MO,"96,859 M",57.15,$4.89,($2.04),$5.91,-303.62,21.103,-9.8521
Tobacco,PM,"203,792 M",131.07,$6.46,($6.23),$6.30,-133.63,13.116,-6.9004
Tobacco,RLX,"2,890 M",1.8400,$0.07,$1.82,$0.07,4.134,-.8948,1.0472
Tobacco,TPB,"1,143 M",64.57,$4.03,$10.48,$2.48,28.944,10.811,2.6283
Tobacco,UVV,"1,388 M",56.23,($4.18),$57.28,$4.86,9.4731,4.8922,2.1458
Household Products,CENT,"2,649 M",40.39,$5.35,$23.18,$1.62,7.2624,4.0135,2.2842
Household Products,CENTA,"2,257 M",34.41,$5.35,$23.18,$1.62,7.2624,4.0135,2.2842
Household Products,CHD,"26,526 M",108.27,$3.57,$17.12,$2.23,13.338,8.0865,2.0665
Household Products,CL,"77,641 M",95.03,$4.14,$0.53,$3.48,487.92,16.329,38.561
Household Products,CLX,"20,853 M",168.47,$3.89,$0.49,$2.88,208.45,12.546,17.534
Household Products,ENR,"2,743 M",38.14,$4.62,$1.89,$0.52,21.991,6.6566,31.976
Household Products,KMB,"45,164 M",135.43,$8.62,$3.85,$7.72,231,11.463,13.358
Household Products,ODC,494 M,67.75,$4.13,$28.86,$5.43,20.34,10.085,1.6839
Household Products,PG,"412,156 M",175.01,$7.00,$21.00,$6.02,28.766,10.601,2.4777
Household Products,REYN,"5,794 M",27.57,$2.01,$9.83,$1.75,18.6,7.4243,2.3453
Household Products,SPB,"2,669 M",95.13,$3.91,$76.46,$3.26,4.2618,2.5149,1.7947
Household Products,WDFC,"3,695 M",272.584428,$6.48,$17.01,$5.11,31.606,13.578,1.9479
Personal Care Products,BRBR,"10,071 M",78.20,$1.52,($1.60),$1.86,-93.124,33.127,-4.0651
Personal Care Products,COTY,"6,685 M",7.685,$0.25,$4.66,$0.09,4.4046,2.9687,3.094
Personal Care Products,EL,"28,948 M",80.64,$3.71,$14.16,$0.56,3.857,4.5716,4.193
Personal Care Products,ELF,"7,697 M",136.63,$1.14,$11.56,$2.21,17.36,8.1209,1.6999
Personal Care Products,EPC,"1,797 M",36.89,$3.51,$32.38,$1.97,6.3112,4.2527,2.3552
Personal Care Products,HLF,803 M,7.965,$1.80,($9.48),$0.85,-8.4171,9.8778,-2.7809
Personal Care Products,HLN,"43,791 M",9.685,$0.34,$2.43,$0.18,6.8221,4.4552,2.0118
Personal Care Products,HNST,844 M,8.355,$0.28,$1.32,($0.04),-3.2858,-1.2579,1.5628
Personal Care Products,IPAR,"4,439 M",138.5721,$2.52,$24.30,$4.67,19.867,11.203,1.9019
Personal Care Products,KVUE,"44,308 M",23.11,$0.73,$5.55,$0.55,9.8806,6.7566,2.5296
Personal Care Products,NATR,288 M,15.57,$0.68,$8.46,$0.88,11.422,6.9431,1.5673
Personal Care Products,NUS,376 M,7.555,$1.83,$14.22,($2.09),-13.499,5.5445,2.2393
Personal Care Products,OLPX,"1,432 M",2.1600,$0.21,$1.33,$0.06,4.9325,3.2043,1.9997
Personal Care Products,UL,"145,979 M",59.025,$3.22,$8.72,$2.82,32.369,8.6229,3.9311
Personal Care Products,USNA,722 M,37.90,$3.43,$27.97,$2.83,10.831,8.088,1.2593
Personal Care Products,YSG,488 M,4.95,($0.19),$5.25,($1.12),-19.446,-7.7266,1.2293
