﻿Watchlist Scanner

Results
Industry,Symbol,Market Cap,Last,Free Cash Flow Per Share - Current (LTM),Book Value Per Share - Current (LTM),Earnings Per Share - TTM - Current (LTM),Return on Equity (ROE) - Current (LTM),Return on Assets (ROA) - Current (LTM),Financial Leverage (Assets/Equity) - Current (LTM)
Consumer Staples Distribution & Retail,GRDN,"1,583 M",25.01,$0.56,$2.02,($1.55),-70.517,-12.951,2.7282
Consumer Staples Distribution & Retail,WBA,"7,773 M",8.99,($0.42),$12.09,($10.01),-75.969,.5902,7.7585
Consumer Staples Distribution & Retail,ANDE,"1,637 M",48.06,$5.25,$39.30,$3.49,13.124,3.751,2.5492
Consumer Staples Distribution & Retail,CHEF,"1,770 M",44.75,$1.54,$12.14,$1.11,10.393,4.4356,3.6924
Consumer Staples Distribution & Retail,PFGC,"13,768 M",88.37,$4.47,$27.24,$2.71,10.532,3.7798,3.4211
Consumer Staples Distribution & Retail,SPTN,649 M,19.2133,($0.44),$23.15,$1.33,5.8624,3.6215,3.1581
Consumer Staples Distribution & Retail,SYY,"37,834 M",77.02,$4.36,$4.49,$3.89,88.346,8.9237,11.726
Consumer Staples Distribution & Retail,UNFI,"1,501 M",25.055,($1.55),$27.58,($1.89),-6.4992,1.2314,4.5874
Consumer Staples Distribution & Retail,USFD,"16,341 M",70.15,$2.94,$19.57,$2.34,12.368,5.2061,2.9255
Consumer Staples Distribution & Retail,ACI,"11,358 M",19.605,$1.36,$5.21,$1.71,38.118,5.0531,8.7834
Consumer Staples Distribution & Retail,ANCTF,"55,479 M",58.52,$2.79,$14.73,$2.68,19.027,6.8978,2.6565
Consumer Staples Distribution & Retail,CART,"10,992 M",42.7895,$2.58,$11.18,$1.53,13.224,5.9752,1.367
Consumer Staples Distribution & Retail,CASY,"15,323 M",420.95,$10.55,$85.23,$13.73,17.273,7.3649,2.0539
Consumer Staples Distribution & Retail,DDL,879 M,4.05,$0.51,$0.41,$0.13,33.084,1.4425,10.939
Consumer Staples Distribution & Retail,GO,"2,070 M",21.315,($1.03),$12.43,$0.51,4.2204,1.941,2.5599
Consumer Staples Distribution & Retail,IMKTA,"1,395 M",73.44,$5.22,$81.80,$8.40,10.783,5.298,1.6384
Consumer Staples Distribution & Retail,KR,"44,002 M",60.82,$2.44,$17.29,$3.82,24.286,5.9606,4.1095
Consumer Staples Distribution & Retail,NGVC,"1,067 M",46.63,$1.54,$7.61,$1.47,19.667,4.4329,3.7616
Consumer Staples Distribution & Retail,SFM,"15,267 M",152.682,$3.52,$13.43,$3.46,28.558,8.5473,2.6688
Consumer Staples Distribution & Retail,VLGEA,477 M,32.32,$1.24,$30.31,$3.40,11.766,4.1153,2.1934
Consumer Staples Distribution & Retail,WMK,"1,963 M",72.97,$4.50,$52.89,$3.56,6.8884,3.7037,1.4554
Consumer Staples Distribution & Retail,WNGRF,"20,552 M",157.07,$19.07,$28.54,$3.30,13.877,5.6927,9.8722
Consumer Staples Distribution & Retail,ASAI,"1,732 M",6.405,$0.32,$0.68,$0.09,13.648,5.3205,8.7924
Consumer Staples Distribution & Retail,BJ,"12,919 M",97.44,$2.60,$13.34,$4.17,35.793,7.3092,4.0951
Consumer Staples Distribution & Retail,COST,"426,469 M",962.525,$14.93,$53.31,$16.56,30.267,8.3603,2.9562
Consumer Staples Distribution & Retail,DADA,370 M,1.425,($0.21),$2.60,($1.14),-36.227,-10.593,1.2961
Consumer Staples Distribution & Retail,DG,"16,610 M",75.53,$7.69,$33.01,$6.43,20.882,4.2515,4.3819
Consumer Staples Distribution & Retail,DLTR,"15,259 M",70.975,$2.14,$34.33,($4.90),-12.983,4.5664,3.0648
Consumer Staples Distribution & Retail,EXTO,625 M,3.85,$0.13,$1.19,$0.01,2.6723,2.7267,2.6662
Consumer Staples Distribution & Retail,PSMT,"2,773 M",90.355,$1.30,$37.60,$4.57,12.455,6.9232,1.8012
Consumer Staples Distribution & Retail,TGT,"59,491 M",129.54,$9.85,$31.55,$9.43,32.367,6.7063,4.0397
Consumer Staples Distribution & Retail,WMT,"739,921 M",92.05,$2.11,$10.96,$2.42,22.643,6.9363,2.9895
Beverages,ABEV,"33,737 M",2.145000,$0.24,$1.15,$0.16,15.071,8.6544,1.5008
Beverages,BUD,"107,158 M",54.34,$4.96,$39.82,$3.19,8.3942,4.3473,2.6838
Beverages,CCU,"2,080 M",11.26,$0.22,$4.26,$0.39,9.5221,2.8129,2.5894
Beverages,SAM,"3,620 M",315.16,$14.40,$89.17,$6.70,7.5249,6.6357,1.3627
Beverages,TAP,"12,701 M",61.65,$5.44,$64.63,$4.42,7.1666,4.0695,1.9959
Beverages,DEO,"66,186 M",119.14,$1.16,$4.52,$1.73,35.039,8.2976,4.5329
Beverages,MGPI,"1,008 M",45.91,$1.93,$41.66,$4.82,12.421,7.5746,1.5754
Beverages,NAPA,"1,616 M",10.98,($0.19),$8.65,$0.45,5.0586,3.955,1.4286
Beverages,STZ,"42,981 M",236.73,$8.97,$43.37,$3.16,7.1107,8.9852,2.9322
Beverages,CELH,"6,533 M",27.7974,$0.61,$1.80,$0.72,18.729,8.9681,4.0232
Beverages,COCO,"2,025 M",35.70,$1.27,$4.44,$1.00,26.693,15.146,1.4007
Beverages,COKE,"11,633 M",1327.88,$49.62,$146.68,$57.53,37.733,11.62,4.1033
Beverages,FIZZ,"4,626 M",49.415,$1.68,$3.33,$1.97,50.47,24.175,1.6774
Beverages,FMX,"31,241 M",87.31,$0.13,$4.19,$0.44,11.493,3.7572,2.8814
Beverages,KDP,"44,058 M",32.48,$0.78,$18.41,$1.66,9.0517,4.1849,2.1113
Beverages,KO,"279,619 M",64.91,$0.79,$6.15,$2.41,37.23,8.4384,4.0073
Beverages,KOF,"16,756 M",79.76,$4.68,$33.92,$5.26,16.257,7.8726,2.1947
Beverages,MNST,"53,566 M",55.08,$1.56,$5.94,$1.56,23.517,14.588,1.3935
Beverages,PEP,"224,704 M",163.78,$4.51,$14.17,$6.78,48.819,8.7165,5.167
Beverages,PRMB,"10,825 M",28.56,$110.60,($296.80),$137.79,135.18,5.0171,-17.385
Food Products,ADM,"25,874 M",54.07,$6.99,$45.97,$3.56,7.3566,2.8217,2.3755
Food Products,BG,"12,444 M",89.12,$7.64,$72.59,$7.96,10.922,4.9776,2.493
Food Products,CRESY,713 M,11.95,($0.10),$1.29,($0.15),-18.681,3.1693,4.9542
Food Products,DAR,"6,564 M",41.27,$2.93,$28.62,$1.62,5.9183,2.0377,2.323
Food Products,FDP,"1,634 M",34.09,$2.80,$41.54,$0.32,.7251,2.8975,1.5854
Food Products,INGR,"9,674 M",148.465,$17.63,$60.68,$10.26,18.664,7.9275,1.9051
Food Products,LMNR,505 M,28.00,($0.03),$10.20,$0.29,2.6982,-2.6228,1.6682
Food Products,LND,403 M,4.05,$0.17,$3.91,$0.41,13.022,4.6485,1.6985
Food Products,AGRO,"1,100 M",10.91,$0.77,$13.85,$1.52,11.559,.9428,2.3112
Food Products,AVO,921 M,12.993,$0.90,$7.44,$0.33,5.046,2.9078,1.8204
Food Products,BGS,529 M,6.685,$1.46,$9.54,($0.34),-3.291,3.7146,4.5259
Food Products,BRFS,"6,815 M",4.16,$0.82,$1.85,$0.36,21.966,5.9301,3.6594
Food Products,BYND,329 M,5.0499,($1.62),($9.39),($4.18),55.502,-14.079,-1.1324
Food Products,CAG,"13,127 M",27.505,$3.06,$18.22,$1.02,5.6054,5.3097,2.4435
Food Products,CALM,"4,780 M",97.47,$7.98,$36.71,$8.73,24.24,14.748,1.2562
Food Products,CHLSY,"26,839 M",11.60,"$1,977.69","$20,898.98","$3,275.64",15.761,6.9443,1.8323
Food Products,CPB,"13,857 M",46.56,$2.24,$12.73,$1.89,15.203,6.4073,4.0156
Food Products,CVGW,496 M,27.87,$0.85,$11.45,($0.47),-3.9634,1.1934,1.8768
Food Products,DOLE,"1,444 M",15.20,$1.81,$14.63,$1.56,11.31,3.3227,3.2494
Food Products,FLO,"4,818 M",22.88,$1.08,$6.68,$1.14,17.307,6.8017,2.4386
Food Products,FRPT,"7,453 M",153.56,($1.35),$21.04,$0.88,4.4992,1.4294,1.4995
Food Products,GIS,"37,035 M",66.71,$4.88,$16.69,$4.20,24.168,7.2506,3.425
Food Products,HAIN,794 M,8.80,$0.66,$10.72,($0.94),-8.6729,2.6208,2.2153
Food Products,HRL,"17,503 M",31.919,$1.65,$14.35,$1.43,10.005,5.1642,1.6669
Food Products,HSY,"35,439 M",175.135,$8.13,$20.78,$8.70,43.406,12.749,3.0016
Food Products,JBSS,985 M,84.895,$4.69,$27.80,$4.64,18.162,9.7276,1.5981
Food Products,JJSF,"3,350 M",172.155,$5.13,$49.18,$4.45,9.2642,5.5606,1.4265
Food Products,K,"27,969 M",81.14,$2.71,$10.59,$2.99,26.036,6.0871,4.3186
Food Products,KHC,"38,772 M",32.065,$2.47,$39.97,$1.11,2.8,3.8442,1.8326
Food Products,KLG,"1,854 M",21.53,$2.14,$3.68,$0.78,26.563,10.621,6.0127
Food Products,LANC,"5,161 M",187.21,$6.16,$34.28,$5.79,17.476,11.502,1.2869
Food Products,LW,"10,955 M",76.825,($0.91),$12.44,$4.26,37.015,8.6437,4.1207
Food Products,LWAY,365 M,24.61,$0.93,$4.83,$0.86,20.633,13.781,1.2766
Food Products,MAMA,352 M,9.355,$0.17,$0.60,$0.13,26.869,10.647,1.9263
Food Products,MDLZ,"87,158 M",65.18,$2.75,$20.83,$2.82,13.552,5.3564,2.5918
Food Products,MKC,"21,037 M",78.3911,$2.88,$20.20,$2.94,15.067,5.1636,2.4357
Food Products,NOMD,"2,959 M",18.40,$2.13,$18.54,$1.37,7.5109,4.1548,2.4195
Food Products,OTLY,420 M,.703200,($0.28),$0.38,($0.69),-99.637,-8.4367,4.0108
Food Products,POST,"7,022 M",120.135,$8.38,$70.04,$5.64,9.2271,4.1187,3.1424
Food Products,PPC,"11,946 M",50.38,$6.29,$17.73,$4.15,26.968,9.0883,2.545
Food Products,SEB,"2,548 M",2623.455,($191.73),"$4,683.57",($2.05),-.0205,-.3139,1.6566
Food Products,SENEA,498 M,72.2425,$5.88,$86.87,$5.83,7.0027,3.6572,2.4782
Food Products,SENEB,508 M,73.70,($16.35),$82.51,$5.83,7.0027,3.6572,2.3758
Food Products,SJM,"12,708 M",119.43,$5.94,$73.02,$7.09,10.091,5.3768,2.619
Food Products,SMPL,"4,018 M",40.09,$2.09,$17.25,$1.38,8.4465,6.3063,1.4102
Food Products,STKL,924 M,7.905,($0.10),$1.38,($0.07),-4.0018,3.0615,4.3369
Food Products,THS,"1,798 M",35.11,($0.73),$29.92,($0.48),-1.5638,2.4795,2.5566
Food Products,TR,"2,366 M",33.11,$1.45,$12.20,$1.31,11.198,6.3384,1.3173
Food Products,TSN,"22,886 M",64.31,$4.12,$51.66,$2.25,4.4711,3.0026,2.0174
Food Products,UTZ,"1,429 M",17.31,$0.32,$8.31,($0.17),-.3258,1.3031,3.8559
Food Products,VITL,"1,454 M",33.215,$1.44,$5.80,$1.12,22.932,12.535,1.3604
Food Products,WEST,754 M,8.00,($2.15),$1.17,($0.86),-19.303,-1.9274,9.7618
Tobacco,BTI,"84,071 M",38.125,$5.63,$29.81,($7.88),-21.503,5.1635,2.206
Tobacco,ISPR,357 M,6.30,($0.09),$0.54,($0.34),-61.631,-10.512,4.1985
Tobacco,MO,"98,244 M",57.9673,$4.89,($2.04),$5.91,-303.62,21.103,-9.8521
Tobacco,PM,"206,958 M",133.1062,$6.46,($6.23),$6.30,-133.63,13.116,-6.9004
Tobacco,RLX,"3,055 M",1.945,$0.07,$1.82,$0.07,4.134,-.8948,1.0472
Tobacco,TPB,"1,094 M",61.82,$4.03,$10.48,$2.48,28.944,10.811,2.6283
Tobacco,UVV,"1,404 M",56.84,($4.18),$57.28,$4.86,9.4731,4.8922,2.1458
Household Products,CENT,"2,725 M",40.60,$5.35,$23.18,$1.62,7.2624,3.3429,2.2842
Household Products,CENTA,"2,312 M",34.45,$5.35,$23.18,$1.62,7.2624,3.3429,2.2842
Household Products,CHD,"27,273 M",111.32,$3.57,$17.12,$2.23,13.338,8.0865,2.0665
Household Products,CL,"79,765 M",97.63,$4.14,$0.53,$3.48,487.92,16.329,38.561
Household Products,CLX,"20,705 M",167.27,$5.39,$0.49,$2.88,208.45,12.546,91.617
Household Products,ENR,"2,777 M",38.615,$4.62,$1.89,$0.52,21.991,6.6566,31.976
Household Products,KMB,"46,821 M",140.40,$8.62,$3.85,$7.72,231,11.463,13.358
Household Products,ODC,504 M,69.15,$4.13,$28.86,$5.43,20.34,10.085,1.6839
Household Products,PG,"423,554 M",179.85,$6.72,$21.68,$5.80,28.766,10.601,2.4777
Household Products,REYN,"5,854 M",27.855,$2.01,$9.83,$1.75,18.6,7.4243,2.3453
Household Products,SPB,"2,597 M",92.575,$3.91,$76.46,$3.26,4.2618,2.5286,1.7947
Household Products,WDFC,"3,763 M",277.66,$6.48,$17.01,$5.11,31.606,13.578,1.9479
Personal Care Products,BRBR,"10,021 M",77.81,$1.52,($1.60),$1.86,-93.124,33.127,-4.0651
Personal Care Products,COTY,"6,520 M",7.495,$0.25,$4.66,$0.18,4.4046,2.9687,3.094
Personal Care Products,EL,"27,232 M",75.86,$3.71,$14.82,$0.56,3.857,4.5716,4.0792
Personal Care Products,ELF,"7,245 M",128.6147,$0.41,$12.92,$1.86,17.36,8.1209,1.6999
Personal Care Products,EPC,"1,801 M",36.96,$3.51,$32.38,$1.97,6.3112,4.2527,2.3552
Personal Care Products,HLF,807 M,8.0094,$1.80,($9.48),$0.85,-8.4171,9.8778,-2.7809
Personal Care Products,HLN,"44,107 M",9.755,$0.34,$2.43,$0.18,6.8221,4.4552,2.0118
Personal Care Products,HNST,820 M,8.1191,$0.28,$1.32,($0.04),-3.2858,-1.2579,1.5628
Personal Care Products,IPAR,"4,440 M",138.605,$2.52,$24.30,$4.67,19.867,11.203,1.9019
Personal Care Products,KVUE,"46,637 M",24.325,$0.73,$5.55,$0.55,9.8806,6.7566,2.5296
Personal Care Products,NATR,306 M,16.54,$0.68,$8.46,$0.88,11.422,6.9431,1.5673
Personal Care Products,NUS,386 M,7.76,$1.83,$14.22,($2.09),-13.499,5.5445,2.2393
Personal Care Products,OLPX,"1,362 M",2.055,$0.21,$1.33,$0.06,4.9325,3.2043,1.9997
Personal Care Products,UL,"148,397 M",59.945,$3.22,$8.72,$2.82,32.369,8.6229,3.9311
Personal Care Products,USNA,735 M,38.58,$3.43,$27.97,$2.83,10.831,8.088,1.2593
Personal Care Products,YSG,471 M,4.78,($0.19),$5.25,($1.12),-19.446,-7.7266,1.2293
