﻿Watchlist Scanner

Results
Industry,Symbol,Market Cap,Last,Free Cash Flow Per Share - Current (LTM),Book Value Per Share - Current (LTM),Earnings Per Share - TTM - Current (LTM),Return on Equity (ROE) - Current (LTM),Return on Assets (ROA) - Current (LTM),Financial Leverage (Assets/Equity) - Current (LTM)
Consumer Staples Distribution & Retail,WBA,"7,795 M",9.015,($0.42),$12.09,($10.01),-75.969,.5902,7.7585
Consumer Staples Distribution & Retail,GRDN,"1,392 M",22.00,<empty>,<empty>,<empty>,45.536,7.4801,17.068
Consumer Staples Distribution & Retail,SPTN,627 M,18.565,($0.44),$23.15,$1.33,5.8624,3.6215,3.1581
Consumer Staples Distribution & Retail,CHEF,"1,668 M",42.165,$1.54,$12.14,$1.11,10.393,4.4356,3.6924
Consumer Staples Distribution & Retail,PFGC,"13,427 M",86.18,$4.97,$26.76,$2.71,10.532,3.7798,3.2453
Consumer Staples Distribution & Retail,USFD,"15,630 M",67.10,$2.94,$19.57,$2.34,12.368,5.2061,2.9255
Consumer Staples Distribution & Retail,UNFI,"1,252 M",20.89,($1.55),$27.58,($1.89),-6.4992,1.2314,4.5874
Consumer Staples Distribution & Retail,SYY,"38,021 M",77.40,$4.30,$3.78,$3.89,88.346,8.9237,13.396
Consumer Staples Distribution & Retail,ANDE,"1,612 M",47.30,$5.25,$39.30,$3.49,13.124,3.751,2.5492
Consumer Staples Distribution & Retail,DDL,854 M,3.93,$0.51,$0.41,$0.13,33.084,1.4425,10.939
Consumer Staples Distribution & Retail,TBBB,"3,688 M",32.87,$0.65,$1.73,($0.16),6.55,3.9066,5.5241
Consumer Staples Distribution & Retail,GO,"1,855 M",19.10,($1.03),$12.43,$0.51,4.2204,1.941,2.5599
Consumer Staples Distribution & Retail,IMKTA,"1,364 M",71.805,$5.22,$81.80,$8.40,10.783,5.298,1.6384
Consumer Staples Distribution & Retail,SFM,"14,608 M",146.09,$3.52,$13.43,$3.46,28.558,8.5473,2.6688
Consumer Staples Distribution & Retail,NGVC,779 M,34.18,$1.41,$7.36,$1.34,18.405,4.182,3.8998
Consumer Staples Distribution & Retail,CASY,"15,175 M",416.90,$10.55,$81.48,$13.73,17.273,7.3649,2.0539
Consumer Staples Distribution & Retail,KR,"43,254 M",59.785,$2.44,$17.29,$3.82,24.286,5.9606,4.1095
Consumer Staples Distribution & Retail,WMK,"1,977 M",73.50,$4.50,$52.89,$3.56,6.8884,3.7037,1.4554
Consumer Staples Distribution & Retail,ACI,"11,312 M",19.525,$1.09,$4.77,$1.71,38.118,5.0531,8.7834
Consumer Staples Distribution & Retail,CART,"12,430 M",48.345,$2.71,$11.53,($6.38),-53.673,-35.433,1.3251
Consumer Staples Distribution & Retail,VLGEA,491 M,33.265,$1.24,$30.31,$3.40,11.766,4.1153,2.1934
Consumer Staples Distribution & Retail,ASAI,"1,704 M",6.30,$0.32,$0.68,$0.09,13.648,5.3205,8.7924
Consumer Staples Distribution & Retail,PSMT,"2,739 M",89.26,$1.30,$37.60,$4.57,12.455,6.9232,1.8012
Consumer Staples Distribution & Retail,COST,"412,590 M",931.20,$14.93,$53.31,$16.56,30.267,8.3603,2.9562
Consumer Staples Distribution & Retail,DLTR,"13,353 M",62.11,$2.14,$34.33,($4.90),-12.983,4.5664,3.0648
Consumer Staples Distribution & Retail,WMT,"683,854 M",85.075,$1.49,$10.51,$1.92,18.532,6.9513,3.0139
Consumer Staples Distribution & Retail,TGT,"71,520 M",155.25,$11.40,$31.26,$9.68,33.968,7.2332,3.8807
Consumer Staples Distribution & Retail,DG,"16,460 M",74.845,$7.69,$33.01,$6.43,20.882,4.2515,4.3819
Consumer Staples Distribution & Retail,BJ,"11,766 M",88.74,$2.86,$12.46,$3.97,36.889,7.3309,4.1875
Consumer Staples Distribution & Retail,DADA,405 M,1.5588,($0.21),$2.61,($1.08),-34.638,-10.245,1.3448
Consumer Staples Distribution & Retail,EXTO,636 M,3.9201,$0.19,$1.22,$0.01,2.6252,2.6674,2.6881
Beverages,CCU,"1,983 M",10.735,$0.22,$4.26,$0.39,9.5221,3.3624,2.5894
Beverages,ABEV,"34,849 M",2.2157,$0.24,$1.15,$0.16,15.071,8.6544,1.5008
Beverages,SAM,"3,645 M",317.38,$14.40,$89.17,$6.70,7.5249,6.6357,1.3627
Beverages,BUD,"110,421 M",55.995,$4.96,$39.82,$3.19,8.3942,4.3473,2.6838
Beverages,TAP,"12,787 M",61.94,$5.44,$64.63,$4.42,7.1666,4.0695,1.9959
Beverages,NAPA,"1,617 M",10.985,($0.19),$8.65,$0.45,5.0586,3.955,1.4286
Beverages,MGPI,"1,120 M",51.04,$1.93,$41.66,$4.82,12.421,7.5746,1.5754
Beverages,STZ,"43,262 M",238.275,$8.24,$53.27,$3.16,7.1107,8.9852,2.6369
Beverages,DEO,"66,519 M",119.74,$1.16,$4.52,$1.73,35.039,8.2976,4.5329
Beverages,KOF,"16,901 M",80.45,$4.59,$33.92,$5.15,16.257,7.8726,2.1947
Beverages,MNST,"54,495 M",56.035,$1.56,$5.94,$1.56,23.517,14.588,1.3935
Beverages,FIZZ,"4,675 M",49.935,$1.68,$3.33,$1.97,50.47,24.175,1.6774
Beverages,PEP,"225,740 M",164.535,$4.51,$14.17,$6.78,48.819,8.7165,5.167
Beverages,KO,"272,597 M",63.28,$0.79,$6.15,$2.41,37.23,8.4384,4.0073
Beverages,COCO,"2,003 M",35.315,$1.27,$4.44,$1.00,26.693,15.146,1.4007
Beverages,CELH,"6,353 M",27.03,$0.61,$1.80,$0.72,18.729,8.9681,4.0232
Beverages,KDP,"45,292 M",33.39,$0.78,$18.41,$1.66,9.0517,4.1849,2.1113
Beverages,FMX,"33,388 M",93.31,$0.13,$4.19,$0.44,11.493,3.7572,2.8814
Beverages,PRMW,"3,883 M",24.21,$1.25,$9.25,$0.51,6.021,3.4668,2.4028
Beverages,COKE,"10,833 M",1236.505,$49.62,$146.68,$57.53,37.733,11.62,4.1033
Food Products,INGR,"9,741 M",149.50,$17.63,$60.68,$10.26,18.664,7.9192,1.9051
Food Products,FDP,"1,648 M",34.385,$2.80,$41.54,$0.32,.7251,2.8975,1.5854
Food Products,ADM,"24,706 M",51.67,$6.09,$46.33,$5.01,10.75,3.415,2.3794
Food Products,DAR,"6,810 M",42.815,$2.93,$28.62,$1.62,5.9183,2.0377,2.323
Food Products,BG,"12,265 M",87.84,$7.64,$72.59,$7.96,10.922,4.9776,2.493
Food Products,CRESY,609 M,10.21,($0.10),$1.30,$0.12,-18.681,2.9612,4.9542
Food Products,LMNR,492 M,27.28,($0.03),$10.20,$0.29,2.6982,-2.6228,1.6682
Food Products,LND,407 M,4.09,$0.17,$3.91,$0.41,13.022,4.443,1.6985
Food Products,UTZ,"1,433 M",17.365,$0.32,$8.31,($0.17),-.3258,1.3031,3.8559
Food Products,AVO,966 M,13.62,$0.90,$7.44,$0.33,5.046,2.9078,1.8204
Food Products,SMPL,"3,682 M",36.735,$2.09,$17.25,$1.38,8.4465,6.2174,1.4102
Food Products,POST,"6,377 M",109.14,$9.50,$67.52,$5.36,8.8635,4.3284,3.0743
Food Products,VITL,"1,250 M",28.535,$1.44,$5.80,$1.12,22.932,12.535,1.3604
Food Products,BRFS,"7,101 M",4.335,$0.50,$1.70,$0.20,16.506,4.5651,3.9223
Food Products,BGS,517 M,6.535,$1.46,$9.54,($0.34),-3.291,3.7146,4.5259
Food Products,JBSS,995 M,85.715,$4.69,$26.79,$4.64,18.162,9.7276,1.6711
Food Products,PPC,"12,624 M",53.24,$6.29,$17.73,$4.15,26.968,9.0883,2.545
Food Products,AGRO,"1,160 M",11.325,$2.38,$13.30,$2.03,16.206,3.749,2.3107
Food Products,KLG,"1,503 M",17.45,$2.14,$3.68,$0.78,26.563,10.621,6.0127
Food Products,HRL,"16,709 M",30.47,$1.65,$14.35,$1.43,10.005,5.1642,1.6669
Food Products,HSY,"36,734 M",181.535,$8.13,$20.78,$8.70,43.406,12.749,3.0016
Food Products,GIS,"35,816 M",64.515,$4.88,$16.69,$4.20,24.168,7.2506,3.425
Food Products,HAIN,607 M,6.725,$0.66,$10.72,($0.94),-8.6729,2.6208,2.2153
Food Products,MKC,"20,623 M",76.85,$2.88,$20.20,$2.94,15.067,5.1636,2.4357
Food Products,FLO,"4,558 M",21.645,$1.08,$6.68,$1.14,17.307,9.5382,2.4386
Food Products,MDLZ,"89,091 M",66.625,$2.75,$20.83,$2.82,13.552,5.3564,2.5918
Food Products,K,"27,950 M",81.085,$2.71,$10.59,$2.99,26.036,6.0871,4.3186
Food Products,FRPT,"7,537 M",155.275,($1.35),$21.04,$0.88,4.4992,1.4294,1.4995
Food Products,JJSF,"3,400 M",175.02,$5.60,$48.33,$4.50,9.5753,5.6375,1.4721
Food Products,KHC,"38,778 M",32.07,$2.47,$39.97,$1.11,2.8,3.8442,1.8326
Food Products,NOMD,"2,679 M",16.515,$2.02,$17.60,$1.35,7.8228,3.9154,2.4084
Food Products,BYND,329 M,5.045,($1.62),($9.39),($4.18),55.502,-14.079,-1.1324
Food Products,CALM,"4,543 M",92.65,$7.98,$38.80,$8.73,24.24,14.748,1.2562
Food Products,LANC,"5,269 M",191.16,$6.70,$33.63,$5.79,17.476,11.502,1.3037
Food Products,CAG,"13,266 M",27.795,$3.06,$18.22,$1.02,5.6054,5.3097,2.4435
Food Products,SJM,"11,914 M",111.97,$5.94,$73.02,$7.09,10.091,5.3768,2.619
Food Products,CPB,"13,172 M",44.26,$2.24,$12.73,$1.89,15.203,6.4073,4.0156
Food Products,STKL,892 M,7.625,($0.10),$1.38,($0.07),-4.0018,3.0615,4.3369
Food Products,OTLY,414 M,.693200,($0.28),$0.38,($0.69),-99.637,-7.0257,4.0108
Food Products,WEST,672 M,7.1305,($2.15),$1.17,($0.86),-19.303,-1.9274,9.7618
Food Products,THS,"1,655 M",31.885,($0.04),$29.92,($0.23),-.7427,2.1921,2.5192
Food Products,MAMA,314 M,8.355,$0.17,$0.60,$0.13,26.869,10.647,1.9263
Food Products,LW,"11,520 M",80.79,($1.35),$12.88,$4.26,37.015,8.6437,4.0902
Food Products,CVGW,500 M,28.095,$0.85,$11.45,($0.47),-3.9634,1.1934,1.8768
Food Products,TSN,"22,238 M",62.495,$2.94,$50.80,($0.06),.0808,1.834,2.0874
Food Products,DOLE,"1,593 M",16.775,$1.51,$14.44,$1.97,14.338,3.3236,3.2378
Food Products,TR,"2,294 M",32.105,$1.45,$12.20,$1.31,11.198,5.9671,1.3173
Food Products,SENEA,457 M,66.27,($16.35),$82.51,$5.83,7.0027,3.6572,2.3758
Food Products,HLNFF,291 M,9.77,$3.50,$13.44,$1.87,15.261,6.5418,2.0265
Food Products,BKFKY,"3,526 M",14.865,($0.10),$27.24,$2.40,5.3001,3.0704,1.6194
Food Products,SEB,"2,604 M",2681.955,($191.73),"$4,683.57",($2.05),-.0205,-.3139,1.6566
Food Products,LWAY,354 M,23.9529,$0.91,$4.60,$0.90,22.618,15.707,1.2492
Tobacco,RLX,"2,501 M",1.5925,$0.06,$1.75,$0.07,4.1679,-.9843,1.0438
Tobacco,PM,"193,250 M",124.29,$6.46,($6.23),$6.30,-133.63,13.116,-6.9004
Tobacco,TPB,977 M,55.18,$4.03,$10.48,$2.48,28.944,10.811,2.6283
Tobacco,MO,"92,342 M",54.485,$4.89,($2.04),$5.91,-303.62,21.103,-9.8521
Tobacco,BTI,"77,724 M",35.23,$5.63,$29.81,($7.88),-21.503,5.1635,2.206
Tobacco,ISPR,343 M,6.06,($0.39),$0.61,($0.27),-44.801,-8.1524,3.5593
Tobacco,UVV,"1,309 M",53.02,($5.66),$58.49,$4.86,9.4731,4.8922,2.0437
Household Products,CENTA,"2,169 M",32.17,$5.71,$23.64,$2.71,9.6245,4.4618,2.2639
Household Products,ENR,"2,429 M",33.83,$3.73,$1.72,$0.14,7.0272,6.7012,34.371
Household Products,PG,"391,326 M",166.165,$6.72,$21.68,$5.80,28.766,10.601,2.4777
Household Products,CENT,"2,527 M",37.48,$5.71,$23.64,$2.71,9.6245,4.4618,2.2639
Household Products,CHD,"26,504 M",108.18,$3.57,$17.12,$2.23,13.338,8.0865,2.0665
Household Products,WDFC,"3,919 M",289.43,$6.48,$17.01,$5.11,31.606,13.578,1.9479
Household Products,KMB,"44,177 M",132.47,$8.62,$3.85,$7.72,231,11.463,13.358
Household Products,CL,"74,904 M",91.68,$4.14,$0.53,$3.48,487.92,16.329,38.561
Household Products,CLX,"20,383 M",164.67,$5.39,$2.64,$2.88,208.45,12.546,17.534
Household Products,SPB,"2,654 M",94.69,($14.83),$74.45,$4.33,6.0236,1.5368,1.8015
Household Products,REYN,"5,805 M",27.625,$2.01,$9.83,$1.75,18.6,7.4243,2.3453
Household Products,ODC,490 M,67.26,$4.13,$28.86,$5.43,20.34,10.085,1.6839
Personal Care Products,OLPX,"1,110 M",1.6750,$0.21,$1.33,$0.06,4.9325,3.2043,1.9997
Personal Care Products,COTY,"6,485 M",7.455,$0.25,$4.66,$0.09,4.4046,2.9687,3.094
Personal Care Products,YSG,392 M,3.905,($0.19),$5.18,($1.15),-20.176,-8.4393,1.2217
Personal Care Products,NATR,302 M,16.2912,$0.68,$8.46,$0.88,11.422,6.9431,1.5673
Personal Care Products,UL,"142,443 M",57.54,$3.22,$8.72,$2.82,32.369,8.6229,3.9311
Personal Care Products,ELF,"7,392 M",131.22,$1.14,$11.56,$1.86,17.36,8.1209,1.7574
Personal Care Products,NUS,360 M,7.235,$1.83,$14.22,($2.09),-13.499,5.5445,2.2393
Personal Care Products,HLN,"41,982 M",9.285,$0.34,$2.43,$0.18,6.8221,4.4552,2.0118
Personal Care Products,EL,"22,598 M",62.95,$3.71,$14.16,$0.56,3.857,4.5716,4.193
Personal Care Products,HLF,829 M,8.225,$1.80,($9.48),$0.85,-8.4171,9.8778,-2.7809
Personal Care Products,USNA,772 M,40.50,$3.43,$27.97,$2.83,10.831,8.088,1.2593
Personal Care Products,BRBR,"9,252 M",71.586054,$1.86,($1.88),$1.66,-72.676,31.027,-3.3063
Personal Care Products,IPAR,"4,052 M",126.51,$2.52,$24.30,$4.67,19.867,11.203,1.9019
Personal Care Products,EPC,"1,744 M",35.36,$3.51,$32.20,$1.97,6.3112,4.3079,2.3552
Personal Care Products,HNST,483 M,4.83,$0.19,$1.29,($0.13),-9.7882,-3.7455,1.5434
Personal Care Products,KVUE,"45,401 M",23.68,$0.73,$5.56,$0.55,9.8806,6.4997,2.5296
