﻿Watchlist Scanner

Results
Industry,Symbol,Market Cap,Last,Free Cash Flow Per Share - Current (LTM),Book Value Per Share - Current (LTM),Earnings Per Share - TTM - Current (LTM),Return on Equity (ROE) - Current (LTM),Return on Assets (ROA) - Current (LTM),Financial Leverage (Assets/Equity) - Current (LTM)
Energy Equipment & Services,PTEN,"3,274 M",8.395,$1.41,$9.14,($2.11),-20.235,2.8046,1.6742
Energy Equipment & Services,VAL,"3,575 M",50.275,($6.61),$29.62,$14.61,64.246,4.5949,2.049
Energy Equipment & Services,BORR,"1,001 M",3.985,($1.01),$3.93,$0.33,8.8338,6.9098,3.3832
Energy Equipment & Services,NBR,759 M,79.54,$13.11,$20.04,($18.41),-3.9183,3.4023,23.796
Energy Equipment & Services,SDRL,"2,536 M",38.85,$2.95,$44.57,$6.25,15.51,5.0545,1.4047
Energy Equipment & Services,HP,"3,565 M",36.10,$2.30,$28.93,$3.44,12.446,5.9396,1.5699
Energy Equipment & Services,PDS,890 M,63.28,$13.12,$87.09,$12.35,15.969,5.4002,1.7432
Energy Equipment & Services,OIS,342 M,5.425,$0.02,$10.85,($0.33),-2.9582,1.2715,1.4517
Energy Equipment & Services,XPRO,"1,629 M",13.865,($0.28),$12.63,$0.14,1.193,2.7319,1.58
Energy Equipment & Services,CLB,981 M,20.90,$0.94,$5.34,$0.54,11.163,5.8886,2.3948
Energy Equipment & Services,LBRT,"2,933 M",17.95,$2.17,$12.05,$2.08,18.975,9.7186,1.6622
Energy Equipment & Services,NOA,540 M,20.12,($0.47),$10.80,$1.41,15.562,8.2413,4.3227
Energy Equipment & Services,NGS,304 M,24.40,($5.02),$19.78,$1.06,5.5405,4.1753,1.9912
Energy Equipment & Services,AESI,"2,355 M",21.369,($1.35),$9.52,$0.74,8.337,6.4538,1.8864
Energy Equipment & Services,TTI,502 M,3.81,($0.03),$1.19,$0.05,4.8207,5.8717,3.1988
Energy Equipment & Services,USAC,"2,688 M",22.97,$0.14,($0.92),$0.56,60.351,6.6532,-26.14
Energy Equipment & Services,VTOL,"1,079 M",37.695,($2.62),$31.41,$1.92,6.4935,3.7237,2.3225
Energy Equipment & Services,ACDC,"1,165 M",7.275,$0.68,$6.88,($1.33),-15.637,1.5492,2.8466
Energy Equipment & Services,OII,"2,847 M",28.175,$1.19,$6.91,$1.32,21.294,5.7786,3.3762
Energy Equipment & Services,BKR,"43,242 M",43.70,$1.80,$16.37,$2.23,14.292,5.4316,2.3182
Energy Equipment & Services,KGS,"3,168 M",36.18,($0.82),$14.93,$0.26,1.8581,4.7231,3.6037
Energy Equipment & Services,NOV,"6,410 M",16.475,$1.98,$16.61,$2.70,17.694,4.2769,1.767
Energy Equipment & Services,RES,"1,293 M",6.015,$0.66,$5.06,$0.55,11.491,6.257,1.2408
Energy Equipment & Services,PUMP,830 M,8.065,$1.13,$8.06,($1.29),-14.826,2.5983,1.537
Energy Equipment & Services,HAL,"26,570 M",30.245,$2.71,$11.73,$2.86,26.293,10.176,2.4603
Energy Equipment & Services,WHD,"4,461 M",66.9258,$4.61,$15.05,$2.84,21.363,13.034,1.6767
Energy Equipment & Services,TDW,"2,860 M",54.67,$3.78,$21.34,$3.40,16.779,8.4526,1.8336
Energy Equipment & Services,TS,"20,306 M",36.625,$2.19,$15.51,$2.31,15.987,8.2199,1.2291
Energy Equipment & Services,HLX,"1,622 M",10.665,$1.24,$10.33,$0.05,.4632,3.015,1.6944
Energy Equipment & Services,EFXT,928 M,7.48,$2.03,$8.25,($0.82),-9.3927,3.0342,2.8729
Energy Equipment & Services,SLB,"62,636 M",44.355,$3.25,$15.23,$3.11,21.723,8.1129,2.3139
Energy Equipment & Services,NR,643 M,7.43,$0.46,$3.66,$0.39,9.0594,4.8645,1.2312
Energy Equipment & Services,AROC,"4,243 M",24.135,$0.64,$5.72,$0.89,15.865,7.0633,3.0304
Energy Equipment & Services,INVX,"1,076 M",16.15,$3.29,$22.20,$5.63,20.949,5.7607,1.2526
Energy Equipment & Services,WTTR,"1,432 M",13.895,$0.99,$7.75,$0.59,7.2533,3.1311,1.6907
Energy Equipment & Services,RNGR,339 M,15.24,$2.27,$12.03,$0.63,5.3639,3.9907,1.3972
Energy Equipment & Services,SEI,560 M,18.385,$0.09,$7.28,$0.43,5.4268,3.1698,4.2378
Energy Equipment & Services,CHX,"6,011 M",31.555,$2.19,$9.52,$1.62,18.28,9.5331,1.8617
Energy Equipment & Services,PSYTF,846 M,10.63,$0.52,$4.47,$1.05,25.249,11.662,1.2198
Energy Equipment & Services,NESR,829 M,8.69,$1.41,$8.92,$0.48,1.5494,2.782,2.1017
Energy Equipment & Services,MTTRF,771 M,11.65,$0.26,$8.09,$0.35,4.4959,4.2578,1.8685
"Oil, Gas & Consumable Fuels",EQNR,"61,773 M",22.52,$3.08,$16.07,$3.27,20.269,13.693,3.0465
"Oil, Gas & Consumable Fuels",EC,"15,326 M",7.455,$0.09,$0.43,$0.10,20.503,7.895,3.8828
"Oil, Gas & Consumable Fuels",IMO,"38,077 M",72.7499,$4.93,$33.40,$6.75,20.781,9.0649,1.7991
"Oil, Gas & Consumable Fuels",YPF,"11,689 M",29.72,$0.06,$26.46,($1.96),-10.527,4.4521,2.6433
"Oil, Gas & Consumable Fuels",CVE,"28,687 M",15.705,$2.15,$11.75,$1.46,12.798,5.7626,1.8809
"Oil, Gas & Consumable Fuels",SHEL,"201,132 M",65.485,$5.31,$30.15,$2.42,8.3737,4.7453,2.1045
"Oil, Gas & Consumable Fuels",BP,"73,987 M",28.195,$0.82,$3.97,$0.16,3.9195,3.0064,4.1605
"Oil, Gas & Consumable Fuels",XOM,"529,873 M",120.56,$7.81,$61.11,$8.03,14.514,7.0834,1.7198
"Oil, Gas & Consumable Fuels",CVX,"277,833 M",155.83,$10.24,$86.92,$9.06,10.352,5.3743,1.6596
"Oil, Gas & Consumable Fuels",SU,"48,268 M",38.005,$4.88,$25.49,$4.26,17.679,7.0045,2.0311
"Oil, Gas & Consumable Fuels",PBR,"88,578 M",13.745,$2.02,$5.61,$1.20,21.758,10.923,2.7381
"Oil, Gas & Consumable Fuels",OXY,"47,128 M",50.395,$4.52,$26.24,$3.87,14.427,4.5441,3.2069
"Oil, Gas & Consumable Fuels",E,"45,790 M",29.305,$1.76,$17.98,$0.85,4.8392,3.6074,2.7306
"Oil, Gas & Consumable Fuels",TTE,"134,520 M",59.2212,$7.81,$50.89,$7.09,14.385,5.3128,2.4471
"Oil, Gas & Consumable Fuels",GRNT,867 M,6.63,($0.16),$5.05,$0.36,7.3117,7.9958,1.5681
"Oil, Gas & Consumable Fuels",HPK,"1,793 M",14.16,$1.18,$12.68,$1.26,11.833,7.6549,1.9066
"Oil, Gas & Consumable Fuels",SD,438 M,11.77,($1.78),$12.03,$1.27,10.302,3.9958,1.2652
"Oil, Gas & Consumable Fuels",TXO,778 M,19.01,($5.83),$15.19,($5.47),-27.675,-13.726,1.6354
"Oil, Gas & Consumable Fuels",AMPY,268 M,6.73,$0.11,$10.42,$1.55,16.814,8.426,1.7827
"Oil, Gas & Consumable Fuels",WDS,"29,212 M",15.385,$0.18,$18.47,$0.97,5.3176,2.8953,1.5866
"Oil, Gas & Consumable Fuels",SOC,"2,270 M",23.25,($2.35),$1.88,($8.96),-645.69,-8.9376,10.167
"Oil, Gas & Consumable Fuels",STR,"1,937 M",24.45,$3.69,$18.68,($0.06),-.45,2.8996,3.1684
"Oil, Gas & Consumable Fuels",KRP,"1,328 M",16.4047,($3.20),$6.57,$0.52,6.8035,6.0694,2.2831
"Oil, Gas & Consumable Fuels",MRO,"15,873 M",28.3746,$3.57,$20.46,$2.32,11.738,5.9607,1.6985
"Oil, Gas & Consumable Fuels",REPX,716 M,33.32,$6.28,$23.55,$5.64,25.886,11.736,1.9666
"Oil, Gas & Consumable Fuels",VET,"1,466 M",9.45,$2.42,$13.70,($3.84),-24.708,-5.6312,2.1136
"Oil, Gas & Consumable Fuels",MUR,"4,752 M",32.58,$6.11,$36.00,$3.11,10.342,4.7702,1.8508
"Oil, Gas & Consumable Fuels",APA,"8,113 M",21.93,$2.44,$13.82,$6.58,61.86,7.8331,3.7888
"Oil, Gas & Consumable Fuels",NOG,"4,059 M",40.665,$1.13,$23.30,$8.29,45.009,15.949,2.1851
"Oil, Gas & Consumable Fuels",COP,"127,671 M",110.93,$7.88,$43.34,$8.44,20.376,10.03,1.9386
"Oil, Gas & Consumable Fuels",CRK,"4,105 M",14.045,($2.09),$7.85,($0.22),-2.371,-1.1828,2.7504
"Oil, Gas & Consumable Fuels",VTLE,"1,166 M",30.56,($28.49),$84.10,$13.16,19.354,9.3799,2.0456
"Oil, Gas & Consumable Fuels",CNQ,"71,160 M",33.675,$3.36,$13.96,$2.61,19.099,8.2095,1.8819
"Oil, Gas & Consumable Fuels",CHRD,"7,901 M",129.24,$19.44,$142.76,$18.95,13.7,8.1509,1.4851
"Oil, Gas & Consumable Fuels",TPL,"32,165 M",1400.02,$14.54,$45.79,$19.49,44.5,29.434,1.1173
"Oil, Gas & Consumable Fuels",VNOM,"5,475 M",53.17,($4.47),$13.61,$2.32,15.877,9.8003,3.0022
"Oil, Gas & Consumable Fuels",REI,301 M,1.5200,$0.22,$4.30,$0.57,14.224,8.293,1.6443
"Oil, Gas & Consumable Fuels",KOS,"1,843 M",3.905,($0.63),$2.54,$0.45,19.859,6.2544,4.5709
"Oil, Gas & Consumable Fuels",GPRK,420 M,8.20,$3.16,$3.79,$1.97,61.082,17.427,5.2926
"Oil, Gas & Consumable Fuels",AR,"9,738 M",31.295,$0.24,$22.44,$0.15,1.3092,.7589,1.8945
"Oil, Gas & Consumable Fuels",VTS,799 M,27.03,$0.73,$15.93,$1.45,8.6854,6.5304,1.5205
"Oil, Gas & Consumable Fuels",GPOR,"2,894 M",163.22,$8.73,$115.36,$11.88,12.488,7.1401,1.5456
"Oil, Gas & Consumable Fuels",EXE,"22,102 M",95.665,$1.92,$75.41,$1.88,2.4833,.8276,1.3145
"Oil, Gas & Consumable Fuels",PR,"10,699 M",15.22,$0.39,$12.80,$1.65,17.239,10.255,1.8466
"Oil, Gas & Consumable Fuels",EOG,"74,873 M",133.12,$10.41,$52.37,$12.40,24.908,12.552,1.5605
"Oil, Gas & Consumable Fuels",FANG,"52,803 M",180.84,($30.79),$127.86,$17.29,12.265,6.1743,1.7566
"Oil, Gas & Consumable Fuels",CTRA,"18,625 M",25.285,$1.51,$17.71,$1.65,9.5978,5.0929,1.5441
"Oil, Gas & Consumable Fuels",VIST,"4,528 M",47.56,($0.52),$15.97,$5.18,39.341,14.603,2.2901
"Oil, Gas & Consumable Fuels",DVN,"25,310 M",38.53,($1.05),$21.70,$5.41,26.279,10.674,2.1197
"Oil, Gas & Consumable Fuels",DMLP,"1,563 M",33.01,$3.49,$8.39,$2.78,39.658,23.879,1.0154
"Oil, Gas & Consumable Fuels",WTI,301 M,2.0450,($0.04),($0.21),($0.44),8434.1,-1.4212,-35.775
"Oil, Gas & Consumable Fuels",RRC,"8,220 M",34.065,$1.33,$16.03,$1.98,13.164,6.679,1.8721
"Oil, Gas & Consumable Fuels",SM,"4,987 M",43.588,$4.34,$35.50,$7.15,22.211,9.7353,1.9765
"Oil, Gas & Consumable Fuels",CIVI,"4,931 M",51.09,$5.34,$68.68,$10.05,15.612,7.7824,2.2506
"Oil, Gas & Consumable Fuels",HES,"43,395 M",140.84,$3.26,$35.24,$8.57,28.85,11.515,2.4243
"Oil, Gas & Consumable Fuels",EGY,564 M,5.435,$0.73,$4.76,$0.81,18.185,12.167,1.8583
"Oil, Gas & Consumable Fuels",TALO,"2,152 M",11.945,$0.68,$15.13,($0.12),-.6792,.9531,2.3335
"Oil, Gas & Consumable Fuels",EQT,"26,090 M",43.725,$1.08,$34.10,$0.67,1.8232,1.047,1.9644
"Oil, Gas & Consumable Fuels",MTDR,"7,173 M",57.49,$2.82,$39.02,$7.55,22.501,9.967,2.1811
"Oil, Gas & Consumable Fuels",VRN,"3,173 M",5.155,$0.87,$8.06,$0.53,7.1094,4.5829,1.7135
"Oil, Gas & Consumable Fuels",BTE,"2,279 M",2.8950,$0.52,$3.74,($0.32),-8.0525,-.416,1.9134
"Oil, Gas & Consumable Fuels",BSM,"3,175 M",15.07,$1.54,$4.12,$1.64,31.826,19.065,1.3975
"Oil, Gas & Consumable Fuels",PBT,578 M,12.3999,<empty>,$0.00,$0.67,15819,370.09,34.741
"Oil, Gas & Consumable Fuels",CRGY,"2,262 M",13.9349,($0.27),$17.61,$0.53,4.4679,3.8017,3.2345
"Oil, Gas & Consumable Fuels",BRY,334 M,4.34,$1.87,$8.75,$1.07,-4.3757,.3577,2.2779
"Oil, Gas & Consumable Fuels",OVV,"10,997 M",42.245,$6.44,$40.92,$7.54,20.201,8.6835,1.8638
"Oil, Gas & Consumable Fuels",MGY,"5,191 M",27.175,$2.83,$9.96,$2.02,22.19,12.035,1.4732
"Oil, Gas & Consumable Fuels",CRC,"5,421 M",59.11,$4.09,$39.13,$6.96,19.132,4.1403,2.036
"Oil, Gas & Consumable Fuels",CNX,"5,759 M",38.58,$1.08,$28.52,$3.15,13.833,6.2938,2.0058
"Oil, Gas & Consumable Fuels",BKV,"1,740 M",20.68,<empty>,<empty>,<empty>,-3.6349,-.7016,1.8743
"Oil, Gas & Consumable Fuels",OBE,406 M,5.455,($0.76),$16.73,$1.05,6.9911,5.1922,1.4094
"Oil, Gas & Consumable Fuels",CDDRF,"1,140 M",4.795,$0.38,$2.13,$0.57,29.027,16.756,1.3713
"Oil, Gas & Consumable Fuels",DEC,657 M,12.805,$3.34,$11.44,$3.00,26.055,3.5189,7.1212
"Oil, Gas & Consumable Fuels",GFR,495 M,7.12,$0.99,$7.19,($1.81),-20.877,3.8375,1.831
"Oil, Gas & Consumable Fuels",MNR,"1,683 M",16.29,($5.57),$11.71,($0.21),28.655,12.574,2.0079
"Oil, Gas & Consumable Fuels",SBR,915 M,62.75,<empty>,$0.53,$6.12,1225.9,661.32,1.0969
"Oil, Gas & Consumable Fuels",TBN,271 M,19.08,($0.04),$0.09,($0.01),-10.187,-4.763,1.3651
"Oil, Gas & Consumable Fuels",PNRG,314 M,179.0105,$1.57,$105.73,$18.54,28.64,12.024,1.7969
"Oil, Gas & Consumable Fuels",PARR,940 M,16.80,($0.34),$22.40,$5.32,26.809,4.0419,3.0727
"Oil, Gas & Consumable Fuels",GEVO,405 M,1.6900,($0.42),$2.11,($0.33),-14.775,-9.0821,1.1963
"Oil, Gas & Consumable Fuels",CLMT,"1,775 M",20.67,($1.64),($7.83),($2.82),73.47,2.1304,-3.9276
"Oil, Gas & Consumable Fuels",DK,"1,167 M",18.46,($2.38),$11.05,($6.09),-34.018,-1.4858,9.999
"Oil, Gas & Consumable Fuels",CLNE,660 M,2.9550,($0.05),$3.24,($0.33),-10.154,-1.6238,1.717
"Oil, Gas & Consumable Fuels",MPC,"49,928 M",155.35,$15.06,$58.26,$12.73,21.053,5.1545,4.2166
"Oil, Gas & Consumable Fuels",DINO,"7,921 M",42.10,$5.53,$51.04,$1.70,3.5726,1.5643,1.7585
"Oil, Gas & Consumable Fuels",CVI,"1,845 M",18.355,$0.41,$6.71,$0.69,10.159,2.44,5.7452
"Oil, Gas & Consumable Fuels",SUN,"7,015 M",51.58,$1.73,$30.73,$4.57,23.396,3.2807,3.3785
"Oil, Gas & Consumable Fuels",PSX,"53,098 M",128.57,$6.88,$69.55,$7.83,11.121,2.8701,2.614
"Oil, Gas & Consumable Fuels",VLO,"43,473 M",137.32,$18.34,$79.77,$11.21,13.797,5.1089,2.3911
"Oil, Gas & Consumable Fuels",WKC,"1,639 M",28.215,$1.24,$35.19,$2.24,6.6666,1.8524,3.4165
"Oil, Gas & Consumable Fuels",REX,836 M,47.61,$3.27,$30.72,$3.92,14.65,7.5004,1.2601
"Oil, Gas & Consumable Fuels",PBF,"3,477 M",30.205,$2.56,$51.09,($2.50),-4.5957,-1.3033,2.2325
"Oil, Gas & Consumable Fuels",GPRE,717 M,11.09,$0.17,$14.32,($0.33),-1.5202,-.59,1.9016
"Oil, Gas & Consumable Fuels",CSAN,"3,672 M",7.875,$0.46,$1.90,$0.25,10.657,4.1554,7.2457
"Oil, Gas & Consumable Fuels",KNTK,"3,363 M",56.2781,$6.64,($20.20),$2.62,16.785,1.846,-5.6842
"Oil, Gas & Consumable Fuels",ET,"58,498 M",17.085,$1.90,$9.16,$1.36,15.253,4.889,3.969
"Oil, Gas & Consumable Fuels",NEXT,"1,855 M",7.125,($10.56),$2.58,($1.55),-49.356,-2.4767,7.6501
"Oil, Gas & Consumable Fuels",TRP,"50,426 M",48.58,$0.42,$19.92,$3.63,15.615,3.3248,4.8393
"Oil, Gas & Consumable Fuels",GLP,"1,639 M",48.6039,($16.87),$21.41,$3.25,18.576,4.9167,5.0671
"Oil, Gas & Consumable Fuels",CQP,"24,003 M",49.5872,$5.89,$3.31,$4.62,-349.34,12.582,10.852
"Oil, Gas & Consumable Fuels",DKL,"1,963 M",38.14,$3.23,($2.45),$2.83,-140.59,7.6626,-17.034
"Oil, Gas & Consumable Fuels",MPLX,"46,753 M",45.89,$4.50,$13.17,$4.24,31.564,7.3981,2.855
"Oil, Gas & Consumable Fuels",TNK,"1,512 M",44.01,$12.74,$50.79,$12.18,26.669,13.248,1.0982
"Oil, Gas & Consumable Fuels",HESM,"3,627 M",34.85,$8.18,$5.10,$2.37,144.22,13.981,7.8096
"Oil, Gas & Consumable Fuels",STNG,"2,670 M",52.85,$17.42,$60.04,$13.96,27.29,10.928,1.3551
"Oil, Gas & Consumable Fuels",FRO,"4,122 M",18.515,($7.54),$10.90,$2.67,25.18,7.457,2.659
"Oil, Gas & Consumable Fuels",WMB,"69,264 M",56.82,$2.46,$10.17,$2.36,20.583,4.3978,4.3442
"Oil, Gas & Consumable Fuels",LPG,"1,139 M",26.60,$8.83,$25.42,$5.82,23.855,9.1656,1.7103
"Oil, Gas & Consumable Fuels",TRGP,"42,463 M",194.726,$1.45,$11.79,$5.53,33.885,7.8106,8.51
"Oil, Gas & Consumable Fuels",WES,"13,713 M",36.035,$3.32,$8.48,$3.91,49.44,7.7707,4.0241
"Oil, Gas & Consumable Fuels",DTM,"9,668 M",99.51,$3.97,$43.41,$4.11,9.677,3.5532,2.0358
"Oil, Gas & Consumable Fuels",INSW,"2,055 M",41.78,$7.08,$38.11,$10.33,29.11,11.908,1.3805
"Oil, Gas & Consumable Fuels",CAPL,772 M,20.29,$2.18,($1.55),$0.52,239.97,4.1013,-19.141
"Oil, Gas & Consumable Fuels",ENB,"91,931 M",42.2099,$2.29,$20.02,$2.17,9.5896,3.1342,3.4895
"Oil, Gas & Consumable Fuels",EE,690 M,27.94,$6.76,$20.34,$0.94,6.8917,4.2177,5.7039
"Oil, Gas & Consumable Fuels",NFE,"2,383 M",9.48,($11.84),$7.61,$0.91,14.809,4.5641,7.3131
"Oil, Gas & Consumable Fuels",KMI,"60,573 M",27.265,$0.92,$13.69,$1.13,8.3503,3.8481,2.3311
"Oil, Gas & Consumable Fuels",OKE,"63,004 M",107.85,$4.66,$28.91,$4.78,16.875,6.0033,3.023
"Oil, Gas & Consumable Fuels",EPD,"66,075 M",30.445,$1.67,$12.90,$2.66,20.581,6.0062,2.6282
"Oil, Gas & Consumable Fuels",GEL,"1,319 M",10.77,($2.33),$3.10,($0.73),1.7202,2.2018,18.591
"Oil, Gas & Consumable Fuels",PAA,"11,910 M",16.925,$2.81,$14.58,$1.13,10.28,3.4341,2.6532
"Oil, Gas & Consumable Fuels",DHT,"1,646 M",10.195,$0.62,$6.43,$0.98,15.001,8.0175,1.4336
"Oil, Gas & Consumable Fuels",NGL,562 M,4.24,($2.04),($0.77),($2.18),-14.472,3.5687,-47.625
"Oil, Gas & Consumable Fuels",AM,"7,415 M",15.405,$1.17,$4.43,$0.81,18.227,6.9183,2.7125
"Oil, Gas & Consumable Fuels",SMC,376 M,35.35,$4.07,$67.58,$6.54,10.836,2.2644,2.825
"Oil, Gas & Consumable Fuels",TK,677 M,7.72,$5.78,$9.17,$1.51,23.549,11.214,2.7767
"Oil, Gas & Consumable Fuels",PBA,"24,080 M",41.48,$2.81,$18.91,$2.42,12.249,4.5213,2.3877
"Oil, Gas & Consumable Fuels",ASC,504 M,11.985,$2.09,$14.92,$3.55,25.134,13.005,1.1528
"Oil, Gas & Consumable Fuels",UGP,"3,883 M",3.56,$0.47,$2.34,$0.46,21.499,7.8608,2.6842
"Oil, Gas & Consumable Fuels",FLNG,"1,340 M",24.85,$3.40,$15.29,$2.21,14.12,4.8357,3.2072
"Oil, Gas & Consumable Fuels",LNG,"48,145 M",214.585,$13.44,$22.64,$15.70,58.331,10.095,8.4428
"Oil, Gas & Consumable Fuels",CMBT,"2,476 M",12.75,($0.78),$5.67,$5.97,74.142,15.05,3.289
"Oil, Gas & Consumable Fuels",TGS,"3,625 M",24.08,$0.09,$2.67,$0.21,12.017,8.4832,1.5301
"Oil, Gas & Consumable Fuels",PAGP,"3,540 M",17.945,$10.87,$7.40,$0.84,9.0272,3.2713,19.396
"Oil, Gas & Consumable Fuels",ENLC,"6,964 M",15.235,$1.40,$2.03,$0.22,10.813,4.8837,8.8805
"Oil, Gas & Consumable Fuels",NAT,625 M,2.9950,$0.17,$2.52,$0.29,11.44,6.5501,1.6389
"Oil, Gas & Consumable Fuels",ECO,736 M,22.86,$4.23,$12.79,$3.63,28.592,9.499,2.662
"Oil, Gas & Consumable Fuels",BWLP,"1,687 M",12.63,$4.94,$11.29,$3.64,33.126,14.722,1.5042
"Oil, Gas & Consumable Fuels",CLCO,577 M,10.75,($1.08),$14.07,$2.30,15.465,5.5925,2.67
"Oil, Gas & Consumable Fuels",HAFN,"2,640 M",5.155,$1.88,$4.79,$1.56,34.782,13.161,1.61
"Oil, Gas & Consumable Fuels",ARLP,"3,279 M",25.605,$2.27,$14.86,$3.46,24.607,10.441,1.5931
"Oil, Gas & Consumable Fuels",NRP,"1,400 M",107.30,$19.52,$38.95,$12.60,38.56,14.254,1.5539
"Oil, Gas & Consumable Fuels",CEIX,"3,723 M",126.665,$12.86,$52.03,$13.65,29.077,10.607,1.8464
"Oil, Gas & Consumable Fuels",LEU,"1,475 M",89.93,($0.43),$4.66,$4.70,289.31,7.87,7.7356
"Oil, Gas & Consumable Fuels",UROY,324 M,2.6650,($0.70),$1.66,$0.06,3.8267,1.8948,1.0106
"Oil, Gas & Consumable Fuels",NXE,"4,291 M",7.595,($0.23),$1.59,$0.20,15.834,-4.1044,1.3859
"Oil, Gas & Consumable Fuels",UEC,"3,158 M",7.675,($0.28),$1.90,($0.07),-4.1449,-4.3321,1.1436
"Oil, Gas & Consumable Fuels",CCJ,"23,609 M",54.25,$0.90,$10.40,$0.43,1.8905,2.1496,1.4956
"Oil, Gas & Consumable Fuels",BTU,"3,273 M",26.94,$2.71,$29.98,$3.80,15.771,6.3098,1.6121
"Oil, Gas & Consumable Fuels",HNRG,437 M,10.27,($0.50),$7.42,($0.17),-2.1269,1.1382,1.8824
"Oil, Gas & Consumable Fuels",UUUU,"1,316 M",6.695,($0.31),$2.26,($0.21),-9.1979,-4.4512,1.0742
"Oil, Gas & Consumable Fuels",DNN,"1,910 M",2.1397,($0.04),$0.48,($0.03),-4.9075,-5.5194,1.1487
"Oil, Gas & Consumable Fuels",EU,678 M,3.6699,($0.12),$1.90,($0.14),-6.9191,-6.477,1.2125
"Oil, Gas & Consumable Fuels",URG,424 M,1.1650,($0.13),$0.42,($0.13),-34.138,-18.03,1.3169
