﻿Watchlist Scanner

Results
Industry,Symbol,Market Cap,Last,Free Cash Flow Per Share - Current (LTM),Book Value Per Share - Current (LTM),Earnings Per Share - TTM - Current (LTM),Return on Equity (ROE) - Current (LTM),Return on Assets (ROA) - Current (LTM),Financial Leverage (Assets/Equity) - Current (LTM)
Energy Equipment & Services,BORR,928 M,3.73,($1.01),$3.93,$0.33,8.8338,6.9098,3.3832
Energy Equipment & Services,ACDC,"1,466 M",9.155,$0.68,$6.88,($1.33),-15.637,1.5492,2.8466
Energy Equipment & Services,AESI,"2,625 M",23.815,($1.35),$9.52,$0.74,8.337,6.4538,1.8864
Energy Equipment & Services,AROC,"4,397 M",25.10,$0.50,$7.37,$0.91,13.521,6.3467,2.9566
Energy Equipment & Services,BKR,"43,128 M",43.585,$1.80,$16.37,$2.23,14.292,5.4316,2.3182
Energy Equipment & Services,CHX,"5,897 M",30.955,$2.19,$9.52,$1.62,18.28,9.5331,1.8617
Energy Equipment & Services,CLB,963 M,20.51,$0.94,$5.34,$0.54,11.163,5.8886,2.3948
"Oil, Gas & Consumable Fuels",BP,"76,399 M",29.225,$0.82,$3.97,$0.16,3.9195,3.0064,4.1605
"Oil, Gas & Consumable Fuels",CVE,"28,587 M",15.65,$2.15,$11.75,$1.46,12.798,5.7626,1.8809
"Oil, Gas & Consumable Fuels",CVX,"291,312 M",163.39,$10.24,$86.92,$9.06,10.352,5.3743,1.6596
"Oil, Gas & Consumable Fuels",AMPY,266 M,6.69,$0.11,$10.42,$1.55,16.814,8.426,1.7827
"Oil, Gas & Consumable Fuels",APA,"8,366 M",22.615,$2.44,$13.82,$6.58,61.86,7.8331,3.7888
"Oil, Gas & Consumable Fuels",AR,"10,099 M",32.455,$0.24,$22.44,$0.15,1.3092,.7589,1.8945
"Oil, Gas & Consumable Fuels",BKV,"1,813 M",21.49,$0.06,$19.11,($0.72),-3.3075,-1.0612,1.4179
"Oil, Gas & Consumable Fuels",BRY,304 M,3.945,$1.91,$9.52,$1.06,11.603,6.2397,2.072
"Oil, Gas & Consumable Fuels",BSM,"3,203 M",15.20,$1.54,$4.12,$1.64,31.826,19.065,1.3975
"Oil, Gas & Consumable Fuels",BTE,"2,228 M",2.83,$0.52,$3.74,($0.32),-8.0525,-.416,1.9134
"Oil, Gas & Consumable Fuels",CEIEF,283 M,.5346,($0.10),$0.24,($0.01),-4.6099,-3.9835,1.0727
"Oil, Gas & Consumable Fuels",CHRD,"7,800 M",127.59,$19.44,$142.76,$18.95,13.7,7.9112,1.4851
"Oil, Gas & Consumable Fuels",CIVI,"4,991 M",51.71,$5.34,$68.68,$10.05,15.612,7.7824,2.2506
"Oil, Gas & Consumable Fuels",CNQ,"70,853 M",33.53,$3.36,$13.96,$2.61,19.099,8.2095,1.8819
"Oil, Gas & Consumable Fuels",CNX,"6,050 M",40.53,$1.08,$28.52,$3.15,13.833,6.2938,2.0058
"Oil, Gas & Consumable Fuels",COP,"140,099 M",108.305,$7.88,$43.34,$8.44,20.376,10.03,1.9386
"Oil, Gas & Consumable Fuels",CRC,"5,394 M",58.82,$4.09,$39.13,$6.96,19.132,4.1403,2.036
"Oil, Gas & Consumable Fuels",CRGY,"2,407 M",14.825,($0.27),$17.61,$0.53,4.4679,3.8017,3.2345
"Oil, Gas & Consumable Fuels",CRK,"4,521 M",15.47,($2.09),$7.85,($0.22),-2.371,-1.1828,2.7504
"Oil, Gas & Consumable Fuels",CTRA,"19,701 M",26.745,$1.51,$17.71,$1.65,9.5978,5.0929,1.5441
"Oil, Gas & Consumable Fuels",DEC,831 M,16.335,$3.34,$11.44,$3.00,26.055,3.5189,7.1212
"Oil, Gas & Consumable Fuels",DELKY,"2,454 M",13.20,$52.29,$145.24,$17.76,13.159,4.1894,4.6792
"Oil, Gas & Consumable Fuels",DMLP,"1,602 M",33.845,$3.49,$8.39,$2.78,39.658,23.879,1.0154
"Oil, Gas & Consumable Fuels",CLMT,"1,935 M",22.52,($1.64),($7.83),($2.82),73.47,1.4784,-3.9276
"Oil, Gas & Consumable Fuels",CLNE,699 M,3.13,($0.05),$3.24,($0.33),-10.154,-1.6238,1.717
"Oil, Gas & Consumable Fuels",CSAN,"3,462 M",7.435,$0.43,$1.96,$0.22,8.9001,3.9692,7.2692
"Oil, Gas & Consumable Fuels",CVI,"1,971 M",19.61,$0.41,$6.71,$0.69,10.159,2.44,5.7452
"Oil, Gas & Consumable Fuels",DINO,"7,835 M",41.64,$5.53,$51.04,$1.70,3.5726,1.5643,1.7585
"Oil, Gas & Consumable Fuels",DK,"1,272 M",19.715,($2.38),$11.05,($6.09),-34.018,-1.6267,9.999
"Oil, Gas & Consumable Fuels",AM,"7,600 M",15.79,$1.17,$4.43,$0.81,18.227,6.9183,2.7125
"Oil, Gas & Consumable Fuels",ASC,487 M,11.584,$2.09,$14.92,$3.55,25.134,13.005,1.1528
"Oil, Gas & Consumable Fuels",BWLP,"1,708 M",12.34,$4.94,$11.29,$3.64,33.126,14.722,1.5042
"Oil, Gas & Consumable Fuels",CAPL,772 M,20.29,$2.18,($1.55),$0.52,239.97,4.1013,-19.141
"Oil, Gas & Consumable Fuels",CLCO,433 M,8.06,$1.45,$13.82,$1.73,11.588,5.4269,2.7933
"Oil, Gas & Consumable Fuels",CMBT,"2,150 M",11.07,($0.78),$5.67,$5.97,74.142,6.614,3.289
"Oil, Gas & Consumable Fuels",CQP,"27,424 M",56.655,$5.89,$3.31,$4.62,-349.34,12.582,10.852
"Oil, Gas & Consumable Fuels",DHT,"1,565 M",9.6901,$1.17,$6.38,$1.00,15.717,8.1669,1.4306
"Oil, Gas & Consumable Fuels",DKL,"2,093 M",40.66,$3.23,($2.45),$2.83,-140.59,7.6626,-17.034
"Oil, Gas & Consumable Fuels",ARLP,"3,659 M",28.57,$2.27,$14.86,$3.52,24.607,10.409,1.5931
"Oil, Gas & Consumable Fuels",BTU,"2,985 M",24.57,$2.71,$29.98,$3.80,15.771,6.3098,1.6121
"Oil, Gas & Consumable Fuels",CCJ,"25,245 M",58.0085,$0.66,$10.55,$0.19,1.8905,2.1355,1.4956
"Oil, Gas & Consumable Fuels",CEIX,"3,906 M",132.89,$12.86,$52.03,$13.65,29.077,10.607,1.8464
"Oil, Gas & Consumable Fuels",DNN,"2,084 M",2.335,($0.04),$0.48,($0.03),-4.9075,-5.5194,1.1487
