﻿Watchlist Scanner

Results
Industry,Symbol,Market Cap,Last,Free Cash Flow Per Share - Current (LTM),Book Value Per Share - Current (LTM),Earnings Per Share - TTM - Current (LTM),Return on Equity (ROE) - Current (LTM),Return on Assets (ROA) - Current (LTM),Financial Leverage (Assets/Equity) - Current (LTM)
Energy Equipment & Services,BORR,827 M,3.325,($1.01),$3.93,$0.33,8.8338,6.9098,3.3832
Energy Equipment & Services,HP,"3,271 M",33.125,$1.92,$29.54,$3.43,12.099,5.6316,1.982
Energy Equipment & Services,NBR,632 M,66.19,$13.11,$20.04,($18.41),-3.9183,3.4023,23.796
Energy Equipment & Services,PDS,828 M,58.89,$13.12,$87.09,$12.35,15.969,5.4002,1.7432
Energy Equipment & Services,PTEN,"2,948 M",7.56,$1.41,$9.14,($2.11),-20.235,2.8046,1.6742
Energy Equipment & Services,SDRL,"2,498 M",38.64,$0.76,$43.48,$5.72,13.869,4.0374,1.4253
Energy Equipment & Services,VAL,"3,002 M",42.21,($6.61),$29.62,$14.61,64.246,4.5949,2.049
Energy Equipment & Services,ACDC,"1,201 M",7.50,$0.68,$6.88,($1.33),-15.637,1.5492,2.8466
Energy Equipment & Services,AESI,"2,485 M",22.545,($1.35),$9.52,$0.74,8.337,6.4538,1.8864
Energy Equipment & Services,AROC,"4,482 M",25.59,$0.50,$7.37,$0.91,13.521,6.3467,2.9566
Energy Equipment & Services,BKR,"41,278 M",41.715,$1.80,$16.37,$2.23,14.292,5.4316,2.3182
Energy Equipment & Services,CESDF,"1,528 M",6.7456,$0.60,$2.40,$0.62,28.422,11.581,1.9751
Energy Equipment & Services,CHX,"5,561 M",29.19,$2.19,$9.52,$1.62,18.28,9.5331,1.8617
Energy Equipment & Services,CLB,908 M,19.33,$0.94,$5.34,$0.54,11.163,5.8886,2.3948
Energy Equipment & Services,EFXT,"1,149 M",9.26,$2.45,$8.52,($0.63),-7.0079,3.6011,2.7692
Energy Equipment & Services,ESOA,274 M,16.5333,$1.28,$3.14,$1.45,59.745,8.904,2.8605
Energy Equipment & Services,HAL,"25,635 M",29.18,$2.71,$11.73,$2.86,26.293,10.176,2.4603
Energy Equipment & Services,HLX,"1,526 M",10.0299,$1.24,$10.33,$0.05,.4632,3.015,1.6944
Energy Equipment & Services,INVX,"1,004 M",14.93,$4.01,$13.47,$6.87,20.949,5.6242,1.2526
Energy Equipment & Services,KGS,"3,569 M",40.96,($0.82),$14.93,$0.26,1.8581,4.7231,3.6037
Energy Equipment & Services,LBRT,"2,852 M",17.4547,$2.17,$12.05,$2.08,18.975,9.7186,1.6622
Energy Equipment & Services,NESR,849 M,8.89,$1.41,$8.92,$0.48,1.5494,2.782,2.1017
Energy Equipment & Services,NGS,322 M,25.845,($2.69),$20.21,$1.28,6.6222,4.6243,1.9829
Energy Equipment & Services,NOA,569 M,21.21,($0.47),$10.80,$1.41,15.562,8.2413,4.3227
Energy Equipment & Services,NOV,"5,862 M",15.065,$1.98,$16.61,$2.70,17.694,4.2769,1.767
Energy Equipment & Services,NR,673 M,7.78,$0.46,$3.66,$0.39,9.0594,4.6997,1.2312
Energy Equipment & Services,OII,"2,779 M",27.50,$1.19,$6.91,$1.32,21.294,5.7786,3.3762
Energy Equipment & Services,OIS,329 M,5.21,$0.02,$10.85,($0.33),-2.9582,1.2715,1.4517
Energy Equipment & Services,PUMP,825 M,8.015,$1.13,$8.06,($1.29),-14.826,2.5983,1.537
Energy Equipment & Services,RES,"1,296 M",6.03,$0.66,$5.06,$0.55,11.491,6.257,1.2408
Energy Equipment & Services,RNGR,351 M,15.80,$2.27,$12.03,$0.63,5.3639,3.9907,1.3972
Energy Equipment & Services,SEI,810 M,26.595,$0.09,$7.28,$0.43,5.4268,3.1698,4.2378
Energy Equipment & Services,SLB,"58,494 M",41.4217,$3.25,$15.23,$3.11,21.723,8.1129,2.3139
Energy Equipment & Services,TDW,"2,483 M",47.45,$3.78,$21.34,$3.40,16.779,8.4526,1.8336
Energy Equipment & Services,TOTZF,329 M,8.58,$1.81,$10.81,$0.78,7.7485,5.552,1.7181
Energy Equipment & Services,TS,"20,783 M",37.975,$2.19,$15.51,$2.31,15.987,8.2199,1.2291
Energy Equipment & Services,TTI,489 M,3.71,($0.03),$1.19,$0.05,4.8207,5.8717,3.1988
Energy Equipment & Services,USAC,"2,689 M",22.9751,$0.14,($0.92),$0.56,60.351,6.6532,-26.14
Energy Equipment & Services,VTOL,992 M,34.635,($2.62),$31.41,$1.92,6.4935,3.7237,2.3225
Energy Equipment & Services,WHD,"4,268 M",64.03,$4.61,$15.05,$2.84,21.363,13.034,1.6767
Energy Equipment & Services,WTTR,"1,456 M",14.125,$0.99,$7.75,$0.59,7.2533,3.1311,1.6907
Energy Equipment & Services,XPRO,"1,428 M",12.155,($0.28),$12.63,$0.14,1.193,2.7319,1.58
"Oil, Gas & Consumable Fuels",BP,"75,036 M",28.765,$0.82,$3.97,$0.16,3.9195,3.0064,4.1605
"Oil, Gas & Consumable Fuels",CVE,"27,454 M",15.0299,$2.15,$11.75,$1.46,12.798,5.7626,1.8809
"Oil, Gas & Consumable Fuels",CVX,"278,074 M",155.9652,$10.24,$86.92,$9.06,10.352,5.3743,1.6596
"Oil, Gas & Consumable Fuels",E,"43,884 M",28.18,$1.76,$17.98,$0.85,4.8392,3.6074,2.7306
"Oil, Gas & Consumable Fuels",EC,"16,118 M",7.84,$0.14,$0.45,$0.09,18.822,7.4386,3.7396
"Oil, Gas & Consumable Fuels",EQNR,"63,701 M",23.285,$3.08,$16.07,$3.27,20.269,13.693,3.0465
"Oil, Gas & Consumable Fuels",IMO,"37,203 M",71.08,$4.93,$33.40,$6.75,20.781,9.0649,1.7991
"Oil, Gas & Consumable Fuels",OXY,"44,564 M",47.492502,$4.80,$28.13,$3.65,13.118,4.5938,3.2517
"Oil, Gas & Consumable Fuels",PBR,"89,093 M",13.825,$2.02,$5.61,$1.20,21.758,11.268,2.7381
"Oil, Gas & Consumable Fuels",SHEL,"193,061 M",63.225,$5.31,$30.15,$2.42,8.3737,4.7453,2.1045
"Oil, Gas & Consumable Fuels",SU,"48,273 M",38.40,$5.03,$26.43,$4.61,18.464,6.9227,2.0111
"Oil, Gas & Consumable Fuels",TTE,"128,449 M",56.925,$7.81,$50.89,$7.09,14.385,5.3128,2.4471
"Oil, Gas & Consumable Fuels",XOM,"501,261 M",114.05,$7.81,$61.11,$8.03,14.514,7.0834,1.7198
"Oil, Gas & Consumable Fuels",YPF,"15,070 M",38.315,$0.53,$30.42,$2.00,10.394,6.2231,2.4115
"Oil, Gas & Consumable Fuels",AMPY,252 M,6.34,$0.11,$10.42,$1.55,16.814,8.426,1.7827
"Oil, Gas & Consumable Fuels",APA,"7,887 M",21.32,$2.44,$13.82,$6.58,61.86,7.8331,3.7888
"Oil, Gas & Consumable Fuels",AR,"9,643 M",30.99,$0.24,$22.44,$0.15,1.3092,.7589,1.8945
"Oil, Gas & Consumable Fuels",BKV,"1,857 M",22.00,$0.06,$19.11,($0.72),-3.3075,-1.0612,1.4179
"Oil, Gas & Consumable Fuels",BRY,301 M,3.915,$1.91,$9.52,$1.06,11.603,6.2397,2.072
"Oil, Gas & Consumable Fuels",BSM,"3,129 M",14.85,$1.54,$4.12,$1.64,31.826,19.065,1.3975
"Oil, Gas & Consumable Fuels",BTE,"2,031 M",2.580,$0.52,$3.74,($0.32),-8.0525,-.416,1.9134
"Oil, Gas & Consumable Fuels",CHRD,"7,162 M",117.16,$19.44,$142.76,$18.95,13.7,7.9112,1.4851
"Oil, Gas & Consumable Fuels",CIVI,"4,513 M",46.755,$5.34,$68.68,$10.05,15.612,7.7824,2.2506
"Oil, Gas & Consumable Fuels",CNQ,"68,487 M",32.41,$3.36,$13.96,$2.61,19.099,8.2095,1.8819
"Oil, Gas & Consumable Fuels",CNX,"5,471 M",36.65,$1.08,$28.52,$3.15,13.833,6.2938,2.0058
"Oil, Gas & Consumable Fuels",COP,"133,573 M",103.26,$7.88,$43.34,$8.44,20.376,10.03,1.9386
"Oil, Gas & Consumable Fuels",CRC,"4,916 M",53.61,$4.09,$39.13,$6.96,19.132,4.1403,2.036
"Oil, Gas & Consumable Fuels",CRGY,"2,287 M",14.085,($0.27),$17.61,$0.53,4.4679,3.8017,3.2345
"Oil, Gas & Consumable Fuels",CRK,"4,251 M",14.545,($2.09),$7.85,($0.22),-2.371,-1.1828,2.7504
"Oil, Gas & Consumable Fuels",CTRA,"18,345 M",24.91,$1.51,$17.71,$1.65,9.5978,5.0929,1.5441
"Oil, Gas & Consumable Fuels",DEC,786 M,15.46,$3.34,$11.44,$3.00,26.055,3.5189,7.1212
"Oil, Gas & Consumable Fuels",DMLP,"1,623 M",34.28,$3.49,$8.39,$2.78,39.658,23.879,1.0154
"Oil, Gas & Consumable Fuels",DVN,"22,978 M",34.98,($1.05),$21.70,$5.41,26.279,10.674,2.1197
"Oil, Gas & Consumable Fuels",EGY,494 M,4.765,$0.38,$4.83,$0.86,19.216,12.817,1.8719
"Oil, Gas & Consumable Fuels",EOG,"71,701 M",127.48,$10.41,$52.37,$12.40,24.908,12.552,1.5605
"Oil, Gas & Consumable Fuels",EQT,"25,941 M",43.475,$1.08,$34.10,$0.67,1.8232,1.047,1.9644
"Oil, Gas & Consumable Fuels",EXE,"22,327 M",96.615,$1.92,$75.41,$1.89,2.4833,.8276,1.3145
"Oil, Gas & Consumable Fuels",FANG,"48,555 M",166.29,($30.79),$127.86,$17.29,12.265,6.2036,1.7566
"Oil, Gas & Consumable Fuels",GFR,475 M,6.84,$0.17,$7.90,$0.40,5.2969,6.6822,1.5676
"Oil, Gas & Consumable Fuels",GPOR,"3,134 M",176.795,$8.73,$115.36,$11.88,12.488,7.7436,1.5456
"Oil, Gas & Consumable Fuels",GPRK,559 M,10.911271,$3.16,$3.79,$1.97,61.082,17.427,5.2926
"Oil, Gas & Consumable Fuels",GRNT,804 M,6.15,($0.16),$5.05,$0.36,7.3117,7.9958,1.5681
"Oil, Gas & Consumable Fuels",HES,"43,546 M",141.33,$3.26,$35.24,$8.57,28.85,11.515,2.4243
"Oil, Gas & Consumable Fuels",HPK,"1,809 M",14.29,$1.18,$12.68,$1.26,11.833,7.6549,1.9066
"Oil, Gas & Consumable Fuels",KOS,"1,637 M",3.47,($0.63),$2.54,$0.45,19.859,6.2544,4.5709
"Oil, Gas & Consumable Fuels",KRP,"1,277 M",15.77,$3.19,$6.57,$0.52,6.8035,6.103,2.2831
"Oil, Gas & Consumable Fuels",MGY,"4,926 M",25.785,$2.83,$9.96,$2.02,22.19,12.035,1.4732
"Oil, Gas & Consumable Fuels",MNR,"1,536 M",14.8457,($5.09),$11.85,($0.35),24.327,12.361,1.8994
"Oil, Gas & Consumable Fuels",MTDR,"6,902 M",55.32,$2.82,$39.02,$7.55,22.501,9.967,2.1811
"Oil, Gas & Consumable Fuels",MUR,"4,411 M",30.245,$6.11,$36.00,$3.11,10.342,4.7702,1.8508
"Oil, Gas & Consumable Fuels",NOG,"3,982 M",39.89,$1.13,$23.30,$8.29,45.009,15.949,2.1851
"Oil, Gas & Consumable Fuels",OBE,394 M,5.29,($0.76),$16.73,$1.05,6.9911,5.1922,1.4094
"Oil, Gas & Consumable Fuels",OVV,"10,720 M",41.18,$6.44,$40.92,$7.54,20.201,8.9445,1.8638
"Oil, Gas & Consumable Fuels",PBT,598 M,12.825,<empty>,$0.00,$0.78,21015,728.34,21.102
"Oil, Gas & Consumable Fuels",PNRG,328 M,191.00,($8.28),$118.03,$23.14,32.798,14.679,1.6954
"Oil, Gas & Consumable Fuels",PR,"10,319 M",14.68,$0.39,$12.80,$1.65,17.239,10.255,1.8466
"Oil, Gas & Consumable Fuels",PRMRF,"3,143 M",21.44,$0.18,$18.16,$1.79,10.196,5.7293,1.2597
"Oil, Gas & Consumable Fuels",REI,275 M,1.3882,$0.22,$4.30,$0.57,14.224,8.293,1.6443
"Oil, Gas & Consumable Fuels",REPX,679 M,31.61,$6.28,$23.55,$5.64,25.886,11.736,1.9666
"Oil, Gas & Consumable Fuels",RRC,"8,206 M",34.005,$1.33,$16.03,$1.98,13.164,6.679,1.8721
"Oil, Gas & Consumable Fuels",SD,407 M,10.93,($1.78),$12.03,$1.27,10.302,3.9958,1.2652
"Oil, Gas & Consumable Fuels",SM,"4,610 M",40.29,$4.34,$35.50,$7.15,22.211,9.7353,1.9765
"Oil, Gas & Consumable Fuels",SOC,"1,769 M",19.85,($2.37),$2.13,($11.55),-817.19,-10.513,8.7949
"Oil, Gas & Consumable Fuels",STR,"1,728 M",21.81,$3.69,$18.68,($0.06),-.45,2.8996,3.1684
"Oil, Gas & Consumable Fuels",TALO,"1,792 M",9.955,$1.90,$15.66,$0.45,3.0335,1.2992,2.2711
"Oil, Gas & Consumable Fuels",TPL,"30,512 M",1328.045,$14.54,$45.79,$19.49,44.5,29.434,1.1173
"Oil, Gas & Consumable Fuels",TXO,691 M,16.89,($5.83),$15.19,($5.47),-27.675,-13.726,1.6354
"Oil, Gas & Consumable Fuels",VET,"1,487 M",9.585,$2.42,$13.70,($3.84),-24.708,-5.6312,2.1136
"Oil, Gas & Consumable Fuels",VIST,"5,172 M",54.325,($0.52),$15.97,$5.18,39.341,14.603,2.2901
"Oil, Gas & Consumable Fuels",VNOM,"5,204 M",50.535,($4.47),$13.61,$2.32,15.877,9.8003,3.0022
"Oil, Gas & Consumable Fuels",VRN,"3,075 M",4.995,$0.87,$8.06,$0.53,7.1094,4.5829,1.7135
"Oil, Gas & Consumable Fuels",VTLE,"1,123 M",29.445,($28.49),$84.10,$13.16,19.354,9.3799,2.0456
"Oil, Gas & Consumable Fuels",VTS,799 M,27.05,$0.73,$15.93,$1.45,8.6854,5.9756,1.5205
"Oil, Gas & Consumable Fuels",WDS,"28,643 M",15.085,$0.18,$18.47,$0.97,5.3176,2.8953,1.5866
"Oil, Gas & Consumable Fuels",WTI,258 M,1.7528,($0.04),($0.21),($0.44),8434.1,-1.4212,-35.775
"Oil, Gas & Consumable Fuels",CLMT,"1,857 M",21.62,($1.64),($7.83),($2.82),73.47,1.4784,-3.9276
"Oil, Gas & Consumable Fuels",CLNE,612 M,2.7395,($0.05),$3.24,($0.33),-10.154,-1.6238,1.717
"Oil, Gas & Consumable Fuels",CSAN,"2,845 M",6.11,$0.43,$1.96,$0.22,8.9001,3.9692,7.2692
"Oil, Gas & Consumable Fuels",CVI,"1,851 M",18.415,$0.41,$6.71,$0.69,10.159,2.44,5.7452
"Oil, Gas & Consumable Fuels",DINO,"7,260 M",38.585,$5.53,$51.04,$1.70,3.5726,1.5643,1.7585
"Oil, Gas & Consumable Fuels",DK,"1,169 M",18.12,($2.38),$11.05,($6.09),-34.018,-1.6267,9.999
"Oil, Gas & Consumable Fuels",GEVO,359 M,1.4994,($0.42),$2.18,($0.33),-14.775,-9.0821,1.1963
"Oil, Gas & Consumable Fuels",GPRE,675 M,10.435,$0.17,$14.32,($0.33),-1.5202,-.59,1.9016
"Oil, Gas & Consumable Fuels",MPC,"48,179 M",149.91,$15.06,$58.26,$12.73,21.053,5.1545,4.2166
"Oil, Gas & Consumable Fuels",PARR,882 M,15.77,($0.34),$22.40,$5.32,26.809,4.2534,3.0727
"Oil, Gas & Consumable Fuels",PBF,"3,464 M",30.09,$2.56,$51.09,($2.50),-4.5957,-1.3033,2.2325
"Oil, Gas & Consumable Fuels",PSX,"53,296 M",129.05,$6.88,$69.55,$7.83,11.121,2.8701,2.614
"Oil, Gas & Consumable Fuels",REX,713 M,40.60,$1.76,$32.08,$3.82,13.642,7.0683,1.2678
"Oil, Gas & Consumable Fuels",SUN,"7,426 M",54.601,$2.99,$30.73,$4.57,23.396,3.2807,3.3785
"Oil, Gas & Consumable Fuels",VLO,"41,599 M",131.40,$18.34,$79.77,$11.21,13.797,5.1089,2.3911
"Oil, Gas & Consumable Fuels",WKC,"1,635 M",28.16,$1.24,$35.19,$2.24,6.6666,1.8524,3.4165
"Oil, Gas & Consumable Fuels",AM,"7,314 M",15.195,$1.17,$4.43,$0.81,18.227,6.9183,2.7125
"Oil, Gas & Consumable Fuels",ASC,476 M,11.33,$2.09,$14.92,$3.55,25.134,13.005,1.1528
"Oil, Gas & Consumable Fuels",BWLP,"1,674 M",11.41,$4.94,$11.29,$3.64,33.126,14.722,1.5042
"Oil, Gas & Consumable Fuels",CAPL,806 M,21.19,$2.18,($1.55),$0.52,239.97,4.1013,-19.141
"Oil, Gas & Consumable Fuels",CLCO,397 M,7.395,$1.45,$13.82,$1.73,11.588,5.4269,2.7933
"Oil, Gas & Consumable Fuels",CMBT,"2,013 M",10.365,($0.78),$5.67,$5.97,74.142,6.614,3.289
"Oil, Gas & Consumable Fuels",CQP,"28,317 M",58.50,$5.89,$3.31,$4.62,-349.34,12.582,10.852
"Oil, Gas & Consumable Fuels",DHT,"1,506 M",9.325,$1.17,$6.38,$1.00,15.717,8.1669,1.4306
"Oil, Gas & Consumable Fuels",DKL,"2,030 M",39.44,$3.23,($2.45),$2.83,-140.59,7.6626,-17.034
"Oil, Gas & Consumable Fuels",DTM,"10,455 M",103.185,$3.97,$43.41,$4.11,9.677,3.5532,2.0358
"Oil, Gas & Consumable Fuels",ECO,685 M,21.2718,$4.23,$12.79,$3.63,28.592,9.499,2.662
"Oil, Gas & Consumable Fuels",EE,761 M,31.36,$6.76,$20.34,$0.94,6.8917,4.2177,5.7039
"Oil, Gas & Consumable Fuels",ENB,"94,273 M",43.285,$2.29,$20.02,$2.17,9.5896,3.1342,3.4895
"Oil, Gas & Consumable Fuels",ENLC,"6,977 M",15.265,$1.45,$2.06,$0.22,11.519,5.1406,8.3356
"Oil, Gas & Consumable Fuels",EPD,"70,923 M",32.72,$1.67,$13.08,$2.67,20.665,5.9649,2.6478
"Oil, Gas & Consumable Fuels",ET,"65,345 M",19.085,$1.90,$9.16,$1.36,15.253,4.889,3.969
"Oil, Gas & Consumable Fuels",FLNG,"1,170 M",21.70,$3.43,$14.83,$1.69,10.956,4.851,3.1546
"Oil, Gas & Consumable Fuels",FRO,"3,381 M",15.185,($7.73),$10.55,$2.46,23.928,7.9915,2.6756
"Oil, Gas & Consumable Fuels",GEL,"1,361 M",11.11,($2.33),$3.10,($0.73),1.7202,2.2018,18.591
"Oil, Gas & Consumable Fuels",GLP,"1,960 M",58.12,($10.00),$19.22,$3.31,18.576,4.9167,5.6542
"Oil, Gas & Consumable Fuels",HAFN,"2,686 M",5.245,$1.84,$4.74,$1.69,37.711,14.368,1.582
"Oil, Gas & Consumable Fuels",HESM,"3,895 M",37.43,$8.18,$5.10,$2.37,144.22,13.981,7.8096
"Oil, Gas & Consumable Fuels",INSW,"1,816 M",36.9105,$7.08,$38.11,$10.33,29.11,11.908,1.3805
"Oil, Gas & Consumable Fuels",KEYUF,"7,562 M",33.00,$3.05,$9.16,$1.44,15.691,7.0551,3.041
"Oil, Gas & Consumable Fuels",KMI,"61,739 M",27.79,$0.92,$13.69,$1.13,8.3503,3.8481,2.3311
"Oil, Gas & Consumable Fuels",KNTK,"3,510 M",58.74,$7.55,($28.80),$2.62,18.235,2.1203,-3.987
"Oil, Gas & Consumable Fuels",LNG,"49,854 M",222.20,$13.44,$22.64,$15.70,58.331,10.095,8.4428
"Oil, Gas & Consumable Fuels",LPG,965 M,22.555,$8.83,$25.42,$5.82,23.855,9.1656,1.7103
"Oil, Gas & Consumable Fuels",MPLX,"49,891 M",48.9696,$4.62,$13.29,$4.24,32.178,7.5818,2.8431
"Oil, Gas & Consumable Fuels",NAT,557 M,2.669,$0.21,$2.44,$0.30,12.051,6.9471,1.6463
"Oil, Gas & Consumable Fuels",NEXT,"1,821 M",6.995,($10.56),$2.58,($1.00),-49.356,-2.4767,7.6501
"Oil, Gas & Consumable Fuels",NFE,"2,996 M",11.915,($10.66),$7.62,$0.91,11.647,3.9615,7.6551
"Oil, Gas & Consumable Fuels",NGL,606 M,4.59,($3.11),($1.00),($2.34),-16.844,3.1689,-37.1
"Oil, Gas & Consumable Fuels",OKE,"63,502 M",108.69,$4.66,$28.91,$4.78,16.875,6.0033,3.023
"Oil, Gas & Consumable Fuels",PAA,"12,736 M",18.10,$2.73,$11.28,$1.12,10.28,3.7074,3.4222
"Oil, Gas & Consumable Fuels",PAGP,"3,851 M",19.50,$10.87,$7.40,$0.84,9.0272,3.2713,19.396
"Oil, Gas & Consumable Fuels",PBA,"22,850 M",39.36,$2.81,$18.91,$2.42,12.249,4.5552,2.3877
"Oil, Gas & Consumable Fuels",SMC,406 M,38.105,($0.06),$51.15,($12.53),-12.612,1.9418,3.6705
"Oil, Gas & Consumable Fuels",SOBO,"5,189 M",25.00,<empty>,<empty>,<empty>,<empty>,<empty>,<empty>
"Oil, Gas & Consumable Fuels",STNG,"2,434 M",48.18,$17.42,$60.04,$13.96,27.29,10.928,1.3551
"Oil, Gas & Consumable Fuels",TGS,"4,207 M",27.945,$0.09,$2.67,$0.21,12.017,8.5169,1.5301
"Oil, Gas & Consumable Fuels",TK,541 M,6.17,$5.78,$9.17,$1.51,23.549,11.214,2.7767
"Oil, Gas & Consumable Fuels",TNK,"1,328 M",38.64,$12.74,$50.79,$12.18,26.669,13.248,1.0982
"Oil, Gas & Consumable Fuels",TRGP,"42,250 M",193.75,$1.45,$11.79,$5.53,33.885,7.8106,8.51
"Oil, Gas & Consumable Fuels",TRP,"50,229 M",48.39,$0.42,$19.92,$3.63,15.615,3.3248,4.8393
"Oil, Gas & Consumable Fuels",UGP,"3,167 M",2.905,$0.27,$2.47,$0.43,19.3,6.7046,2.6742
"Oil, Gas & Consumable Fuels",WES,"15,374 M",40.3999,$3.32,$8.48,$3.91,49.44,7.7707,4.0241
"Oil, Gas & Consumable Fuels",WMB,"69,124 M",56.705,$2.46,$10.17,$2.36,20.583,4.3823,4.3442
"Oil, Gas & Consumable Fuels",ARLP,"3,421 M",26.71,$2.27,$14.86,$3.52,24.607,10.409,1.5931
"Oil, Gas & Consumable Fuels",BTU,"2,733 M",22.49,$2.71,$29.98,$3.80,15.771,6.3098,1.6121
"Oil, Gas & Consumable Fuels",CCJ,"26,601 M",61.125,$0.66,$10.55,$0.19,1.8905,2.1355,1.4956
"Oil, Gas & Consumable Fuels",CEIX,"3,452 M",117.43,$12.86,$52.03,$13.65,29.077,10.607,1.8464
"Oil, Gas & Consumable Fuels",DNN,"2,053 M",2.2999,($0.04),$0.48,($0.03),-4.9075,-5.5194,1.1487
"Oil, Gas & Consumable Fuels",EU,654 M,3.53,($0.20),$1.85,($0.27),-14.963,-7.8426,1.2227
"Oil, Gas & Consumable Fuels",FCUUF,498 M,.57962,($0.04),$0.47,($0.01),-2.233,-2.4462,1.0046
"Oil, Gas & Consumable Fuels",HNRG,532 M,12.475,($1.60),$7.48,($0.55),-6.9752,-1.0847,1.8185
"Oil, Gas & Consumable Fuels",LEU,"1,285 M",78.39,($0.43),$4.66,$4.70,289.31,7.87,7.7356
"Oil, Gas & Consumable Fuels",NRP,"1,432 M",109.73,$19.52,$38.95,$12.60,38.56,14.254,1.5539
"Oil, Gas & Consumable Fuels",NXE,"4,721 M",8.355,($0.23),$1.59,$0.20,15.834,-4.1044,1.3859
"Oil, Gas & Consumable Fuels",UEC,"3,622 M",8.56,($0.28),$1.90,($0.07),-4.1449,-4.3321,1.1436
"Oil, Gas & Consumable Fuels",URG,459 M,1.260,($0.13),$0.42,($0.13),-34.138,-18.03,1.3169
"Oil, Gas & Consumable Fuels",UROY,309 M,2.54,($0.77),$1.64,$0.05,3.8267,1.8948,1.0058
"Oil, Gas & Consumable Fuels",UUUU,"1,328 M",6.755,($0.31),$2.26,($0.21),-9.1979,-4.4512,1.0742
