﻿Watchlist Scanner

Results
Industry,Symbol,Market Cap,Last,Free Cash Flow Per Share - Current (LTM),Book Value Per Share - Current (LTM),Earnings Per Share - TTM - Current (LTM),Return on Equity (ROE) - Current (LTM),Return on Assets (ROA) - Current (LTM),Financial Leverage (Assets/Equity) - Current (LTM)
Health Care Equipment & Supplies,ABT,"207,961 M",119.90,$3.73,$22.94,$3.29,14.84,6.4878,1.8684
Health Care Equipment & Supplies,ANGO,287 M,7.07,($0.66),$4.79,($6.02),-77.846,-6.124,1.5452
Health Care Equipment & Supplies,AORT,"1,218 M",29.055,$0.14,$7.27,($0.03),-.2951,2.2882,2.6355
Health Care Equipment & Supplies,ATEC,"1,435 M",10.12,($1.41),($0.01),($1.27),-21137,-12.096,-547.65
Health Care Equipment & Supplies,ATRC,"1,753 M",35.95,($0.02),$9.54,($0.83),-8.389,-3.5132,1.3227
Health Care Equipment & Supplies,AXGN,613 M,13.93,($0.23),$2.26,($0.33),-14.509,-2.7475,1.9313
Health Care Equipment & Supplies,BAX,"16,964 M",33.225,$0.77,$15.42,$0.24,1.6265,3.1832,3.3887
Health Care Equipment & Supplies,BDX,"65,324 M",226.00,$11.11,$89.50,$5.00,5.6326,3.2481,2.1487
Health Care Equipment & Supplies,BFLY,699 M,3.28,($0.27),$0.85,($0.47),-44.855,-20.825,1.4589
Health Care Equipment & Supplies,BSX,"133,573 M",90.63,$1.48,$14.05,$1.21,8.916,4.9032,1.8388
Health Care Equipment & Supplies,CNMD,"2,280 M",73.80,$5.39,$30.21,$4.22,15.238,3.9763,2.4823
Health Care Equipment & Supplies,CVRX,369 M,15.22,($1.87),$2.69,($2.71),-79.018,-31.441,1.9587
Health Care Equipment & Supplies,DCTH,350 M,10.9613,($1.00),$0.31,($1.30),-174.71,-42.193,3.6963
Health Care Equipment & Supplies,DXCM,"30,443 M",77.94,$1.37,$5.07,$1.67,32.061,6.0617,3.2106
Health Care Equipment & Supplies,ELMD,255 M,30.10,$1.32,$4.91,$0.72,16.231,11.262,1.179
Health Care Equipment & Supplies,ENOV,"2,707 M",48.455,($1.13),$59.61,($2.22),-3.5637,.3694,1.6665
Health Care Equipment & Supplies,EW,"42,471 M",72.01,$0.81,$16.18,$2.59,19.139,10.648,1.3589
Health Care Equipment & Supplies,FNA,836 M,9.985,($0.72),$1.67,($0.68),-33.705,-8.3944,2.166
Health Care Equipment & Supplies,GEHC,"38,030 M",83.24,$3.72,$18.20,$3.65,21.853,5.6369,4.0706
Health Care Equipment & Supplies,GKOS,"7,916 M",143.57,($1.59),$12.13,($2.93),-26.099,-7.7388,1.386
Health Care Equipment & Supplies,GMED,"11,584 M",85.075,$2.16,$29.94,$0.67,2.2167,4.729,1.2498
Health Care Equipment & Supplies,HOLX,"18,476 M",79.545,$4.25,$21.33,$2.92,13.846,6.4461,1.7957
Health Care Equipment & Supplies,IART,"1,866 M",24.18,$0.49,$19.73,($0.09),-.4221,3.1048,2.6721
Health Care Equipment & Supplies,IDXX,"34,474 M",421.01,$9.57,$19.72,$10.36,59.424,22.787,2.0709
Health Care Equipment & Supplies,INSP,"5,854 M",195.34,$1.29,$23.25,$1.09,5.3271,1.175,1.143
Health Care Equipment & Supplies,IRMD,679 M,53.605,$1.36,$6.59,$1.46,23.578,14.674,1.1296
Health Care Equipment & Supplies,IRTC,"2,693 M",86.055,($2.82),$2.29,($4.85),-103.34,-8.9284,12.676
Health Care Equipment & Supplies,ISRG,"192,283 M",539.85,$1.66,$43.75,$6.22,15.973,7.9499,1.1386
Health Care Equipment & Supplies,ITGR,"4,730 M",141.025,$2.21,$48.33,$3.33,7.5473,4.6175,1.9539
Health Care Equipment & Supplies,LMAT,"2,381 M",105.91,$1.50,$14.73,$1.82,13.335,8.721,1.1388
Health Care Equipment & Supplies,LUNG,254 M,6.445,($0.90),$2.38,($1.47),-51.994,-20.036,1.7823
Health Care Equipment & Supplies,MASI,"9,182 M",171.50,$2.82,$27.33,$1.45,5.7397,2.6628,2.1103
Health Care Equipment & Supplies,MDT,"111,069 M",86.60,$4.21,$37.81,$3.27,8.6147,4.5876,1.8568
Health Care Equipment & Supplies,NARI,"2,975 M",50.81,$0.03,$7.44,($1.35),-17.721,-3.2115,1.6037
Health Care Equipment & Supplies,NPCE,302 M,10.12,($0.59),$0.33,($0.99),-214.55,-14.742,9.8038
Health Care Equipment & Supplies,NVST,"3,812 M",22.15,$1.59,$17.86,($7.77),-36.309,1.6933,1.7936
Health Care Equipment & Supplies,OFIX,739 M,19.35,($1.22),$13.76,($3.15),-20.856,-2.3729,1.6502
Health Care Equipment & Supplies,OMCL,"2,120 M",45.78,$2.58,$26.59,($0.39),-1.4623,-.8721,1.8708
Health Care Equipment & Supplies,PEN,"9,289 M",242.02,$3.47,$28.78,$0.89,3.1286,3.3281,1.3395
Health Care Equipment & Supplies,PHG,"25,310 M",27.16,$1.33,$14.17,($0.57),-4.5932,1.3606,2.4801
Health Care Equipment & Supplies,PLSE,"1,246 M",20.26,($0.61),$1.29,($0.83),-70.284,-38.154,1.1759
Health Care Equipment & Supplies,PODD,"18,783 M",267.78,$3.12,$15.94,$5.74,48.786,7.5663,2.7061
Health Care Equipment & Supplies,PRCT,"5,286 M",97.69,($2.02),$4.63,($1.95),-37.02,-16.734,1.5511
Health Care Equipment & Supplies,QDEL,"2,805 M",41.70,($1.44),$47.42,($27.85),-45.787,1.0397,2.1342
Health Care Equipment & Supplies,RMD,"36,642 M",249.615,$9.16,$35.39,$7.54,23.565,13.271,1.3903
Health Care Equipment & Supplies,SIBN,555 M,13.24,($0.61),$3.95,($0.91),-22.093,-11.537,1.376
Health Care Equipment & Supplies,SMLR,489 M,59.0135,($6.76),$11.99,$2.04,20.386,14.601,1.0801
Health Care Equipment & Supplies,SNN,"11,220 M",25.735,$0.35,$5.96,$0.35,5.844,4.5067,2.0254
Health Care Equipment & Supplies,SRDX,567 M,39.575,($0.23),$8.30,($0.82),-9.6663,-1.9369,1.5018
Health Care Equipment & Supplies,STE,"21,511 M",217.93,$6.88,$66.80,$5.95,9.2695,5.4465,1.5534
Health Care Equipment & Supplies,SYK,"148,564 M",389.71,$8.42,$52.85,$9.33,18.868,7.1099,2.1754
Health Care Equipment & Supplies,TCMD,444 M,18.5111,$1.67,$8.66,$0.65,7.9062,4.618,1.384
Health Care Equipment & Supplies,TFX,"8,941 M",192.51,$9.58,$96.50,$5.04,5.4118,3.1537,1.6704
Health Care Equipment & Supplies,TMCI,533 M,8.55,($0.70),$1.68,($0.99),-50.685,-17.126,2.0297
Health Care Equipment & Supplies,TMDX,"2,817 M",83.937545,($3.65),$6.25,$0.94,19.405,2.8355,3.7422
Health Care Equipment & Supplies,TNDM,"2,048 M",31.19,($0.57),$3.62,($1.94),-45.96,-9.689,4.029
Health Care Equipment & Supplies,VREX,689 M,16.76,$0.50,$13.02,($1.17),-8.3525,1.6267,2.2743
Health Care Equipment & Supplies,ZBH,"22,272 M",111.88,$4.83,$62.00,$5.26,8.7128,4.6098,1.7552
Health Care Equipment & Supplies,ZIMV,403 M,14.60,$0.38,$14.74,($1.76),-8.5466,-.4956,1.9254
Health Care Equipment & Supplies,ZYXI,269 M,8.44,$0.48,$1.12,$0.15,10.225,3.9871,3.5239
Health Care Equipment & Supplies,ALC,"43,693 M",88.34,$2.46,$43.25,$2.34,5.5896,2.5489,1.4195
Health Care Equipment & Supplies,ALGN,"17,145 M",229.656,$4.96,$52.76,$5.86,11.401,6.6963,1.614
Health Care Equipment & Supplies,AVNS,890 M,19.3574,$0.79,$26.73,$0.47,1.7701,2.0814,1.3468
Health Care Equipment & Supplies,BLCO,"7,012 M",19.91,($0.17),$18.71,($1.05),-5.2274,.8887,2.0511
Health Care Equipment & Supplies,BVS,799 M,12.22,$0.44,$2.28,($0.62),-24.763,2.4762,5.1735
Health Care Equipment & Supplies,CERS,341 M,1.8350,($0.06),$0.29,($0.11),-38.31,-3.7305,3.5435
Health Care Equipment & Supplies,COO,"20,506 M",102.965,$0.95,$39.80,$1.80,4.65,3.3931,1.5278
Health Care Equipment & Supplies,EMBC,"1,148 M",19.89,$0.24,($13.24),$1.20,-8.8614,9.6443,-1.6597
Health Care Equipment & Supplies,HAE,"4,467 M",88.95,$0.61,$17.44,$2.41,13.97,5.8755,2.8733
Health Care Equipment & Supplies,ICUI,"3,890 M",158.88,$6.57,$83.76,($4.57),-5.3536,.6609,2.1015
Health Care Equipment & Supplies,KIDS,629 M,25.98,($2.22),$15.32,($1.24),-7.6334,-3.9356,1.3191
Health Care Equipment & Supplies,LNTH,"6,282 M",90.36,$5.38,$16.97,$6.02,45.528,17.001,1.7374
Health Care Equipment & Supplies,MMSI,"6,126 M",105.12,$2.98,$22.71,$2.05,9.4026,4.555,1.7969
Health Care Equipment & Supplies,NEOG,"3,097 M",14.29,($0.35),$14.51,($0.11),-.7492,.8516,1.4468
Health Care Equipment & Supplies,OSUR,288 M,3.855,$0.86,$5.71,$0.15,2.7375,.7101,1.0905
Health Care Equipment & Supplies,RXST,"1,875 M",46.515,($0.72),$6.89,($0.81),-13.992,-9.9229,1.1198
Health Care Equipment & Supplies,SMTI,322 M,36.87,($0.24),$4.55,($0.99),-20.284,-5.0769,2.2257
Health Care Equipment & Supplies,STAA,"1,418 M",28.78,$0.54,$8.69,$0.44,5.3986,3.3888,1.2557
Health Care Equipment & Supplies,UFPT,"2,441 M",318.01,$5.94,$42.89,$6.99,18.025,8.9142,1.9399
Health Care Equipment & Supplies,XRAY,"3,888 M",19.56,$1.77,$12.53,($2.00),-13.991,2.3233,2.66
Health Care Providers & Services,AHCO,"1,363 M",10.13,$1.72,$11.52,($1.65),-12.88,4.1084,2.948
Health Care Providers & Services,AHG,327 M,.8201,$0.03,$0.95,($0.21),-12.382,-6.6455,1.0264
Health Care Providers & Services,CAH,"29,767 M",123.00,$13.27,($13.17),$5.21,-37.866,3.175,-14.043
Health Care Providers & Services,COR,"49,227 M",251.15,$15.10,$4.01,$7.53,209.12,3.0956,85.291
Health Care Providers & Services,HSIC,"9,713 M",77.90,$3.29,$27.99,$2.42,6.3343,3.8758,3.0274
Health Care Providers & Services,MCK,"79,798 M",628.63,$27.23,($23.77),$19.33,-131.86,3.9173,-34.218
Health Care Providers & Services,OMI,"1,041 M",13.495,($0.14),$11.35,($0.64),-5.5392,4.0203,5.8099
Health Care Providers & Services,PDCO,"1,912 M",21.69,($9.22),$10.80,$1.83,16.284,5.6006,2.8934
Health Care Providers & Services,ACCD,306 M,3.805,($0.38),$5.71,($1.33),-18.612,-7.2712,1.7693
Health Care Providers & Services,ADUS,"2,221 M",122.48,$7.64,$52.85,$4.37,9.0259,6.2688,1.2166
Health Care Providers & Services,AGL,888 M,2.1550,($0.44),$1.40,($0.76),-42.999,-9.8347,3.6381
Health Care Providers & Services,AIRS,376 M,6.50,$0.02,$1.43,($0.14),-9.3457,1.1242,2.5231
Health Care Providers & Services,AMED,"2,989 M",91.26,$6.23,$35.05,$2.52,7.2103,6.268,1.8637
Health Care Providers & Services,AMN,998 M,26.22,$2.89,$23.43,$1.39,6.2117,3.1481,2.9953
Health Care Providers & Services,ASTH,"1,950 M",42.71,$1.48,$14.75,$1.30,10.263,4.492,1.8242
Health Care Providers & Services,AVAH,"1,070 M",5.54,$0.05,($0.80),($0.34),50.932,4.8754,-10.609
Health Care Providers & Services,CCRN,360 M,10.935,$2.92,$13.04,($0.05),-.3946,1.2662,1.4067
Health Care Providers & Services,CHE,"8,637 M",576.495,$20.72,$82.78,$19.78,26.761,13.943,1.4319
Health Care Providers & Services,CI,"94,444 M",339.54,$18.23,$150.61,$10.57,7.6058,2.8003,3.7448
Health Care Providers & Services,CRVL,"6,241 M",364.41,$4.26,$16.50,$4.71,32.265,13.339,1.8338
Health Care Providers & Services,CSTL,856 M,30.57,$1.26,$15.77,$0.21,1.4694,-.1364,1.1667
Health Care Providers & Services,CVS,"75,492 M",59.99,$1.33,$59.57,$3.95,6.6971,2.365,3.3682
Health Care Providers & Services,DCGO,446 M,4.3699,$0.42,$3.19,$0.29,9.4088,6.5807,1.5186
Health Care Providers & Services,DGX,"18,278 M",163.76,$9.20,$60.79,$7.44,13.224,5.6547,2.3638
Health Care Providers & Services,DVA,"13,700 M",167.025,$16.24,$4.68,$9.24,44.884,6.9437,45.263
Health Care Providers & Services,EHAB,389 M,7.74,$1.10,$11.30,($2.33),-17.464,1.7648,2.304
Health Care Providers & Services,FLGT,559 M,18.273621,($0.96),$37.28,($5.50),-14.35,-4.1504,1.0837
Health Care Providers & Services,FMS,"13,230 M",22.545,$5.84,$51.70,$2.50,5.8185,2.9828,2.3866
Health Care Providers & Services,GH,"4,326 M",35.01,($2.26),($0.49),($4.22),-609.28,-16.079,-25.604
Health Care Providers & Services,HIMS,"6,600 M",30.21,$0.70,$2.02,$0.44,26.348,5.6632,1.3686
Health Care Providers & Services,INNV,658 M,4.86,($0.33),$1.98,($0.12),-6.0323,-2.0215,2.0339
Health Care Providers & Services,LFST,"2,885 M",7.54,$0.09,$3.76,($0.25),-6.5895,-1.5554,1.4668
Health Care Providers & Services,LH,"20,214 M",241.68,$10.02,$97.61,$5.14,5.4323,3.9638,2.2781
Health Care Providers & Services,MD,"1,259 M",14.665,$1.39,$8.67,($3.06),-29.855,4.6733,2.8354
Health Care Providers & Services,MODV,259 M,18.16,($6.72),($1.19),($12.88),-258.05,.8614,-97.185
Health Care Providers & Services,NEO,"2,251 M",17.535,($0.17),$7.09,($0.62),-8.3774,-2.7553,1.807
Health Care Providers & Services,NRC,463 M,19.71,$1.05,$1.47,$1.12,58.557,18.533,3.8067
Health Care Providers & Services,OPCH,"4,044 M",23.76,$1.69,$8.38,$1.19,14.574,5.9836,2.4034
Health Care Providers & Services,OPK,"1,053 M",1.5650,($0.28),$2.06,($0.19),-9.3914,-8.9697,1.6076
Health Care Providers & Services,PINC,"2,212 M",23.02,$1.88,$19.98,$1.34,6.4032,4.4586,1.6956
Health Care Providers & Services,PNTG,"1,080 M",31.45,$0.16,$5.54,$0.68,13.67,3.8303,3.8185
Health Care Providers & Services,PRVA,"2,599 M",21.66,$0.83,$5.13,$0.11,2.2343,.769,1.8631
Health Care Providers & Services,RDNT,"6,164 M",83.27,$1.32,$12.10,($0.07),3.1952,2.3882,3.6583
Health Care Providers & Services,SBC,757 M,7.35,$5.65,$1.99,$6.66,-59.11,-5.8289,1.4464
Health Care Providers & Services,TALK,582 M,3.445,$0.01,$0.70,($0.01),-1.1661,-3.4321,1.1756
Health Care Providers & Services,VMD,334 M,8.59,$0.09,$3.21,$0.25,8.8808,6.8636,1.3567
Health Care Providers & Services,WGS,"2,172 M",79.06,($2.27),$7.45,($3.16),-36.401,-8.2696,1.9992
Health Care Providers & Services,ACHC,"3,831 M",41.24,($5.42),$33.04,$3.05,9.7616,6.0608,1.9365
Health Care Providers & Services,ARDT,"2,302 M",16.13,$0.70,$7.05,$0.64,12.096,2.9293,4.772
Health Care Providers & Services,BKD,"1,137 M",5.705,($0.26),$1.47,($0.92),-53.126,.7197,20.279
Health Care Providers & Services,CON,"2,884 M",22.649,$1.71,$2.18,$1.59,16.999,7.7641,8.9317
Health Care Providers & Services,CYH,490 M,3.525,($0.55),($13.77),($3.03),22.931,3.5296,-7.6275
Health Care Providers & Services,EHC,"10,354 M",102.765,$2.70,$19.44,$4.25,22.919,8.3768,3.2954
Health Care Providers & Services,ENSG,"8,368 M",146.05,$1.70,$30.71,$4.14,14.957,4.0229,2.6493
Health Care Providers & Services,HCA,"83,021 M",327.76,$22.41,($8.57),$22.31,1195.5,11.511,-27.25
Health Care Providers & Services,NHC,"1,937 M",125.44,$6.00,$63.69,$7.98,13.235,2.8775,1.589
Health Care Providers & Services,SEM,"2,665 M",20.66,$2.84,$14.78,$2.14,18.424,4.8381,4.1785
Health Care Providers & Services,SGRY,"2,931 M",23.06,$1.30,$15.00,($0.48),3.0814,3.8955,3.9728
Health Care Providers & Services,SNDA,500 M,26.22,($1.90),$4.23,($1.45),-29.44,-1.1275,10.268
Health Care Providers & Services,THC,"13,636 M",143.39,$24.33,$40.32,$31.26,59.565,6.9936,7.6609
Health Care Providers & Services,UHS,"13,437 M",203.70,$14.26,$100.14,$15.03,16.341,6.8219,2.173
Health Care Providers & Services,USPH,"1,474 M",97.655,$4.88,$32.02,$0.94,4.752,4.2438,2.1319
Health Care Providers & Services,ALHC,"2,429 M",12.671,($0.98),$0.60,($0.76),-94.51,-10.235,6.0435
Health Care Providers & Services,CLOV,"1,706 M",3.405,($0.22),$0.68,($0.20),-28.898,-5.6592,1.9085
Health Care Providers & Services,CNC,"30,315 M",60.045,$0.46,$53.53,$5.75,11.559,3.5063,3.0158
Health Care Providers & Services,ELV,"93,814 M",404.505,$3.74,$188.74,$27.42,15.504,5.8444,2.6621
Health Care Providers & Services,HQY,"8,994 M",102.99,($2.29),$24.70,$1.20,5.1463,3.4035,1.6293
Health Care Providers & Services,HUM,"35,745 M",296.86,($35.88),$145.87,$11.19,7.8375,3.9089,2.847
Health Care Providers & Services,MOH,"16,931 M",295.99,$1.63,$83.68,$19.66,26.454,6.9013,3.3036
Health Care Providers & Services,PGNY,"1,306 M",15.335,$1.73,$4.92,$0.60,12.054,5.9023,1.5176
Health Care Providers & Services,UNH,"562,271 M",610.975,$14.20,$102.42,$15.38,15.252,6.9239,3.1661
Health Care Technology,CERT,"1,780 M",11.06,$0.22,$6.55,($0.20),-2.9531,.592,1.465
Health Care Technology,DH,537 M,4.65,$0.45,$4.39,($3.11),-54.775,-.7634,2.3329
Health Care Technology,DOCS,"9,930 M",53.19,$0.94,$5.15,$0.87,19,11.833,1.1637
Health Care Technology,EVH,"1,508 M",13.11,$0.63,$9.03,($0.91),-5.7842,.7287,2.4086
Health Care Technology,GDRX,"1,829 M",4.80,$0.23,$1.83,($0.05),-2.056,4.3386,1.9454
Health Care Technology,HCAT,537 M,8.82,($0.26),$5.83,($1.34),-21.464,-5.263,2.29
Health Care Technology,HSTM,"1,006 M",33.09,$1.07,$11.69,$0.65,5.6492,2.6042,1.4145
Health Care Technology,LFMD,275 M,6.36,$0.19,($0.18),($0.65),260.4,-21.34,-9.3986
Health Care Technology,PHR,"1,177 M",20.37,($0.45),$4.36,($1.78),-40.261,-16.643,1.4412
Health Care Technology,SDGR,"1,591 M",21.84,($2.38),$6.17,($2.45),-35.059,-18.638,1.4892
Health Care Technology,SLP,638 M,31.805,$0.45,$9.10,$0.49,5.6483,2.8514,1.0779
Health Care Technology,TBRG,261 M,17.50,($0.73),$12.05,($4.08),-29.877,-.6353,2.3258
Health Care Technology,TDOC,"1,994 M",11.58,$1.23,$8.77,($5.81),-51.646,-3.1271,2.3404
Health Care Technology,VEEV,"36,976 M",228.34,$6.03,$32.04,$3.75,13.179,6.3847,1.2211
Health Care Technology,WAY,"5,311 M",30.86,$0.65,$17.74,($0.40),-2.0495,1.695,1.4874
Biotechnology,ABBV,"325,216 M",184.035,$8.83,$3.41,$2.87,56.407,7.7196,23.777
Biotechnology,ABEO,283 M,6.51,($1.43),$1.05,($2.01),-209.5,-40.677,2.6346
Biotechnology,ABSI,328 M,2.8600,($0.68),$1.76,($0.93),-49.11,-27.396,1.1684
Biotechnology,ABUS,659 M,3.48,($0.40),$0.56,($0.43),-67.808,-32.828,1.3139
Biotechnology,ABVX,552 M,8.77,($2.94),$2.15,($3.36),-171.46,-46.692,2.2495
Biotechnology,ACAD,"2,722 M",16.36,$1.23,$3.47,$0.78,27.361,8.7171,1.6925
Biotechnology,ACLX,"4,844 M",89.58,$0.07,$8.95,($0.77),-10.792,-6.292,1.5836
Biotechnology,ADMA,"5,186 M",21.94,$0.34,$0.98,$0.28,35.548,19.891,1.6845
Biotechnology,AGIO,"3,372 M",59.13,($5.84),$28.53,$11.80,53.655,-18.175,1.1015
Biotechnology,AKBA,446 M,2.0427,($0.19),($0.24),($0.23),102.4,-9.3728,-4.1098
Biotechnology,AKRO,"2,197 M",31.4728,($3.35),$10.61,($3.74),-35.903,-23.167,1.1073
Biotechnology,ALDX,289 M,4.86,($0.52),$1.43,($0.75),-43.051,-23.449,1.3787
Biotechnology,ALEC,254 M,2.590000,($2.39),$1.21,($1.70),-112.55,-19.248,4.3388
Biotechnology,ALLO,536 M,2.5550,($1.18),$2.21,($1.54),-54.149,-25.823,1.2704
Biotechnology,ALNY,"32,566 M",252.49,$0.13,$0.25,($2.62),497.73,-2.9234,129.97
Biotechnology,ALT,639 M,8.9893,($1.15),$1.88,($1.53),-72.959,-39.559,1.1086
Biotechnology,AMGN,"150,396 M",279.79,$11.71,$14.00,$7.83,55.72,4.5971,12.074
Biotechnology,ANAB,773 M,25.40,($3.77),$2.77,($6.04),-161.81,-17.853,5.8485
Biotechnology,ANIK,262 M,17.88,($0.10),$12.24,($6.62),-43.309,-4.0069,1.2866
Biotechnology,ANNX,581 M,5.45,($0.90),$3.14,($1.00),-48.117,-28.237,1.1424
Biotechnology,APGE,"2,554 M",44.89,($2.54),$12.91,($2.77),-25.648,-18.515,1.057
Biotechnology,APLS,"4,183 M",33.63,($1.67),$1.94,($2.03),-106.56,-16.23,3.8034
Biotechnology,APLT,"1,105 M",9.50,($0.62),$0.05,($1.43),7271.4,-76.012,18.087
Biotechnology,ARCT,474 M,17.51,($2.29),$9.67,($2.33),-23.119,-12.155,1.4154
Biotechnology,ARDX,"1,324 M",5.59,($0.27),$0.67,($0.32),-41.54,-12.184,2.3239
Biotechnology,ARGX,"36,822 M",615.7974,($5.51),$71.28,($0.68),-5.7397,-5.5105,1.1254
Biotechnology,ARQT,"1,357 M",11.5975,($1.49),$1.34,($1.73),-192.31,-31.14,2.7921
Biotechnology,ARTV,310 M,12.7702,($9.74),$8.28,($11.42),-44.214,-16.097,1.1224
Biotechnology,ARWR,"3,135 M",25.2164,($4.61),$2.66,($4.66),-151.84,-40.724,2.6736
Biotechnology,ASND,"7,997 M",133.81,($5.12),($1.81),($8.32),499.54,-20.066,-11.239
Biotechnology,ATXS,588 M,10.42,($1.86),$4.36,($1.97),-38.03,-22.72,1.4681
Biotechnology,ATYR,297 M,3.535,($0.98),$0.86,($0.93),-78.137,-39.258,1.4025
Biotechnology,AUPH,"1,259 M",8.79,$0.20,$2.71,($0.16),-5.7834,-2.1547,1.4159
Biotechnology,AURA,449 M,8.99,($1.54),$3.51,($1.72),-50.992,-30.216,1.1756
Biotechnology,AUTL,878 M,3.2989,($0.89),$1.79,($1.16),-82.2,-22.11,1.7349
Biotechnology,AVXL,772 M,9.10,($0.36),$1.53,($0.50),-30.034,-20.433,1.0906
Biotechnology,BBIO,"5,152 M",27.26,($2.50),($6.51),($2.41),37.004,-48.883,-.54067
Biotechnology,BCAX,"1,147 M",21.08,($16.19),$9.37,($18.09),-51.667,-20.716,1.0287
Biotechnology,BCRX,"1,555 M",7.505,($0.28),($2.26),($0.60),28.155,-4.2538,-1.0484
Biotechnology,BCYC,"1,404 M",20.33,($3.95),$12.04,($3.23),-26.667,-15.015,1.1994
Biotechnology,BEAM,"2,206 M",26.635,($1.78),$9.97,($1.75),-18.289,-9.2749,1.4803
Biotechnology,BGNE,"22,022 M",206.55,($11.74),$32.31,($8.18),-23.216,-9.576,1.6902
Biotechnology,BHVN,"4,751 M",46.98,($6.18),$3.33,($9.36),-265.45,-118.79,1.6156
Biotechnology,BIIB,"23,334 M",160.1301,$12.17,$112.28,$11.06,10.47,4.9899,1.7308
Biotechnology,BMEA,249 M,6.86,($3.14),$2.10,($4.00),-104.51,-56.379,1.4534
Biotechnology,BMRN,"12,375 M",64.93,$1.64,$28.41,$1.68,6.2518,2.998,1.2656
Biotechnology,BNTX,"28,824 M",120.23,$4.49,$88.78,($2.16),-2.3955,-1.2349,1.172
Biotechnology,BPMC,"5,906 M",92.965,($4.03),$4.93,($2.06),-49.655,-14.965,3.8309
Biotechnology,CAPR,894 M,19.67,($1.21),$1.69,($1.07),-102.63,-34.73,1.3616
Biotechnology,CATX,290 M,4.29,($0.76),$4.86,($1.07),-27.016,-14.352,1.1908
Biotechnology,CCCC,312 M,4.425,($1.11),$3.44,($1.63),-46,-20.607,1.5498
Biotechnology,CDMO,789 M,12.335,($0.18),$0.92,($2.28),-115.84,-3.0494,5.7071
Biotechnology,CDNA,"1,339 M",24.97,$0.02,$5.15,($2.74),-43.021,-7.5037,1.7456
Biotechnology,CELC,481 M,12.96,($2.07),$4.03,($2.61),-77.471,-29.057,1.8238
Biotechnology,CGEM,742 M,12.75,($2.55),$10.80,($2.88),-26.533,-20.401,1.0404
Biotechnology,CLDX,"1,833 M",27.635,($2.63),$11.85,($2.53),-29.842,-19.731,1.0474
Biotechnology,CMPS,309 M,4.51,($1.60),$2.82,($2.19),-64.677,-35.221,1.2813
Biotechnology,CNTA,"2,295 M",17.41,($1.23),$3.79,($1.52),-42.521,-20.471,1.2215
Biotechnology,COGT,"1,050 M",9.51,($1.96),$1.85,($2.48),-78.47,-44.024,1.8819
Biotechnology,CPRX,"2,711 M",22.73,$1.61,$5.54,$1.18,28.291,18.348,1.1681
Biotechnology,CRGX,812 M,17.65,($3.68),$8.72,($4.01),-69.807,-40.354,1.1249
Biotechnology,CRNX,"5,319 M",57.35,($2.73),$10.30,($3.72),-40.256,-24.286,1.1253
Biotechnology,CRVS,585 M,9.10,($0.39),$0.20,($1.01),-200.48,-28.296,4.7397
Biotechnology,CYTK,"6,136 M",51.99,($3.80),($0.12),($5.38),254.64,-30.128,-103.23
Biotechnology,DAWN,"1,377 M",13.65,($1.82),$5.51,($0.95),-17.838,-25.426,1.0816
Biotechnology,DNLI,"3,594 M",24.97,($2.40),$9.17,($2.73),-35.086,-23.808,1.1028
Biotechnology,DNTH,695 M,23.48,($2.22),$11.51,($2.38),-25.991,-18.955,1.0484
Biotechnology,DSGN,339 M,5.99,($0.82),$4.46,($0.85),-17.781,-13.537,1.0364
Biotechnology,DVAX,"1,693 M",12.88,$0.17,$5.19,$0.15,3.1839,-.3796,1.5585
Biotechnology,DYN,"2,941 M",28.90,($2.91),$6.93,($3.51),-68.685,-40.354,1.0897
Biotechnology,EBS,534 M,9.85,$2.63,$9.40,($3.98),-34.638,-4.2199,2.9068
Biotechnology,ELDN,255 M,4.27,($0.97),$1.85,($2.36),-25.886,-33.361,1.5064
Biotechnology,ENGN,445 M,8.72,($1.35),$5.21,($4.60),-123.06,-22.067,1.1587
Biotechnology,ERAS,806 M,2.850,($0.66),$1.59,($0.79),-40.333,-19.844,1.1752
Biotechnology,ETNB,"1,062 M",9.0333,($2.93),$3.56,($3.01),-73.311,-41.356,1.2121
Biotechnology,EXAS,"11,212 M",60.58,$0.54,$17.35,($1.17),-6.7607,-2.1567,2.102
Biotechnology,EXEL,"10,229 M",35.82,$1.37,$7.96,$1.55,20.2,12.807,1.301
Biotechnology,FATE,345 M,3.025,($1.22),$3.18,($1.64),-46.59,-22.106,1.3661
Biotechnology,FDMT,352 M,7.62,($2.30),$10.63,($2.83),-32.503,-21.796,1.0924
Biotechnology,FHTX,426 M,7.655,($2.09),($0.51),($1.83),212.95,-20.452,-10.902
Biotechnology,FOLD,"2,985 M",9.99,($0.10),$0.60,($0.35),-67.094,1.1608,4.3985
Biotechnology,GERN,"2,475 M",4.095,($0.34),$0.48,($0.32),-69.032,-30.3,1.5223
Biotechnology,GILD,"115,616 M",92.77,$7.57,$14.83,$0.10,.5611,11.962,2.9513
Biotechnology,GLPG,"1,859 M",28.205,($6.97),$48.34,($1.03),-2.2104,-2.3818,1.4575
Biotechnology,GLUE,546 M,8.895,($0.93),$3.35,($1.77),-61.228,-28.425,1.5336
Biotechnology,GMAB,"13,405 M",21.105,$15.16,$75.06,$10.78,14.919,10.953,1.2424
Biotechnology,GRFS,"5,478 M",8.06,$0.34,$8.76,$0.26,2.7083,2.868,3.7914
Biotechnology,GYRE,"1,012 M",11.79,($0.03),$0.74,($1.17),-85.324,5.3649,1.9823
Biotechnology,HALO,"6,143 M",48.28,$3.08,$3.56,$3.02,111.83,14.867,4.6786
Biotechnology,HUMA,589 M,4.58,($0.82),($0.53),($1.36),1143.9,-53.233,-1.801
Biotechnology,IBRX,"3,529 M",5.065,($0.64),($1.07),($0.88),101.81,-56.35,-.48926
Biotechnology,IDYA,"2,308 M",26.70,($2.01),$13.67,($2.34),-21.098,-15.847,1.0504
Biotechnology,IGMS,602 M,10.13,($2.86),$1.33,($3.65),-132.11,-37.377,3.8571
Biotechnology,IMCR,"1,647 M",32.915,$0.40,$7.55,($0.95),-12.826,-5.2208,2.8707
Biotechnology,IMMP,281 M,1.9330,($0.03),$0.07,($0.03),-42.116,-25.702,1.0704
Biotechnology,IMNM,830 M,13.30,($2.59),$3.56,($5.69),-276.36,-39.889,1.1954
Biotechnology,IMVT,"4,183 M",28.50,($1.87),$3.06,($2.22),-92.174,-54.541,1.1484
Biotechnology,INCY,"14,537 M",75.46,$0.08,$16.45,$0.15,.8017,-.1237,1.5806
Biotechnology,INSM,"13,511 M",75.52,($4.09),$2.70,($5.56),-890.75,-26.049,4.2468
Biotechnology,IONS,"5,717 M",36.21,($2.56),$4.20,($2.46),-73.382,-7.2467,4.6509
Biotechnology,IOVA,"2,879 M",9.445,($1.35),$2.54,($1.48),-56.65,-29.155,1.2814
Biotechnology,IRON,"1,900 M",63.85,($3.21),$15.73,($3.95),-25.027,-17.909,1.0581
Biotechnology,IRWD,575 M,3.595,$0.78,($1.95),($0.02),.9798,13.048,-1.2511
Biotechnology,ITOS,307 M,8.39,($3.12),$17.29,($3.14),-19.717,-13.037,1.1447
Biotechnology,JANX,"2,482 M",47.29,($0.74),$12.54,($1.19),-12.046,-9.9321,1.0593
Biotechnology,JSPR,349 M,23.26,($4.31),$5.58,($4.67),-71.456,-40.916,1.188
Biotechnology,KALV,501 M,10.18,($2.60),$4.01,($3.57),-90.839,-53.937,1.1586
Biotechnology,KOD,346 M,6.57,($2.80),$3.53,($3.65),-78.566,-27.714,2.0104
Biotechnology,KROS,"2,357 M",58.19,($4.09),$13.57,($5.21),-43.822,-28.165,1.0872
Biotechnology,KRRO,496 M,52.94,($11.62),$19.28,($11.11),-74.51,-35.272,1.3558
Biotechnology,KRYS,"5,654 M",196.605,$2.04,$30.80,$1.77,6.3798,4.5802,1.1089
Biotechnology,KURA,854 M,10.98,($2.02),$5.45,($2.36),-46.281,-28.54,1.1299
Biotechnology,KYMR,"3,031 M",46.80,($2.13),$13.79,($2.41),-25.996,-15.378,1.1589
Biotechnology,LEGN,"7,781 M",42.415,($0.97),$6.08,($1.92),-28.352,-12.281,1.5553
Biotechnology,LRMR,413 M,6.475,($1.04),$3.11,($1.15),-44.5,-28.547,1.1039
Biotechnology,LXEO,260 M,7.85,($2.44),$4.21,($3.13),-107.21,-51.051,1.2479
Biotechnology,LXRX,292 M,.807000,($0.72),$0.49,($0.74),-136.09,-44.159,1.7989
Biotechnology,LYEL,265 M,.95000,($0.61),$2.07,($0.80),-33.216,-19.115,1.1668
Biotechnology,MDGL,"7,266 M",333.16,($21.14),$35.64,($25.02),-129.76,-52.246,1.381
Biotechnology,MDXG,"1,394 M",9.485,$0.40,$1.23,$0.50,62.473,18.379,1.3474
Biotechnology,MESO,"1,306 M",11.4375,($0.05),$0.42,($0.09),-17.91,-5.4136,1.393
Biotechnology,MIRM,"2,230 M",46.445,($0.58),$4.84,($2.12),-39.836,-9.098,2.8786
Biotechnology,MLTX,"3,344 M",53.03,($1.31),$7.74,($1.30),-16.797,-13.322,1.0615
Biotechnology,MLYS,648 M,13.02,($2.79),$4.76,($3.33),-61.186,-38.555,1.1322
Biotechnology,MNKD,"1,812 M",6.5699,$0.11,($0.76),$0.08,-9.3423,9.122,-2.2113
Biotechnology,MREO,555 M,3.575,($0.21),$0.47,($0.31),-62.112,-30.65,1.2235
Biotechnology,MRNA,"16,536 M",42.97,($10.34),$30.98,($5.82),-17.524,-9.5488,1.325
Biotechnology,MRSN,271 M,2.1950,($0.78),$0.01,($0.61),-280.29,-22.967,161.61
Biotechnology,MYGN,"1,484 M",16.30,($1.20),$8.04,($1.30),-16.395,-5.3465,1.4778
Biotechnology,NBIX,"12,839 M",126.81,$4.40,$26.87,$3.73,16.348,11.795,1.3002
Biotechnology,NGNE,380 M,25.59,($5.51),$10.56,($0.26),-53.63,-39.75,1.1944
Biotechnology,NRIX,"1,526 M",21.54,($1.75),$5.62,($2.89),-57.961,-29.464,1.3628
Biotechnology,NTLA,"1,550 M",15.22,($3.78),$9.46,($5.44),-52.228,-27.812,1.2189
Biotechnology,NTRA,"22,165 M",167.89,($0.36),$7.08,($1.76),-25.816,-9.9626,1.8109
Biotechnology,NUVL,"6,847 M",96.36,($2.39),$15.81,($3.50),-29.568,-18.627,1.0604
Biotechnology,NVAX,"1,413 M",8.824,($0.79),($3.29),($1.99),47.288,-10.759,-3.253
Biotechnology,OCGN,285 M,.978800,($0.19),$0.14,($0.20),-103.3,-47.981,1.5244
Biotechnology,OLMA,579 M,10.105,($1.80),$3.47,($2.29),-51.758,-33.153,1.1572
Biotechnology,OPT,512 M,3.33,($0.25),($0.07),($0.35),539.39,-83.429,-2.4903
Biotechnology,ORGO,528 M,3.98,$0.03,$2.10,($0.06),-2.6574,1.6431,1.6022
Biotechnology,ORIC,701 M,9.94,($1.65),$3.88,($1.80),-45.979,-29.223,1.1025
Biotechnology,PCVX,"11,487 M",92.16,($5.41),$27.47,($4.46),-21.063,-14.935,1.0416
Biotechnology,PGEN,268 M,.914100,($0.33),$0.19,($0.54),-137.46,-43.477,1.5074
Biotechnology,PHAR,535 M,7.88,$0.00,$0.44,($0.03),-8.1806,-1.3803,1.8845
Biotechnology,PRAX,"1,474 M",79.062,($6.56),$21.52,($9.95),-64.342,-39.202,1.0878
Biotechnology,PRME,433 M,3.305,($1.75),$1.49,($2.01),-114.35,-46.507,1.7561
Biotechnology,PRTC,553 M,23.11,($0.44),$1.32,($0.30),-22.074,-13.392,1.8361
Biotechnology,PSTX,912 M,9.36,($0.18),$0.90,($0.64),-57.627,-13.112,3.3663
Biotechnology,PTCT,"3,507 M",45.47,($3.59),($13.70),($5.93),52.54,-5.1479,-1.7473
Biotechnology,PTGX,"2,705 M",45.39,$3.75,$8.94,$2.68,40.968,19.959,1.1353
Biotechnology,RARE,"4,414 M",47.80,($5.06),$3.76,($6.43),-289.98,-24.12,4.4355
Biotechnology,RCEL,339 M,12.94,($2.32),$0.47,($2.23),-152.44,-45.369,6.6289
Biotechnology,RCKT,"1,289 M",14.14,($2.16),$3.62,($2.75),-59.27,-34.484,1.1938
Biotechnology,RCUS,"1,439 M",15.73,($1.97),$6.17,($3.14),-49.77,-15.248,2.2159
Biotechnology,REGN,"83,674 M",761.44,$30.85,$272.04,$40.43,17.166,7.4141,1.2768
Biotechnology,REPL,972 M,14.21,($2.83),$5.58,($3.20),-50.322,-27.066,1.306
Biotechnology,RGNX,493 M,9.95,($3.87),$6.09,($5.00),-71.873,-26.03,1.7223
Biotechnology,RIGL,489 M,27.755,$0.59,($0.83),$0.22,-16.703,4.6139,-9.5258
Biotechnology,RLAY,789 M,4.715,($2.14),$5.03,($2.61),-42.69,-26.874,1.1088
Biotechnology,RNA,"5,176 M",43.38,($1.91),$12.64,($2.85),-27.759,-18.332,1.0914
Biotechnology,RNAC,473 M,18.60,($3.95),$0.03,($23.08),-7029.3,-10.949,605.47
Biotechnology,RVMD,"9,721 M",57.79,($3.45),$9.34,($3.56),-47.181,-28.56,1.1256
Biotechnology,RXRX,"2,346 M",6.035,($1.37),$1.83,($1.54),-78.492,-36.399,1.385
Biotechnology,RYTM,"3,808 M",61.97,($2.73),$0.18,($4.33),-147.9,-46.239,32.418
Biotechnology,RZLT,285 M,4.92,($1.12),$2.05,($1.24),-63.881,-37.778,1.0879
Biotechnology,SAGE,342 M,5.595,($5.29),$9.02,($5.59),-49.338,-29.615,1.1279
Biotechnology,SANA,559 M,2.5050,($1.24),$1.31,($1.38),-92.904,-31.151,1.9126
Biotechnology,SGMO,466 M,2.2350,($0.61),$0.19,($0.70),-154.94,-46.35,2.8431
Biotechnology,SLN,363 M,7.68,($1.33),$2.68,($1.78),-102.8,-27.268,1.7921
Biotechnology,SLNO,"2,397 M",55.585,($1.36),$6.45,($3.47),-91.112,-48.046,1.1209
Biotechnology,SLRN,469 M,4.67,($2.61),$5.29,($2.68),-41.947,-32.892,1.1704
Biotechnology,SMMT,"13,953 M",18.92,($0.09),$0.14,($1.09),-513.78,-21.944,2.1984
Biotechnology,SNDX,"1,399 M",16.39,($3.15),$4.28,($3.62),-81.878,-48.666,1.1621
Biotechnology,SPRY,"1,430 M",14.71,($0.48),$2.07,($0.51),-22.409,-16.225,1.0827
Biotechnology,SRPT,"13,072 M",136.85,($4.96),$12.79,$1.22,12.274,1.5094,2.9482
Biotechnology,SRRK,"3,554 M",37.96,($2.36),$0.99,($2.82),-183.07,-67.1,2.2619
Biotechnology,STOK,625 M,11.80,($1.66),$4.38,($2.07),-52.063,-27.5,1.2637
Biotechnology,SVRA,600 M,3.495,($0.42),$1.17,($0.43),-47.955,-26.389,1.198
Biotechnology,SWTX,"3,142 M",42.24,($3.08),$7.17,($3.83),-59.334,-34.283,1.1433
Biotechnology,SYRE,"1,621 M",27.61,($4.07),$3.34,($5.79),-91.624,-38.805,2.4543
Biotechnology,TCRX,254 M,4.75,($2.07),$4.29,($2.09),-55.924,-23.355,1.5192
Biotechnology,TECX,695 M,47.12,($3.67),$10.20,($3.63),-70.734,-36.178,1.1221
Biotechnology,TGTX,"5,412 M",34.77,($0.19),$1.34,($0.10),-8.0487,-.0688,3.0497
Biotechnology,TNGX,424 M,3.95,($1.14),$2.13,($1.14),-48.795,-22.37,1.5378
Biotechnology,TRDA,733 M,19.595,($0.49),$11.93,$1.55,16.425,6.9475,1.3128
Biotechnology,TRML,670 M,26.115,($2.87),$12.52,($2.79),-31.824,-23.821,1.023
Biotechnology,TSHA,636 M,3.105,($0.34),$0.43,($0.10),-114.77,-27.423,2.0295
Biotechnology,TVTX,"1,645 M",18.90,($4.78),($0.39),($4.52),-279.94,-26.144,-16.563
Biotechnology,TWST,"2,817 M",47.455,($1.19),$8.03,($3.60),-38.084,-15.81,1.2996
Biotechnology,TYRA,817 M,16.15,($1.22),$6.85,($1.57),-28.656,-20.209,1.0505
Biotechnology,UTHR,"16,831 M",376.99,$19.63,$136.74,$22.72,18.808,11.89,1.1676
Biotechnology,VALN,325 M,3.9981,($1.36),$1.72,($0.06),-3.9563,-10.594,2.3756
Biotechnology,VCEL,"2,860 M",57.935,($0.25),$5.23,$0.07,1.5364,-.2168,1.5163
Biotechnology,VCYT,"3,294 M",42.50,$0.75,$15.18,($0.12),-.8311,1.0662,1.0842
Biotechnology,VERA,"3,088 M",48.77,($2.36),$5.25,($2.62),-65.111,-33.372,1.275
Biotechnology,VERV,477 M,5.63,($2.01),$6.01,($2.45),-40.669,-22.187,1.3055
Biotechnology,VIR,"1,109 M",8.05,($3.49),$9.08,($3.93),-36.583,-19.406,1.2076
Biotechnology,VKTX,"5,975 M",53.615,($0.70),$8.18,($0.93),-15.496,-12.681,1.029
Biotechnology,VNDA,306 M,5.245,($2.12),$9.28,($0.29),-3.0227,-3.6405,1.192
Biotechnology,VRDN,"1,725 M",21.78,($3.27),$6.55,($4.26),-51.88,-32.145,1.4884
Biotechnology,VRTX,"120,864 M",469.3199,($5.24),$60.65,($1.86),-2.9853,12.051,1.4228
Biotechnology,VYGR,318 M,5.816,($0.52),$6.06,$0.47,10.219,1.574,1.2898
Biotechnology,XENE,"3,271 M",42.91,($2.10),$10.53,($2.82),-29.753,-21.194,1.0478
Biotechnology,XNCR,"1,797 M",25.68,$0.42,$10.35,($3.20),-29.02,-15.239,1.3589
Biotechnology,XOMA,404 M,34.25,($1.75),$7.21,($3.05),-31.411,-5.542,2.635
Biotechnology,YMAB,531 M,11.86,($0.50),$2.06,($0.54),-24.784,-11.983,1.3082
Biotechnology,ZBIO,479 M,11.47,($31.15),$8.60,($41.59),-63.331,-34.133,1.1224
Biotechnology,ZLAB,"2,992 M",27.84,($2.24),$6.78,($2.78),-34.979,-20.835,1.4758
Biotechnology,ZNTL,259 M,3.63,($2.43),$4.98,($2.53),-42.891,-25.24,1.2719
Biotechnology,ZYME,992 M,14.40,($0.79),$5.27,($1.52),-28.729,-14.686,1.3275
Pharmaceuticals,ACB,251 M,4.57,($1.46),$7.58,($0.42),-5.7892,-1.2439,1.4982
Pharmaceuticals,ACRS,273 M,3.82,($0.26),$1.82,($0.52),-25.833,-19.393,1.4014
Pharmaceuticals,ALMS,525 M,9.655,($14.15),$6.40,($15.60),-245.36,-99.968,1.1842
Pharmaceuticals,AMLX,385 M,5.62,($1.94),$2.86,($3.83),-84.434,-43.443,1.2778
Pharmaceuticals,AMPH,"2,193 M",45.60,$3.51,$15.04,$3.01,23.846,8.6678,2.1234
Pharmaceuticals,AMRX,"2,575 M",8.31,$0.78,($0.30),($0.63),-185.77,5.9415,-37.043
Pharmaceuticals,ANIP,"1,238 M",58.92,$3.75,$20.74,($0.46),-1.6015,1.2515,3.1713
Pharmaceuticals,AQST,462 M,5.07,($0.43),($0.50),($0.44),47.447,-15.571,-2.4209
Pharmaceuticals,ARVN,"1,792 M",26.08,($3.75),$8.53,($4.46),-59.164,-20.069,1.9916
Pharmaceuticals,AVIR,295 M,3.49,($1.51),$5.43,($2.07),-33.455,-14.251,1.0707
Pharmaceuticals,AXSM,"4,843 M",99.93,($2.79),$1.92,($6.53),-171.61,-26.442,6.0438
Pharmaceuticals,AZN,"208,299 M",67.18,$4.43,$26.27,$4.15,16.661,8.5027,2.5767
Pharmaceuticals,BHC,"2,987 M",8.12,$2.75,($3.19),($0.48),90.985,4.1508,-22.606
Pharmaceuticals,BIOA,689 M,19.22,($25.79),$9.17,($33.13),622.63,-111.31,1.0753
Pharmaceuticals,BLTE,"2,095 M",67.86,($1.12),$3.63,($1.11),-40.043,-25.584,1.0323
Pharmaceuticals,BMY,"120,487 M",59.4066,$6.81,$8.45,($3.58),-31.33,6.0744,5.4644
Pharmaceuticals,CGC,408 M,3.875,($1.46),$4.02,($5.12),-93.031,-4.392,2.4179
Pharmaceuticals,COLL,"1,019 M",31.60,$5.95,$7.27,$2.16,42.887,9.6752,6.9795
Pharmaceuticals,CORT,"6,132 M",58.53,$1.39,$6.10,$1.26,25.773,13.002,1.2276
Pharmaceuticals,CRMD,599 M,9.87,($0.97),$1.01,($0.80),-65.037,-37.69,1.3215
Pharmaceuticals,CRON,800 M,2.0918,$0.04,$2.83,($0.12),-4.3655,-3.1437,1.0948
Pharmaceuticals,CTLT,"11,050 M",60.875,($0.33),$19.91,($2.28),-11.188,-.1773,2.7062
Pharmaceuticals,ELAN,"6,587 M",13.325,$0.75,$13.20,$0.41,3.2393,1.1763,2.0363
Pharmaceuticals,ELVN,"1,202 M",24.61,($1.53),$6.10,($1.90),-30.978,-21.374,1.059
Pharmaceuticals,EOLS,856 M,13.52,($0.43),$0.09,($0.92),822.97,-9.925,38.983
Pharmaceuticals,ESPR,491 M,2.490000,($0.16),($1.89),($0.52),22.243,3.8416,-.84848
Pharmaceuticals,ETON,322 M,12.45,($0.02),$0.62,($0.21),-33.347,-9.6838,2.2427
Pharmaceuticals,EWTX,"3,064 M",32.36,($1.30),$5.18,($1.46),-31.899,-22.36,1.0458
Pharmaceuticals,EYPT,624 M,9.145,($2.33),$4.09,($2.04),-74.684,-31.393,1.3757
Pharmaceuticals,GPCR,"1,915 M",33.45,($2.09),$15.66,($2.22),-20.289,-15.458,1.0406
Pharmaceuticals,GSK,"70,185 M",34.40,$1.61,$4.59,$0.81,21.847,7.2407,4.144
Pharmaceuticals,HCM,"3,126 M",18.29,($0.08),$0.87,($0.05),-5.4391,-5.9022,1.7037
Pharmaceuticals,HRMY,"2,031 M",35.605,$3.40,$10.46,$2.11,22.748,12.845,1.5552
Pharmaceuticals,HROW,"1,528 M",42.905,$0.08,$1.63,($0.94),-50.226,-1.6805,6.0635
Pharmaceuticals,INVA,"1,199 M",19.16,$2.58,$10.68,$0.99,9.9674,9.3677,1.8422
Pharmaceuticals,ITCI,"9,130 M",86.12,($0.62),$10.80,($0.86),-9.8962,-7.4445,1.1569
Pharmaceuticals,JNJ,"375,878 M",156.12,$7.90,$29.14,$6.08,20.889,8.4031,2.5412
Pharmaceuticals,LBPH,"2,342 M",59.97,($1.92),$7.05,($2.23),-46.661,-30.717,1.0793
Pharmaceuticals,LGND,"2,329 M",123.235,$1.41,$44.84,$2.47,5.9962,1.3032,1.1352
Pharmaceuticals,LLY,"710,491 M",790.035,($1.94),$15.82,$9.25,65.318,13.946,5.3095
Pharmaceuticals,LQDA,980 M,11.58,($1.25),$1.31,($1.62),-150.73,-38.277,2.2882
Pharmaceuticals,MBX,725 M,21.71,($3.68),$8.13,($4.01),-53.751,-34.143,1.0407
Pharmaceuticals,MNMD,595 M,8.1164,($1.25),$3.21,($1.64),-54.612,-25.378,1.2196
Pharmaceuticals,MRK,"261,324 M",103.305,$5.86,$17.58,$4.78,28.332,10.531,2.6411
Pharmaceuticals,NMRA,"1,577 M",9.76,($1.20),$2.00,($1.86),-70.479,-34.917,1.0991
Pharmaceuticals,NUVB,974 M,2.895,($0.42),$1.50,($2.23),-95.536,-13.976,1.137
Pharmaceuticals,NVO,"467,474 M",105.22,$2.25,$4.04,$3.17,88.726,21.466,3.2977
Pharmaceuticals,NVS,"210,223 M",105.15,$6.17,$21.67,$5.73,28.786,10.592,2.3899
Pharmaceuticals,OCUL,"1,558 M",9.91,($0.87),$2.25,($1.27),-96.888,-27.05,1.393
Pharmaceuticals,OGN,"4,144 M",16.09,$2.52,$1.91,$5.04,-2710.4,7.9111,25.866
Pharmaceuticals,OMER,706 M,12.19,($2.61),($2.66),($3.13),220.52,-26.873,-2.0324
Pharmaceuticals,PAHC,951 M,23.47,$1.14,$6.38,$0.43,6.5485,5.2562,3.8271
Pharmaceuticals,PBH,"4,149 M",83.98,$5.12,$35.03,$4.10,12.605,6.1161,1.9153
Pharmaceuticals,PCRX,772 M,16.71,$4.18,$16.24,($1.96),-11.477,4.1721,2.0301
Pharmaceuticals,PFE,"146,293 M",25.815,$1.45,$16.29,$0.75,4.5383,3.3066,2.3782
Pharmaceuticals,PHAT,618 M,9.04,($4.15),($2.74),($5.68),331.35,-57.674,-2.0685
Pharmaceuticals,PLRX,822 M,13.515,($2.27),$5.68,($3.34),-47.518,-28.151,1.2887
Pharmaceuticals,PRGO,"3,919 M",28.725,$1.14,$33.45,($1.07),-3.1577,1.3683,2.4536
Pharmaceuticals,RAPP,822 M,22.48,($5.20),$8.83,($5.81),-43.361,-24.18,1.0249
Pharmaceuticals,RDY,"11,700 M",14.045,$0.26,$4.04,$0.76,19.273,10.404,1.3813
Pharmaceuticals,RVNC,438 M,4.175,($2.01),($1.55),($3.13),225.1,-24.358,-2.8312
Pharmaceuticals,SIGA,517 M,7.245,$1.00,$2.37,$1.20,58.389,36.954,1.1529
Pharmaceuticals,SNDL,522 M,1.9650,$0.10,$3.37,($0.31),-8.9861,-2.1895,1.1944
Pharmaceuticals,SNY,"122,739 M",48.955,$3.54,$64.70,$4.00,5.8145,4.1624,1.7851
Pharmaceuticals,SUPN,"2,032 M",36.805,$3.13,$18.24,$1.07,6.2221,2.8913,1.3332
Pharmaceuticals,TAK,"43,133 M",13.605,$0.99,$30.62,$0.60,4.1474,2.7747,2.1057
Pharmaceuticals,TARS,"1,945 M",50.88,($2.80),$6.22,($3.70),-59.556,-27.263,1.5845
Pharmaceuticals,TERN,519 M,6.11,($1.00),$4.29,($1.18),-28.279,-19.229,1.0378
Pharmaceuticals,TEVA,"18,803 M",16.595,$1.21,$5.35,($0.86),-17.517,5.5607,6.8851
Pharmaceuticals,THRD,586 M,13.00,($0.71),$6.59,($0.97),-13.807,-11.257,1.0327
Pharmaceuticals,TLRY,"1,242 M",1.3750,($0.08),$4.14,($0.27),-5.8444,-1.3967,1.2262
Pharmaceuticals,VRNA,"3,263 M",39.87,($1.28),$1.59,($1.93),-78.027,-28.049,2.926
Pharmaceuticals,VTRS,"15,720 M",13.17,$1.59,$16.58,($0.74),-4.345,2.4821,2.2612
Pharmaceuticals,XERS,516 M,3.46,($0.22),($0.19),($0.44),516.09,-8.7006,-11.337
Pharmaceuticals,ZTS,"80,589 M",178.625,$5.06,$11.59,$5.32,47.303,14.664,2.743
Pharmaceuticals,ZVRA,509 M,9.54,($1.64),$1.31,($2.11),-130.67,-32.805,2.7455
Life Sciences Tools & Services,A,"39,394 M",138.13,$4.73,$20.68,$4.43,21.954,8.2268,2.0085
Life Sciences Tools & Services,ABCL,889 M,3.01,($0.68),$3.65,($0.61),-15.551,-13.256,1.2919
Life Sciences Tools & Services,ADPT,836 M,5.665,($0.78),$1.52,($1.34),-66.761,-16.372,2.4959
Life Sciences Tools & Services,AVTR,"14,351 M",21.085,$1.10,$8.16,$0.45,5.8126,3.2728,2.3123
Life Sciences Tools & Services,AZTA,"2,163 M",47.465,$0.73,$38.82,($3.09),-7.6296,-1.728,1.1872
Life Sciences Tools & Services,BIO,"9,559 M",341.445,$7.87,$267.46,($27.41),-9.7923,1.8549,1.4161
Life Sciences Tools & Services,BLFS,"1,262 M",27.20,$0.05,$7.04,($1.08),-15.041,-5.9669,1.1727
Life Sciences Tools & Services,BRKR,"8,876 M",58.55,$1.06,$11.92,$2.06,19.726,4.8288,3.3829
Life Sciences Tools & Services,CDXC,587 M,7.69,$0.05,$0.45,$0.02,4.8154,.5079,1.6446
Life Sciences Tools & Services,CDXS,371 M,4.555,($0.65),$0.90,($0.88),-75.306,-20.954,2.0188
Life Sciences Tools & Services,CRL,"10,215 M",199.77,$10.90,$73.97,$8.00,11.924,4.8733,2.1162
Life Sciences Tools & Services,CTKB,838 M,6.505,$0.22,$2.97,($0.08),-2.5368,-2.739,1.2744
Life Sciences Tools & Services,CYRX,358 M,7.25,($0.74),$7.81,($3.39),-33.149,-5.1174,1.8167
Life Sciences Tools & Services,DHR,"173,816 M",240.65,$6.77,$71.03,$5.30,7.5858,3.858,1.5715
Life Sciences Tools & Services,EVO,"1,729 M",4.87,($1.31),$6.08,($1.08),-16.249,-1.771,2.0556
Life Sciences Tools & Services,FTRE,"1,924 M",21.45,$2.52,$16.87,($2.44),-13.586,-1.0447,2.4207
Life Sciences Tools & Services,ILMN,"22,878 M",144.25,$3.44,$13.45,($9.98),-39.511,2.6183,2.8301
Life Sciences Tools & Services,IQV,"36,668 M",202.03,$10.77,$38.36,$7.62,22.001,5.1145,3.9013
Life Sciences Tools & Services,LAB,689 M,1.8500,($0.53),$1.31,($0.62),-37.254,-14.685,1.3928
Life Sciences Tools & Services,LFCR,281 M,7.63,($0.60),$0.37,$0.14,17.291,-2.2484,-62.678
Life Sciences Tools & Services,MEDP,"10,474 M",337.00,$17.34,$28.42,$11.42,54.079,14.311,2.3644
Life Sciences Tools & Services,MLAB,641 M,117.985,$6.63,$29.79,($45.50),-89.456,1.6873,2.8126
Life Sciences Tools & Services,MRVI,811 M,5.72,($0.09),$2.44,($1.66),-42.926,-1.6138,3.7035
Life Sciences Tools & Services,MTD,"26,153 M",1239.32,$41.59,($7.31),$37.06,-611.5,20.142,-21.508
Life Sciences Tools & Services,MXCT,371 M,3.515,($0.20),$2.03,($0.34),-16.001,-11.253,1.1655
Life Sciences Tools & Services,NAUT,296 M,2.3550,($0.49),$1.78,($0.56),-28.044,-17.624,1.1623
Life Sciences Tools & Services,OABI,473 M,3.91,($0.46),$2.43,($0.62),-20.451,-14.132,1.1365
Life Sciences Tools & Services,PACB,522 M,1.7750,($0.89),$1.65,($1.46),-64.796,-10.611,3.2001
Life Sciences Tools & Services,PSNL,276 M,3.90,($1.02),$2.36,($1.71),-57.517,-18.779,1.4385
Life Sciences Tools & Services,QGEN,"9,778 M",43.995,$2.07,$15.88,$0.41,2.573,4.8449,1.7763
Life Sciences Tools & Services,QTRX,477 M,12.43,($1.06),$8.77,($1.04),-11.476,-7.8145,1.2213
Life Sciences Tools & Services,RGEN,"8,351 M",149.06,$2.35,$36.00,($0.14),-.4042,.6008,1.4036
Life Sciences Tools & Services,RVTY,"14,110 M",115.94,$4.58,$64.88,$2.09,3.3075,1.7168,1.612
Life Sciences Tools & Services,SHC,"3,719 M",13.13,$0.37,$1.66,$0.25,16.695,7.6829,6.6971
Life Sciences Tools & Services,STVN,"5,458 M",20.00,($0.77),$5.39,$0.47,9.4824,4.9647,1.6743
Life Sciences Tools & Services,TECH,"11,925 M",75.05,$1.55,$13.46,$0.95,7.2871,5.5497,1.2793
Life Sciences Tools & Services,TEM,"9,919 M",63.00,($2.20),$0.35,($8.52),677.77,-58.653,18.086
Life Sciences Tools & Services,TKNO,389 M,7.289,($0.35),$1.64,($0.73),-33.899,-13.814,1.422
Life Sciences Tools & Services,TMO,"201,933 M",527.93,$20.30,$128.08,$15.95,12.944,4.674,2.0486
Life Sciences Tools & Services,TXG,"1,879 M",15.52,$0.21,$5.97,($1.53),-24.87,-11.372,1.2974
Life Sciences Tools & Services,WAT,"23,203 M",390.775,$10.46,$27.00,$10.48,49.64,11.332,2.8143
Life Sciences Tools & Services,WST,"23,434 M",323.58,$4.39,$37.96,$6.74,17.778,9.9952,1.3354
