﻿Watchlist Scanner

Results
Industry,Symbol,Market Cap,Last,Free Cash Flow Per Share - Current (LTM),Book Value Per Share - Current (LTM),Earnings Per Share - TTM - Current (LTM),Return on Equity (ROE) - Current (LTM),Return on Assets (ROA) - Current (LTM),Financial Leverage (Assets/Equity) - Current (LTM)
Health Care Equipment & Supplies,TCMD,377 M,15.70,$1.67,$8.66,$0.65,7.9062,4.618,1.384
Health Care Equipment & Supplies,ATEC,"1,317 M",9.289,($1.41),($0.01),($1.27),-21137,-12.096,-547.65
Health Care Equipment & Supplies,GKOS,"7,902 M",143.32,($1.59),$12.13,($2.93),-26.099,-7.7388,1.386
Health Care Equipment & Supplies,TMCI,504 M,8.085,($0.70),$1.68,($0.99),-50.685,-17.126,2.0297
Health Care Equipment & Supplies,MASI,"8,589 M",160.425,$2.82,$27.33,$1.45,5.7397,2.6628,2.1103
Health Care Equipment & Supplies,TFX,"9,082 M",195.55,$9.58,$96.50,$5.04,5.4118,3.1537,1.6704
Health Care Equipment & Supplies,PLSE,"1,091 M",17.74,($0.61),$1.29,($0.83),-70.284,-38.154,1.1759
Health Care Equipment & Supplies,NVST,"3,536 M",20.545,$1.59,$17.86,($7.77),-36.309,1.6933,1.7936
Health Care Equipment & Supplies,TNDM,"2,035 M",30.98,($0.57),$3.62,($1.94),-45.96,-9.689,4.029
Health Care Equipment & Supplies,CVRX,382 M,15.755,($1.87),$2.69,($2.71),-79.018,-31.441,1.9587
Health Care Equipment & Supplies,ANGO,290 M,7.135,($0.66),$5.08,($6.02),-77.846,-6.124,1.5452
Health Care Equipment & Supplies,SIBN,653 M,15.65,($0.64),$3.97,($1.00),-23.878,-12.508,1.3588
Health Care Equipment & Supplies,IRTC,"2,732 M",87.28,($2.82),$2.29,($4.85),-103.34,-8.9284,12.676
Health Care Equipment & Supplies,LMAT,"2,319 M",103.125,$1.42,$14.73,$1.82,13.335,8.721,1.1388
Health Care Equipment & Supplies,IART,"1,911 M",24.77,$0.49,$19.73,($0.09),-.4221,3.0239,2.6721
Health Care Equipment & Supplies,SRDX,550 M,38.52,($0.23),$8.38,($0.82),-9.6663,-.6605,1.5018
Health Care Equipment & Supplies,BAX,"17,221 M",33.755,$1.02,$14.98,$0.24,-2.219,3.7109,3.4426
Health Care Equipment & Supplies,PODD,"19,302 M",275.18,$3.12,$15.94,$5.74,48.786,7.5663,2.7061
Health Care Equipment & Supplies,OMCL,"2,244 M",48.78,$2.58,$26.68,($0.39),-1.4623,-.3729,1.8708
Health Care Equipment & Supplies,BFLY,570 M,2.6750,($0.26),$0.85,($0.46),-44.855,-20.825,1.4589
Health Care Equipment & Supplies,QDEL,"2,786 M",41.43,($1.44),$47.42,($27.85),-45.787,1.0397,2.1342
Health Care Equipment & Supplies,IDXX,"34,894 M",426.13,$9.57,$19.72,$10.36,59.424,22.787,2.0709
Health Care Equipment & Supplies,BDX,"66,861 M",231.32,$11.11,$89.50,$5.00,5.6326,3.2481,2.1487
Health Care Equipment & Supplies,NARI,"3,002 M",51.275,$0.03,$7.44,($1.35),-17.721,-3.2115,1.6037
Health Care Equipment & Supplies,AORT,"1,170 M",27.93,$0.14,$7.27,($0.03),-.2951,2.2882,2.6355
Health Care Equipment & Supplies,RMD,"36,213 M",246.69,$9.16,$35.39,$7.54,23.565,13.271,1.3903
Health Care Equipment & Supplies,ATRC,"1,783 M",36.565,($0.02),$9.54,($0.83),-8.389,-3.5132,1.3227
Health Care Equipment & Supplies,ISRG,"191,137 M",536.63,$1.66,$43.75,$6.22,15.973,7.9499,1.1386
Health Care Equipment & Supplies,PHG,"24,243 M",26.015,$1.33,$14.17,($0.57),-4.5932,1.3606,2.4801
Health Care Equipment & Supplies,ITGR,"4,595 M",137.005,$2.21,$48.33,$3.33,7.5473,4.5944,1.9539
Health Care Equipment & Supplies,TMDX,"3,061 M",91.2197,($3.65),$6.25,$0.94,19.405,2.8355,3.7422
Health Care Equipment & Supplies,GEHC,"38,820 M",84.97,$3.72,$18.20,$3.65,21.853,5.6369,4.0706
Health Care Equipment & Supplies,ENOV,"2,621 M",46.91,($1.13),$59.61,($2.22),-3.5637,.3694,1.6665
Health Care Equipment & Supplies,BSX,"130,530 M",88.565,$1.48,$14.05,$1.21,8.916,4.9032,1.8388
Health Care Equipment & Supplies,IRMD,721 M,56.88,$1.36,$6.59,$1.46,23.578,14.674,1.1296
Health Care Equipment & Supplies,AXNX,"3,603 M",70.49,$0.11,$13.00,($0.11),-.8877,-.6286,1.1651
Health Care Equipment & Supplies,ABT,"202,385 M",116.685,$3.73,$22.94,$3.29,14.84,6.4878,1.8684
Health Care Equipment & Supplies,CNMD,"2,321 M",75.13,$5.39,$30.21,$4.22,15.238,3.9763,2.4823
Health Care Equipment & Supplies,OFIX,734 M,19.21,($1.22),$13.76,($3.15),-20.856,-2.3729,1.6502
Health Care Equipment & Supplies,MDT,"113,337 M",88.365,$3.92,$37.39,$2.97,7.9476,4.4149,1.8718
Health Care Equipment & Supplies,LUNG,277 M,7.02,($0.90),$2.38,($1.47),-51.994,-20.036,1.7823
Health Care Equipment & Supplies,HOLX,"18,510 M",79.69,$4.25,$21.33,$2.92,13.846,6.4461,1.7957
Health Care Equipment & Supplies,SYK,"147,386 M",386.62,$8.42,$52.85,$9.33,18.868,7.1099,2.1754
Health Care Equipment & Supplies,ZIMV,389 M,14.09,$0.38,$14.74,($1.76),-8.5466,-.4956,1.9254
Health Care Equipment & Supplies,AXGN,579 M,13.15,($0.23),$2.26,($0.33),-14.509,-2.7475,1.9313
Health Care Equipment & Supplies,VREX,583 M,14.275,$1.04,$14.22,$0.80,6.0866,2.3078,2.1554
Health Care Equipment & Supplies,GMED,"11,344 M",83.31,$2.16,$29.94,$0.67,2.2167,4.729,1.2498
Health Care Equipment & Supplies,ZBH,"21,884 M",109.93,$4.83,$62.00,$5.26,8.7128,4.6098,1.7552
Health Care Equipment & Supplies,SNN,"10,725 M",24.60,$0.35,$5.96,$0.35,5.844,4.5067,2.0254
Health Care Equipment & Supplies,INSP,"5,723 M",190.985,$1.29,$23.25,$1.09,5.3271,1.175,1.143
Health Care Equipment & Supplies,PEN,"9,082 M",236.63,$3.47,$28.78,$0.89,3.1286,3.3281,1.3395
Health Care Equipment & Supplies,CLPT,306 M,11.08,($0.35),$1.05,($0.69),-68.357,-28.038,1.3859
Health Care Equipment & Supplies,PRCT,"5,164 M",95.44,($2.02),$4.63,($1.95),-37.02,-16.734,1.5511
Health Care Equipment & Supplies,EW,"38,821 M",65.82,$0.81,$16.18,$2.59,19.139,10.648,1.3589
Health Care Equipment & Supplies,ZYXI,272 M,8.54,$0.48,$1.12,$0.15,10.225,3.9871,3.5239
Health Care Equipment & Supplies,STE,"21,976 M",222.635,$6.88,$66.80,$5.95,9.2695,5.4465,1.5534
Health Care Equipment & Supplies,DXCM,"29,045 M",74.36,$1.37,$5.07,$1.67,32.061,6.0617,3.2106
Health Care Equipment & Supplies,FNA,627 M,7.50,($0.89),$1.76,($0.66),-31.782,-8.5963,2.1144
Health Care Equipment & Supplies,SMLR,382 M,52.61,($6.76),$11.99,$2.04,20.386,14.601,1.0801
Health Care Equipment & Supplies,CBLL,"1,016 M",28.525,<empty>,<empty>,<empty>,-61.272,-25.83,-.4178
Health Care Equipment & Supplies,EMBC,896 M,15.525,$0.24,($13.24),$1.20,-8.8614,9.6443,-1.6597
Health Care Equipment & Supplies,UFPT,"2,630 M",342.70,$5.63,$42.89,$6.99,18.025,8.9142,1.9399
Health Care Equipment & Supplies,RXST,"1,839 M",45.62,($0.72),$6.89,($0.81),-13.992,-9.9229,1.1198
Health Care Equipment & Supplies,NEOG,"3,332 M",15.375,($0.35),$14.51,($0.04),-.7492,.8516,1.4468
Health Care Equipment & Supplies,CERS,348 M,1.875000,($0.06),$0.29,($0.11),-38.31,-3.7305,3.5435
Health Care Equipment & Supplies,HAE,"4,700 M",93.575,$2.28,$18.90,$2.41,13.97,5.8755,2.2872
Health Care Equipment & Supplies,MMSI,"6,059 M",103.96,$2.98,$22.71,$2.05,9.4026,4.555,1.7969
Health Care Equipment & Supplies,SOLV,"12,210 M",70.68,$6.78,$18.48,$4.16,9.7468,5.7407,4.6194
Health Care Equipment & Supplies,STAA,"1,425 M",28.925,$0.54,$8.69,$0.44,5.3986,3.3888,1.2557
Health Care Equipment & Supplies,LNTH,"5,920 M",85.15,$5.38,$16.97,$6.02,45.528,17.001,1.7374
Health Care Equipment & Supplies,AVNS,920 M,20.0099,$0.79,$26.73,$0.47,1.7701,2.0814,1.3468
Health Care Equipment & Supplies,OSUR,309 M,4.145,$0.86,$5.71,$0.15,2.7375,.7101,1.0905
Health Care Equipment & Supplies,ALGN,"16,359 M",219.14,$4.96,$52.76,$5.86,11.401,6.6963,1.614
Health Care Equipment & Supplies,BLCO,"6,876 M",19.525,($0.17),$18.71,($1.05),-5.2274,.8887,2.0511
Health Care Equipment & Supplies,XRAY,"3,531 M",17.765,$1.77,$12.53,($2.00),-13.991,2.3233,2.66
Health Care Equipment & Supplies,BVS,767 M,11.74,$0.44,$2.28,($0.62),-24.763,2.4762,5.1735
Health Care Equipment & Supplies,COO,"20,253 M",101.695,$0.95,$39.80,$1.80,4.65,3.3931,1.5278
Health Care Equipment & Supplies,ALC,"43,090 M",87.36,$2.20,$42.35,$2.22,5.3913,2.5009,1.4191
Health Care Equipment & Supplies,KIDS,583 M,24.07,($2.22),$15.32,($1.24),-7.6334,-3.9356,1.3191
Health Care Equipment & Supplies,ICUI,"4,345 M",177.87,$6.48,$83.43,($2.93),-3.4092,.5604,2.1036
Health Care Equipment & Supplies,SMTI,296 M,33.89,($0.37),$4.77,($0.78),-16.234,-6.6105,1.7595
Health Care Providers & Services,HSIC,"8,402 M",67.39,$3.29,$27.99,$2.42,6.3343,3.8758,3.0274
Health Care Providers & Services,PDCO,"1,831 M",20.775,($9.22),$11.16,$1.83,16.284,5.6006,2.8934
Health Care Providers & Services,COR,"48,675 M",248.3325,$15.10,$4.01,$7.53,209.12,3.0956,85.291
Health Care Providers & Services,MCK,"78,069 M",615.005,$33.06,($23.77),$19.33,-131.86,3.9173,-24.007
Health Care Providers & Services,OMI,998 M,12.94,($0.14),$11.35,($0.64),-5.5392,4.0203,5.8099
Health Care Providers & Services,AHCO,"1,437 M",10.68,$1.72,$11.52,($1.65),-12.88,4.1084,2.948
Health Care Providers & Services,CAH,"29,850 M",123.34,$13.27,($13.17),$5.21,-37.866,3.175,-14.043
Health Care Providers & Services,LFST,"2,839 M",7.419,$0.09,$3.76,($0.25),-6.5895,-1.5554,1.4668
Health Care Providers & Services,CCRN,361 M,10.98,$2.92,$12.24,($0.05),-.3946,1.2662,1.4067
Health Care Providers & Services,PRVA,"2,705 M",22.54,$0.83,$5.13,$0.11,2.2343,.769,1.8631
Health Care Providers & Services,PINC,"2,206 M",22.95,$1.88,$19.98,$1.34,6.4032,4.4586,1.6956
Health Care Providers & Services,ADUS,"2,284 M",125.98,$7.64,$52.85,$4.37,9.0259,6.2688,1.2166
Health Care Providers & Services,CRVL,"6,114 M",357.01,$4.26,$14.46,$4.71,32.265,13.339,1.8338
Health Care Providers & Services,RCM,"6,036 M",14.29,$0.44,$6.66,($0.15),-2.2036,2.3518,2.0452
Health Care Providers & Services,CSTL,917 M,32.74,$1.26,$15.77,$0.21,1.4694,-.1364,1.1667
Health Care Providers & Services,INNV,785 M,5.795,($0.14),$1.93,($0.12),-6.0323,-2.0215,2.0339
Health Care Providers & Services,FLGT,587 M,19.20,($0.96),$37.28,($5.50),-14.35,-4.1504,1.0837
Health Care Providers & Services,LH,"20,453 M",244.54,$10.02,$97.61,$5.14,5.4323,3.9638,2.2781
Health Care Providers & Services,AGL,773 M,1.87500,($0.44),$1.40,($0.76),-42.999,-9.8347,3.6381
Health Care Providers & Services,ACCD,299 M,3.715,($0.38),$5.71,($1.33),-18.612,-7.2712,1.7871
Health Care Providers & Services,PNTG,"1,151 M",33.52,$0.16,$5.54,$0.68,13.67,3.8303,3.8185
Health Care Providers & Services,CHE,"8,472 M",565.47,$20.72,$82.78,$19.78,26.761,13.943,1.4319
Health Care Providers & Services,DCGO,424 M,4.15,$0.42,$3.19,$0.29,9.4088,6.5807,1.5186
Health Care Providers & Services,HIMS,"5,840 M",26.73,$0.70,$2.02,$0.44,26.348,5.6632,1.3686
Health Care Providers & Services,RDNT,"6,173 M",83.47,$1.32,$12.10,($0.07),3.1952,2.4552,3.6583
Health Care Providers & Services,DVA,"12,937 M",157.72,$16.24,$4.68,$9.24,44.884,6.9437,45.263
Health Care Providers & Services,NRC,476 M,20.26,$0.94,$1.47,$1.12,58.557,18.535,3.8067
Health Care Providers & Services,CVS,"68,139 M",54.1472,$1.33,$59.57,$3.95,6.6971,2.365,3.3682
Health Care Providers & Services,EHAB,381 M,7.575,$1.10,$11.30,($2.33),-17.464,1.7648,2.304
Health Care Providers & Services,CI,"94,602 M",340.11,$18.23,$150.61,$10.57,7.6058,2.8003,3.7448
Health Care Providers & Services,WGS,"2,117 M",77.06,($2.27),$7.45,($3.16),-36.401,-8.2696,1.9992
Health Care Providers & Services,BTSG,"3,425 M",19.67,$0.08,$9.28,($0.24),-3.7857,2.1382,3.5832
Health Care Providers & Services,ASTH,"2,044 M",42.77,$1.05,$14.75,$1.30,10.263,4.492,1.8242
Health Care Providers & Services,FMS,"12,447 M",21.21,$5.84,$51.70,$2.50,5.8185,2.9828,2.3866
Health Care Providers & Services,AVAH,"1,116 M",5.775,$0.05,($0.80),($0.34),50.932,4.8754,-10.609
Health Care Providers & Services,AMN,990 M,25.995,$2.89,$23.43,$1.39,6.2117,3.1481,2.9953
Health Care Providers & Services,OPCH,"3,886 M",22.835,$1.69,$8.38,$1.19,14.574,5.9836,2.4034
Health Care Providers & Services,NEO,"2,101 M",16.365,($0.17),$7.09,($0.62),-8.3774,-2.7553,1.807
Health Care Providers & Services,DGX,"18,065 M",161.85,$9.20,$60.79,$7.44,13.224,5.6547,2.3638
Health Care Providers & Services,GH,"3,681 M",29.795,($2.26),($0.49),($4.22),-609.28,-16.079,-25.604
Health Care Providers & Services,TALK,568 M,3.365,$0.01,$0.70,($0.01),-1.1661,-3.4321,1.1756
Health Care Providers & Services,PFMT,262 M,3.35,($0.07),$0.96,($0.11),-10.604,-4.2575,1.3536
Health Care Providers & Services,AIRS,457 M,7.93,$0.05,$1.43,($0.14),-9.3457,1.1242,2.5231
Health Care Providers & Services,MD,"1,327 M",15.455,$1.39,$8.67,($3.06),-29.855,4.6733,2.8354
Health Care Providers & Services,OPK,"1,097 M",1.6072,($0.28),$2.06,($0.19),-9.3914,-8.9697,1.6076
Health Care Providers & Services,AMED,"2,979 M",90.95,$6.23,$35.05,$2.52,7.2103,6.268,1.8637
Health Care Providers & Services,VMD,365 M,9.385,$0.09,$3.21,$0.25,8.8808,6.8636,1.3567
Health Care Providers & Services,SBC,710 M,6.89,$25.35,$20.17,$23.66,-59.11,-5.8289,1.5923
Health Care Providers & Services,ENSG,"8,523 M",148.75,$1.70,$30.71,$4.14,14.957,4.0229,2.6493
Health Care Providers & Services,CYH,586 M,4.22,($0.55),($13.77),($3.03),22.931,3.5296,-7.6275
Health Care Providers & Services,ARDT,"2,455 M",17.20,$0.70,$7.05,$0.64,12.096,2.9293,4.772
Health Care Providers & Services,PACS,"3,208 M",20.675,$0.33,$3.75,$0.68,132.51,5.164,6.8103
Health Care Providers & Services,HCA,"88,976 M",351.27,$22.41,($8.57),$22.31,1195.5,11.511,-27.25
Health Care Providers & Services,UHS,"13,704 M",205.38,$14.26,$100.14,$15.03,16.341,6.8219,2.173
Health Care Providers & Services,CON,"2,583 M",20.28,$1.71,$2.18,$1.59,16.999,7.7641,8.9317
Health Care Providers & Services,SEM,"5,031 M",39.00,$2.84,$14.78,$2.14,18.424,4.8381,4.1785
Health Care Providers & Services,SGRY,"3,733 M",29.365,$1.62,$15.45,($0.27),3.7262,3.961,3.8356
Health Care Providers & Services,ACHC,"3,730 M",40.155,($5.42),$33.04,$3.05,9.7616,6.0608,1.9365
Health Care Providers & Services,BKD,"1,089 M",5.465,($0.26),$1.47,($0.92),-53.126,.7197,20.279
Health Care Providers & Services,EHC,"10,312 M",102.35,$2.70,$19.44,$4.25,22.919,8.3768,3.2954
Health Care Providers & Services,NHC,"2,002 M",129.6808,$6.00,$63.69,$7.98,13.235,2.8775,1.589
Health Care Providers & Services,THC,"15,621 M",164.26,$24.33,$40.32,$31.26,59.565,6.9936,7.6609
Health Care Providers & Services,USPH,"1,390 M",92.08,$4.88,$32.02,$0.94,4.752,4.2438,2.1319
Health Care Providers & Services,AUNA,512 M,6.92,$2.08,$5.22,($1.30),-13.607,5.6416,5.0621
Health Care Providers & Services,SNDA,451 M,23.66,($1.57),($2.53),($2.27),114.69,-1.0915,-19.122
Health Care Providers & Services,HQY,"8,723 M",99.89,($2.29),$24.70,$1.20,5.1463,3.4035,1.6293
Health Care Providers & Services,CNC,"29,610 M",58.65,$0.46,$53.53,$5.75,11.559,3.5063,3.0158
Health Care Providers & Services,HUM,"33,555 M",278.67,($35.88),$145.87,$11.19,7.8375,4.0151,2.847
Health Care Providers & Services,UNH,"565,874 M",614.89,$14.20,$102.42,$15.38,15.252,6.9239,3.1661
Health Care Providers & Services,MOH,"18,243 M",318.94,$1.63,$83.68,$19.66,26.454,6.9013,3.3036
Health Care Providers & Services,ALHC,"2,517 M",13.13,($0.98),$0.60,($0.76),-94.51,-10.235,6.0435
Health Care Providers & Services,ELV,"95,952 M",413.725,$3.74,$188.74,$27.42,15.504,5.8444,2.6621
Health Care Providers & Services,PGNY,"1,555 M",17.225,$1.79,$5.03,$0.63,13.558,6.4483,1.5314
Health Care Technology,PHR,"1,233 M",21.35,($0.45),$4.36,($1.78),-40.261,-16.643,1.4412
Health Care Technology,DH,527 M,4.565,$0.45,$4.39,($3.11),-54.775,-.7634,2.3329
Health Care Technology,HCAT,493 M,8.105,($0.26),$5.83,($1.34),-21.464,-5.263,2.29
Health Care Technology,LFMD,307 M,7.125,$0.19,($0.18),($0.65),260.4,-21.34,-9.3986
Health Care Technology,VEEV,"38,249 M",236.20,$6.03,$32.04,$3.75,13.179,6.3847,1.2211
Health Care Technology,GDRX,"1,789 M",4.695,$0.23,$1.83,($0.05),-2.056,4.2105,1.9454
Health Care Technology,TDOC,"1,679 M",9.755,$1.23,$8.77,($5.81),-51.646,-3.1271,2.3404
Health Care Technology,HSTM,990 M,32.54,$1.07,$11.69,$0.65,5.6492,2.6042,1.4145
Health Care Technology,DOCS,"10,815 M",57.93,$1.17,$5.15,$0.87,19,11.833,1.1637
Health Care Technology,EVH,"1,662 M",14.45,$0.63,$9.03,($0.91),-5.7842,.7287,2.4086
Health Care Technology,CERT,"1,709 M",10.615,$0.22,$6.55,($0.20),-2.9531,.592,1.465
Health Care Technology,SLP,639 M,31.84,$0.45,$9.10,$0.49,5.6483,2.8514,1.0779
Health Care Technology,SDGR,"1,615 M",22.19,($2.67),$6.51,($2.79),-37.129,-16.829,1.4523
Health Care Technology,WAY,"5,317 M",30.90,$0.65,$17.74,($0.40),-2.0495,1.4915,1.4874
Biotechnology,COGT,"1,143 M",10.44,($1.94),$2.37,($2.47),-62.924,-37.182,1.6593
Biotechnology,ORIC,723 M,10.245,($1.59),$4.47,($1.75),-38.789,-25.196,1.0877
Biotechnology,CDMO,782 M,12.235,($0.18),$0.92,($2.28),-115.84,-3.0494,5.7071
Biotechnology,MGNX,257 M,4.095,($0.99),$1.91,($1.56),-62.167,-22.147,2.2029
Biotechnology,RYTM,"3,941 M",64.13,($2.73),$0.18,($4.33),-147.9,-46.239,32.418
Biotechnology,LYEL,329 M,1.1800,($0.61),$2.07,($0.80),-33.216,-19.115,1.1668
Biotechnology,KYMR,"3,235 M",49.95,($2.13),$13.79,($2.41),-25.996,-15.378,1.1589
Biotechnology,DSGN,390 M,6.89,($0.82),$4.46,($0.85),-17.781,-13.537,1.0364
Biotechnology,KALV,526 M,10.69,($2.60),$4.01,($3.57),-90.839,-53.937,1.1586
Biotechnology,ITOS,336 M,9.19,($3.20),$18.18,($2.94),-16.799,-12.051,1.1325
Biotechnology,IDYA,"2,683 M",31.04,($2.01),$13.67,($2.34),-21.098,-15.847,1.0504
Biotechnology,VCYT,"2,954 M",38.11,$0.75,$15.18,($0.12),-.8311,1.0662,1.0842
Biotechnology,ASND,"7,631 M",127.70,($6.26),($6.00),($9.24),382,-27.923,-2.3613
Biotechnology,MLTX,"3,286 M",52.10,($1.31),$7.74,($1.30),-16.797,-13.322,1.0615
Biotechnology,RLAY,995 M,5.945,($2.14),$5.03,($2.61),-42.69,-26.874,1.1088
Biotechnology,YMAB,591 M,13.27,($0.50),$2.06,($0.54),-24.784,-10.099,1.3082
Biotechnology,TRDA,739 M,19.76,($0.49),$11.93,$1.55,16.425,6.9475,1.3128
Biotechnology,STRO,334 M,4.08,($1.18),$1.86,($1.88),-81.104,-13.908,3.2137
Biotechnology,CNTA,"2,186 M",17.00,($1.45),$2.54,($1.56),-55.839,-24.543,1.3899
Biotechnology,IMCR,"1,686 M",33.695,$0.40,$7.55,($0.95),-12.826,-5.2208,2.8707
Biotechnology,PRAX,"1,539 M",82.59,($6.56),$21.52,($9.95),-64.342,-39.202,1.0878
Biotechnology,VERV,543 M,6.41,($2.01),$6.01,($2.45),-40.669,-22.187,1.3055
Biotechnology,ADMA,"5,175 M",21.89,$0.34,$0.98,$0.28,35.548,19.891,1.6845
Biotechnology,ETNB,958 M,9.0299,($2.93),$3.56,($3.01),-73.311,-41.356,1.2121
Biotechnology,OLMA,659 M,11.515,($1.74),$3.97,($2.07),-56.4,-35.467,1.1206
Biotechnology,SLN,759 M,16.22,($0.88),$3.04,($1.21),-64.282,-21.538,1.6767
Biotechnology,SVRA,629 M,3.82,($0.40),$0.74,($0.42),-79.481,-38.796,1.3729
Biotechnology,SLNO,"2,473 M",57.365,($1.36),$6.45,($3.47),-91.112,-48.046,1.1209
Biotechnology,PCVX,"12,401 M",99.50,($5.41),$27.47,($4.46),-21.063,-14.935,1.0416
Biotechnology,CGON,"2,484 M",37.03,($4.21),$8.54,($4.78),-31.363,-19.972,1.0179
Biotechnology,JANX,"2,764 M",52.66,($0.74),$12.54,($1.19),-12.046,-9.9321,1.0593
Biotechnology,AUPH,"1,201 M",8.3891,$0.20,$2.71,($0.16),-5.7834,-2.1547,1.4159
Biotechnology,INSM,"12,536 M",70.07,($4.09),$2.70,($5.56),-890.75,-26.049,4.2468
Biotechnology,RZLT,326 M,5.8277,($1.11),$2.27,($1.33),-63.881,-37.778,1.097
Biotechnology,BCAX,"1,217 M",22.385,<empty>,<empty>,<empty>,-51.667,-20.716,-1.1946
Biotechnology,ACAD,"2,981 M",17.915,$1.23,$3.47,$0.78,27.361,8.7171,1.6925
Biotechnology,AKBA,408 M,1.940000,($0.19),($0.24),($0.23),102.4,-9.3728,-4.1098
Biotechnology,XNCR,"1,649 M",23.57,$0.42,$10.35,($3.20),-29.02,-15.239,1.3589
Biotechnology,REPL,834 M,12.21,($2.87),$6.10,($3.24),-46.787,-25.742,1.2545
Biotechnology,CPRX,"2,750 M",23.06,$1.61,$5.54,$1.18,28.291,18.348,1.1681
Biotechnology,MDXG,"1,093 M",7.435,$0.40,$1.23,$0.50,62.473,18.379,1.3474
Biotechnology,LRMR,577 M,9.05,($1.04),$3.11,($1.15),-44.5,-28.547,1.1039
Biotechnology,PRME,513 M,4.27,($2.01),$1.69,($2.13),-99.585,-48.563,1.3211
Biotechnology,NBIX,"12,868 M",127.0991,$4.40,$26.87,$3.73,16.348,11.795,1.3002
Biotechnology,BCRX,"1,613 M",7.785,($0.28),($2.26),($0.60),28.155,-4.2538,-1.0484
Biotechnology,GRFS,"6,185 M",9.10,$0.34,$8.76,$0.26,2.7083,2.868,3.7914
Biotechnology,CELC,553 M,14.94,($2.17),$4.77,($2.68),-57.589,-23.933,1.6558
Biotechnology,MNKD,"1,957 M",7.095,$0.11,($0.76),$0.08,-9.3423,9.122,-2.2113
Biotechnology,ARCT,531 M,19.59,($2.29),$9.67,($2.33),-23.119,-12.155,1.4154
Biotechnology,FATE,274 M,2.405000,($1.36),$3.49,($1.70),-42.103,-20.498,1.3321
Biotechnology,ZYME,"1,198 M",17.395,($0.79),$5.27,($1.52),-28.729,-14.686,1.3275
Biotechnology,APLT,"1,151 M",9.89,($0.62),$0.05,($1.43),7271.4,-76.012,18.087
Biotechnology,BMEA,289 M,7.98,($3.14),$2.10,($4.00),-104.51,-56.379,1.4534
Biotechnology,AGIO,"3,374 M",59.17,($5.84),$28.53,$11.80,53.655,-18.175,1.1015
Biotechnology,JSPR,361 M,23.93,($4.31),$5.58,($4.67),-71.456,-40.916,1.188
Biotechnology,CMPS,344 M,5.03,($1.60),$2.82,($2.19),-64.677,-35.221,1.2813
Biotechnology,LEGN,"7,375 M",40.02,($0.90),$6.33,($1.57),-22.214,-12.518,1.5515
Biotechnology,INCY,"15,491 M",80.41,$0.08,$16.45,$0.15,.8017,-.1237,1.5806
Biotechnology,APGE,"3,249 M",57.32,($2.26),$13.23,($2.41),-26.725,-19.296,1.0349
Biotechnology,BPMC,"6,149 M",96.80,($4.03),$4.93,($2.06),-49.655,-14.965,3.8309
Biotechnology,DAWN,"1,575 M",15.62,($1.82),$5.51,($0.95),-17.838,-25.426,1.0816
Biotechnology,SANA,632 M,2.8300,($1.24),$1.31,($1.38),-92.904,-31.151,1.9126
Biotechnology,SGMO,558 M,2.6801,($0.96),$0.11,($1.35),-194.05,-58.289,3.9263
Biotechnology,MDGL,"7,393 M",338.95,($21.14),$35.64,($25.02),-129.76,-52.246,1.381
Biotechnology,FOLD,"3,124 M",10.455,($0.10),$0.60,($0.35),-67.094,1.1608,4.3985
Biotechnology,IOVA,"2,966 M",9.73,($1.35),$2.54,($1.48),-56.65,-29.155,1.2814
Biotechnology,KOD,268 M,5.095,($3.03),$4.09,($3.77),-71.495,-26.723,1.8721
Biotechnology,APLS,"3,639 M",29.255,($1.67),$1.94,($2.03),-106.56,-16.23,3.8034
Biotechnology,HUMA,672 M,5.365,($0.75),($0.53),($1.36),1143.9,-51.763,-1.801
Biotechnology,PTCT,"3,426 M",44.42,($3.59),($13.70),($5.93),52.54,-5.1479,-1.7473
Biotechnology,KRYS,"5,391 M",187.445,$2.04,$30.80,$1.77,6.3798,4.5802,1.1089
Biotechnology,EXAS,"9,280 M",50.14,$0.54,$17.35,($1.17),-6.7607,-2.1567,2.102
Biotechnology,TRML,666 M,25.96,($2.87),$12.52,($2.79),-31.824,-23.821,1.023
Biotechnology,RCUS,"1,539 M",16.82,($1.97),$6.17,($3.14),-49.77,-15.248,2.2159
Biotechnology,MLYS,665 M,13.365,($2.23),$5.84,($2.74),-41.617,-27.578,1.0979
Biotechnology,ABUS,691 M,3.645,($0.40),$0.56,($0.43),-67.808,-32.828,1.3139
Biotechnology,ANAB,652 M,21.42,($3.77),$2.77,($6.04),-161.81,-17.853,5.8485
Biotechnology,AVXL,762 M,8.9807,($0.36),$1.53,($0.50),-30.034,-20.433,1.0906
Biotechnology,GLPG,"1,796 M",27.25,($6.97),$48.34,($1.03),-2.2104,-2.3818,1.4575
Biotechnology,PSTX,359 M,3.70,($0.18),$0.90,($0.64),-57.627,-13.112,3.3663
Biotechnology,ORGO,453 M,3.415,$0.06,$1.99,($0.13),-6.1875,1.9379,1.6818
Biotechnology,ELDN,289 M,4.83,($1.14),($0.22),($3.28),-237.39,-25.799,-14.173
Biotechnology,MESO,"1,126 M",9.86,($0.05),$0.42,($0.09),-17.91,-5.4136,1.393
Biotechnology,TNGX,357 M,3.325,($1.14),$2.13,($1.14),-48.795,-22.37,1.5378
Biotechnology,ABEO,264 M,6.10,($1.48),$1.76,($1.78),-127.38,-37.814,1.8296
Biotechnology,ATXS,626 M,11.10,($1.86),$4.58,($2.15),-34.06,-20.04,1.4617
Biotechnology,AUTL,886 M,3.33,($0.75),$1.98,($1.09),-61.804,-18.498,1.6172
Biotechnology,BIIB,"24,536 M",168.38,$12.17,$112.28,$11.06,10.47,4.9899,1.7308
Biotechnology,GILD,"117,610 M",94.39,$7.57,$14.76,$0.10,.5611,12.065,2.9649
Biotechnology,ARDX,"1,081 M",4.565,($0.27),$0.67,($0.32),-41.54,-12.184,2.3239
Biotechnology,BCYC,"1,619 M",23.455,($3.95),$12.04,($3.23),-26.667,-15.015,1.1994
Biotechnology,TVTX,"1,462 M",18.73,($4.78),($0.39),($4.52),-279.94,-26.144,-16.563
Biotechnology,CGEM,931 M,15.99,($2.55),$10.80,($2.88),-26.533,-20.401,1.0404
Biotechnology,STOK,722 M,13.63,($1.66),$4.38,($2.07),-52.063,-27.5,1.2637
Biotechnology,GLUE,555 M,9.04,($0.93),$3.35,($1.77),-61.228,-28.425,1.5336
Biotechnology,BEAM,"2,310 M",27.90,($1.78),$9.97,($1.75),-18.289,-9.2749,1.4803
Biotechnology,DVAX,"1,772 M",13.48,$0.17,$5.19,$0.15,3.1839,-.3796,1.5585
Biotechnology,REGN,"90,196 M",820.79,$30.85,$272.04,$40.43,17.166,7.4141,1.2768
Biotechnology,ACLX,"5,434 M",100.49,$0.07,$8.95,($0.77),-10.792,-6.292,1.5836
Biotechnology,CDNA,"1,244 M",23.20,$0.02,$5.15,($2.74),-43.021,-7.5037,1.7456
Biotechnology,VERA,"3,073 M",48.525,($2.36),$5.25,($2.62),-65.111,-33.372,1.275
Biotechnology,ALNY,"34,753 M",269.445,$0.13,$0.25,($2.62),497.73,-2.9234,129.97
Biotechnology,RGNX,521 M,10.52,($3.87),$6.09,($5.00),-71.873,-26.03,1.7223
Biotechnology,LXRX,441 M,1.220000,($0.75),$0.66,($0.78),-94.81,-35.694,1.5558
Biotechnology,CYTK,"6,626 M",56.15,($3.80),($0.12),($5.38),254.64,-30.128,-103.23
Biotechnology,ERAS,843 M,2.985,($0.80),$1.65,($0.94),-38.899,-19.138,1.1655
Biotechnology,DNLI,"4,294 M",29.835,($2.40),$9.17,($2.73),-35.086,-23.808,1.1028
Biotechnology,NUVL,"6,402 M",90.743,($2.10),$9.84,($2.80),-32.808,-22.709,1.06
Biotechnology,VRTX,"126,243 M",490.21,($5.24),$60.65,($1.86),-2.9853,12.051,1.4228
Biotechnology,IMNM,779 M,12.50,($2.58),$4.23,($6.31),-199.56,-26.85,1.167
Biotechnology,TECX,696 M,47.23,($2.91),$11.29,($3.63),-276.6,-64.44,1.1656
Biotechnology,BHVN,"5,071 M",50.23,($6.13),$4.16,($9.43),-193.67,-89.646,1.5183
Biotechnology,RNA,"5,577 M",46.74,($1.91),$12.64,($2.85),-27.759,-18.332,1.0914
Biotechnology,ARQT,"1,199 M",10.245,($1.49),$1.34,($1.73),-192.31,-31.14,2.7921
Biotechnology,BNTX,"25,484 M",106.30,$4.49,$88.78,($2.16),-2.3955,-1.2349,1.172
Biotechnology,ZNTL,262 M,3.685,($2.35),$5.38,($2.75),-42.99,-24.767,1.2852
Biotechnology,EXAI,754 M,5.76,($1.25),$2.62,($1.58),-46.427,-21.215,1.6107
Biotechnology,UTHR,"17,888 M",400.685,$19.63,$136.74,$22.72,18.808,11.89,1.1676
Biotechnology,RVMD,"9,917 M",58.95,($3.45),$9.34,($3.56),-47.181,-28.56,1.1256
Biotechnology,NVAX,"1,340 M",8.37,($0.18),($2.70),($2.28),49.625,-10.212,-4.2127
Biotechnology,VNDA,314 M,5.385,($2.12),$9.28,($0.29),-3.0227,-3.6405,1.192
Biotechnology,RXRX,"2,166 M",7.555,($1.37),$1.83,($1.54),-78.492,-36.399,1.385
Biotechnology,CCCC,388 M,5.495,($1.11),$3.44,($1.63),-46,-20.607,1.5498
Biotechnology,XOMA,365 M,31.155,($1.75),$7.21,($3.05),-31.411,-5.542,2.635
Biotechnology,GERN,"2,415 M",3.995,($0.34),$0.48,($0.32),-69.032,-30.3,1.5223
Biotechnology,NTLA,"1,704 M",16.7272,($3.78),$9.46,($5.44),-52.228,-27.812,1.2189
Biotechnology,SAGE,353 M,5.77,($5.29),$9.02,($5.59),-49.338,-29.615,1.1279
Biotechnology,EBS,595 M,10.985,$2.63,$9.40,($3.98),-34.638,-4.2199,2.9068
Biotechnology,EXEL,"10,237 M",35.845,$1.37,$7.96,$1.55,20.2,12.807,1.301
Biotechnology,VIR,"1,274 M",9.2489,($3.49),$9.08,($3.93),-36.583,-19.406,1.2076
Biotechnology,ALEC,543 M,5.545,($2.39),$1.21,($1.70),-112.55,-19.248,4.3388
Biotechnology,MRNA,"16,720 M",43.45,($10.34),$30.98,($5.82),-17.524,-9.5488,1.325
Biotechnology,EDIT,254 M,3.075,($2.33),$2.13,($2.56),-78.558,-34.324,1.8651
Biotechnology,CRVS,545 M,8.72,($0.41),$0.82,($0.44),-44.914,-23.834,1.2603
Biotechnology,IONS,"5,982 M",37.885,($2.56),$4.20,($2.46),-73.382,-7.2467,4.6509
Biotechnology,ARGX,"35,529 M",594.16,($5.51),$71.28,($0.68),-5.7397,-5.5105,1.1254
Biotechnology,RCEL,329 M,12.67,($2.32),$0.47,($2.23),-152.44,-45.369,6.6289
Biotechnology,SMMT,"15,339 M",20.80,($0.09),$0.14,($1.09),-513.78,-21.944,2.1984
Biotechnology,QTTB,530 M,43.48,($5.06),$1.51,($5.76),453.83,-61.102,5.7142
Biotechnology,GMAB,"14,268 M",22.465,$15.16,$75.06,$10.78,14.919,10.953,1.2424
Biotechnology,VCEL,"2,766 M",56.04,($0.25),$5.23,$0.07,1.5364,-.2168,1.5163
Biotechnology,CATX,723 M,10.725,($0.57),$5.06,($1.21),-23.201,-12.033,1.1317
Biotechnology,VKTX,"6,768 M",60.735,($0.70),$8.18,($0.93),-15.496,-12.681,1.029
Biotechnology,ATYR,264 M,3.48,($0.98),$0.86,($0.94),-78.137,-39.258,1.4025
Biotechnology,SRPT,"10,925 M",114.37,($4.96),$12.79,$1.22,12.274,1.5094,2.9482
Biotechnology,IRON,"1,881 M",63.27,($3.00),$16.45,($3.67),-21.162,-15.511,1.0438
Biotechnology,HALO,"7,581 M",59.59,$3.08,$3.56,$3.02,111.83,14.867,4.6786
Biotechnology,GYRE,"1,497 M",16.02,$0.03,$0.71,($1.22),-82.741,10.181,2.0038
Biotechnology,VYGR,372 M,6.825,($0.44),$6.16,$0.18,3.3765,-1.106,1.3006
Biotechnology,TYRA,804 M,15.885,($1.22),$6.85,($1.57),-28.656,-20.209,1.0505
Biotechnology,ADCT,280 M,2.9000,($1.47),($1.78),($2.32),187.64,-21.17,-2.0302
Biotechnology,ARWR,"2,665 M",21.435,($4.61),$2.66,($4.66),-151.84,-40.724,2.6736
Biotechnology,OCGN,291 M,1.010000,($0.21),$0.16,($0.20),-103.3,-47.981,1.5244
Biotechnology,KROS,"2,624 M",64.785,($4.09),$13.57,($5.21),-43.822,-28.165,1.0872
Biotechnology,IRWD,705 M,4.4072,$0.78,($1.95),($0.02),.9798,13.048,-1.2511
Biotechnology,NRIX,"1,911 M",26.98,($1.75),$5.62,($2.89),-57.961,-29.464,1.3628
Biotechnology,BMRN,"12,619 M",66.215,$1.64,$28.41,$1.68,6.2518,2.998,1.2656
Biotechnology,SPRY,"1,604 M",16.545,($0.46),$2.22,($0.47),-19.337,-14.753,1.0312
Biotechnology,XENE,"3,286 M",43.37,($2.15),$11.15,($2.73),-26.71,-18.924,1.0474
Biotechnology,ABBV,"302,746 M",171.32,$8.83,$3.41,$2.87,56.407,7.7196,23.777
Biotechnology,TGTX,"4,829 M",31.02,($0.19),$1.34,($0.10),-8.0487,-.0688,3.0497
Biotechnology,MREO,635 M,4.13,($0.15),$0.51,($0.26),-48.473,-23.857,1.2222
Biotechnology,ABSI,413 M,3.635,($0.61),$1.95,($0.93),-42.237,-23.976,1.1537
Biotechnology,NTRA,"16,720 M",135.19,($0.99),$6.78,($2.44),-40.78,-14.184,1.8135
Biotechnology,MRSN,270 M,2.205000,($1.10),$0.07,($0.86),-213.33,-26.297,21.256
Biotechnology,RIGL,477 M,27.125,$0.59,($0.83),$0.22,-16.703,4.6139,-9.5258
Biotechnology,CRNX,"5,290 M",58.76,($2.69),$10.47,($3.75),-47.662,-28.274,1.1261
Biotechnology,IMMP,288 M,1.9800,($0.03),$0.07,($0.03),-42.116,-25.702,1.0704
Biotechnology,IBRX,"3,472 M",4.985,($0.67),($1.01),($0.95),89.049,-61.037,-.63622
Biotechnology,BGNE,"20,629 M",194.16,($12.99),$31.73,($5.01),-14.619,-9.692,1.6969
Biotechnology,AURA,527 M,10.63,($1.64),$3.86,($1.77),-45.09,-27.477,1.1401
Biotechnology,SLRN,584 M,5.855,($2.22),$5.71,($3.06),-43.789,-35.63,1.147
Biotechnology,MIRM,"2,021 M",42.37,($0.86),$4.81,($2.40),-70.978,-12.273,2.8855
Biotechnology,CLDX,"1,783 M",26.88,($2.63),$11.85,($2.53),-29.842,-19.731,1.0474
Biotechnology,PGEN,278 M,.951000,($0.31),$0.17,($0.54),-129.32,-42.321,1.6947
Biotechnology,ALDX,281 M,4.721,($0.52),$1.43,($0.75),-43.051,-23.449,1.3787
Biotechnology,AMGN,"160,706 M",298.97,$11.71,$14.00,$7.83,55.72,4.5971,12.074
Biotechnology,CAPR,823 M,18.12,($1.20),$0.36,($0.93),-392.69,-44.494,3.3278
Biotechnology,PTGX,"2,588 M",43.42,$3.75,$8.94,$2.68,40.968,19.959,1.1353
Biotechnology,ALLO,595 M,2.8400,($1.18),$2.21,($1.54),-54.149,-25.823,1.2704
Biotechnology,IMVT,"4,298 M",29.2802,($1.87),$3.06,($2.22),-92.174,-54.541,1.1484
Biotechnology,FHTX,489 M,8.80,($2.09),($0.51),($1.83),212.95,-20.452,-10.902
Biotechnology,NGNE,595 M,40.13,($7.65),$11.93,$0.18,-41.339,-32.361,1.16
Biotechnology,BBIO,"4,622 M",24.58,($2.38),($5.81),($2.58),37.958,-48.437,-.72683
Biotechnology,ZLAB,"2,889 M",29.00,($2.21),$7.18,($3.07),-36.46,-21.13,1.4022
Biotechnology,SWTX,"2,451 M",33.005,($3.60),$7.50,($4.37),-59.725,-35.398,1.1088
Biotechnology,ANNX,700 M,6.625,($1.00),$3.42,($1.13),-42.198,-24.828,1.1246
Biotechnology,FDMT,410 M,7.8891,($1.84),$11.33,($2.32),-24.06,-16.864,1.054
Biotechnology,DNTH,819 M,27.66,($2.22),$11.51,($2.38),-25.991,-18.955,1.0484
Biotechnology,ALT,677 M,9.52,($1.13),$2.15,($1.60),-63.293,-34.095,1.1365
Biotechnology,MYGN,"1,469 M",16.175,($1.20),$8.04,($1.30),-16.395,-5.3465,1.4778
Biotechnology,SNDX,"1,379 M",16.15,($3.15),$4.28,($3.62),-81.878,-48.666,1.1621
Biotechnology,RARE,"4,416 M",47.82,($5.06),$3.76,($6.43),-289.98,-24.12,4.4355
Biotechnology,VRDN,"1,723 M",22.57,($3.09),$5.16,($4.18),-53.965,-33.451,1.7767
Biotechnology,SRRK,"2,449 M",26.655,($2.11),$1.67,($2.55),-121.29,-51.201,1.6978
Biotechnology,RCKT,"1,458 M",15.99,($2.16),$3.62,($2.75),-59.27,-34.484,1.1938
Biotechnology,DYN,"2,940 M",29.28,($2.98),$7.74,($3.48),-52.46,-31.454,1.0654
Biotechnology,GRAL,471 M,15.17,($21.78),$86.80,($92.87),-35.35,-11.009,1.2132
Biotechnology,TWST,"2,650 M",45.2388,($1.30),$8.39,($3.82),-38.359,-16.392,1.2993
Biotechnology,SYRE,"1,845 M",35.88,($4.07),$3.34,($5.79),-91.624,-38.805,2.4543
Biotechnology,KURA,"1,445 M",18.58,($2.02),$5.45,($2.36),-46.281,-28.54,1.1299
Biotechnology,TSHA,493 M,2.405000,($0.40),$0.54,($0.57),-318.69,-34.166,1.8407
Biotechnology,PYXS,278 M,4.675,($1.15),$2.88,($1.20),-37.581,-21.531,1.2273
Biotechnology,VALN,389 M,4.79,($1.36),$1.72,($0.06),-3.9563,-10.594,2.3756
Biotechnology,RNAC,401 M,16.78,($3.95),$0.03,($23.08),-7029.3,-10.949,605.47
Biotechnology,ENGN,424 M,8.315,($1.35),$5.21,($4.60),-123.06,-22.067,1.1587
Biotechnology,ABVX,652 M,10.3581,($2.94),$2.15,($3.36),-171.46,-46.692,2.2495
Biotechnology,ACRV,261 M,8.42,($2.14),$6.98,($2.68),-37.784,-24.414,1.0672
Biotechnology,ARTV,307 M,12.66,<empty>,<empty>,<empty>,-44.214,-16.097,-.39724
Biotechnology,AVBP,"1,106 M",32.93,($4.27),$8.85,($4.69),-31.028,-21.224,1.0411
Biotechnology,OPT,636 M,4.135,($0.25),($0.07),($0.35),539.39,-83.429,-2.4903
Biotechnology,TCRX,283 M,5.34,($1.41),$4.82,($1.97),-46.84,-20.164,1.4688
Biotechnology,UPB,"1,390 M",25.945,<empty>,<empty>,<empty>,-35.88,-36.958,-1.4515
Biotechnology,KRRO,606 M,65.20,($14.68),$21.34,($15.11),-62.721,-31.907,1.2601
Biotechnology,GNFT,260 M,5.2116,($0.92),$2.10,$0.47,25.914,6.5133,2.0005
Biotechnology,PHAR,543 M,8.00,$0.00,$0.44,($0.03),-8.1806,-1.3803,1.8845
Biotechnology,TVGN,320 M,1.875000,($0.24),($0.06),($1.35),12.559,-593.01,-.31726
Biotechnology,LENZ,"1,021 M",37.13,($3.17),$7.83,($2.69),-41.902,-27.031,1.0405
Biotechnology,PRTC,547 M,22.845,($0.44),$1.32,($0.30),-22.074,-13.392,1.8361
Biotechnology,CLYM,253 M,3.78,$0.00,$3.33,($2.28),-38.351,-24.544,1.0168
Biotechnology,CRGX,968 M,21.09,($4.79),$9.51,($5.53),-63.219,-34.92,1.1236
Biotechnology,ZBIO,874 M,20.92,<empty>,<empty>,<empty>,-102.89,-23.77,-.6924
Pharmaceuticals,LGND,"2,205 M",120.70,$1.41,$44.84,$2.47,5.9962,1.3032,1.1352
Pharmaceuticals,EYPT,761 M,11.15,($2.33),$4.09,($2.04),-74.684,-31.393,1.3757
Pharmaceuticals,ITCI,"9,367 M",88.35,($0.62),$10.80,($0.86),-9.8962,-7.4445,1.1569
Pharmaceuticals,PAHC,"1,016 M",25.085,$1.14,$6.38,$0.43,6.5485,5.2562,3.8271
Pharmaceuticals,SIGA,504 M,7.055,$1.00,$2.37,$1.20,58.389,36.954,1.1529
Pharmaceuticals,THRD,666 M,14.78,($0.71),$6.59,($0.97),-13.807,-11.257,1.0327
Pharmaceuticals,VTRS,"15,415 M",12.915,$1.59,$16.58,($0.74),-4.345,2.4821,2.2612
Pharmaceuticals,AQST,455 M,4.985,($0.43),($0.50),($0.44),47.447,-15.571,-2.4209
Pharmaceuticals,XERS,466 M,3.13,($0.22),($0.19),($0.44),516.09,-8.7006,-11.337
Pharmaceuticals,ELVN,"1,279 M",27.07,($1.67),$6.46,($1.92),-28.369,-19.549,1.0725
Pharmaceuticals,AVIR,281 M,3.325,($1.51),$5.43,($2.07),-33.455,-14.251,1.0707
Pharmaceuticals,ANIP,"1,280 M",60.91,$3.75,$20.74,($0.46),-1.6015,1.2515,3.1713
Pharmaceuticals,TEVA,"19,420 M",17.14,$1.21,$5.35,($0.86),-17.517,5.5607,6.8851
Pharmaceuticals,CRMD,708 M,11.67,($0.97),$1.01,($0.80),-65.037,-37.69,1.3215
Pharmaceuticals,CORT,"6,027 M",57.52,$1.39,$6.10,$1.26,25.773,13.002,1.2276
Pharmaceuticals,AMPH,"2,286 M",47.54,$3.51,$15.04,$3.01,23.846,8.6678,2.1234
Pharmaceuticals,NUVB,991 M,2.9450,($0.42),$1.50,($2.23),-95.536,-13.976,1.137
Pharmaceuticals,LQDA,899 M,10.655,($1.24),$0.82,($1.59),-181.73,-40.693,2.8277
Pharmaceuticals,NVS,"209,713 M",104.895,$6.17,$21.67,$5.73,28.786,10.592,2.3899
Pharmaceuticals,SUPN,"2,084 M",37.735,$3.13,$18.24,$1.07,6.2221,2.8913,1.3332
Pharmaceuticals,MNMD,602 M,8.215,($1.25),$3.21,($1.64),-54.612,-25.378,1.2196
Pharmaceuticals,ELAN,"7,003 M",14.165,$0.75,$13.20,$0.41,3.2393,1.1763,2.0363
Pharmaceuticals,SAVA,"1,274 M",26.475,($1.74),$3.47,($1.37),-10.98,-45.595,1.3427
Pharmaceuticals,ESPR,477 M,2.431300,($0.16),($1.89),($0.52),22.243,3.8416,-.84848
Pharmaceuticals,BMY,"119,733 M",59.035,$6.81,$8.45,($3.58),-31.33,6.0744,5.4644
Pharmaceuticals,ZTS,"78,555 M",174.115,$5.06,$11.59,$5.32,47.303,14.664,2.743
Pharmaceuticals,AMLX,427 M,6.225,($1.94),$2.90,($3.83),-84.434,-43.443,1.2778
Pharmaceuticals,PRGO,"3,599 M",26.38,$1.14,$33.45,($1.07),-3.1577,1.3683,2.4536
Pharmaceuticals,MRK,"249,270 M",98.54,$5.86,$17.58,$4.78,28.332,10.531,2.6411
Pharmaceuticals,LLY,"778,515 M",820.08,($1.94),$15.82,$9.25,65.318,13.946,5.3095
Pharmaceuticals,INVA,"1,271 M",20.30,$2.58,$10.68,$0.99,9.9674,9.3677,1.8422
Pharmaceuticals,VRNA,"3,208 M",39.20,($1.28),$1.59,($1.93),-78.027,-28.049,2.926
Pharmaceuticals,NVO,"476,238 M",107.025,$2.25,$4.04,$3.17,88.726,21.466,3.2977
Pharmaceuticals,OGN,"4,010 M",15.57,$2.52,$1.91,$5.04,-2710.4,7.9111,25.866
Pharmaceuticals,BHC,"3,364 M",9.145,$2.75,($3.19),($0.48),90.985,4.1508,-22.606
Pharmaceuticals,SNDL,534 M,2.0100,$0.10,$3.37,($0.31),-8.9861,-2.1895,1.1944
Pharmaceuticals,PFE,"148,333 M",26.175,$1.45,$16.29,$0.75,4.5383,3.3066,2.3782
Pharmaceuticals,COLL,"1,013 M",31.397,$5.95,$7.27,$2.16,42.887,9.6752,6.9795
Pharmaceuticals,HRMY,"2,001 M",35.08,$3.40,$10.46,$2.11,22.748,12.845,1.5552
Pharmaceuticals,CTLT,"10,746 M",59.205,($0.33),$19.52,($2.28),-11.188,-.1773,2.7062
Pharmaceuticals,EWTX,"3,330 M",35.17,($1.30),$5.18,($1.46),-31.899,-22.36,1.0458
Pharmaceuticals,OCUL,"1,647 M",10.56,($0.78),$2.43,($1.25),-72.672,-22.37,1.3691
Pharmaceuticals,PCRX,773 M,16.745,$4.18,$16.24,($1.96),-11.477,4.1721,2.0301
Pharmaceuticals,PBH,"4,027 M",81.50,$5.12,$35.03,$4.10,12.605,6.1161,2.005
Pharmaceuticals,LBPH,"2,333 M",59.75,($1.92),$7.05,($2.23),-46.661,-30.717,1.0793
Pharmaceuticals,ACB,259 M,4.7198,($0.01),$0.01,$0.00,-5.7892,-1.2439,1.489
Pharmaceuticals,ARVN,"1,798 M",26.1595,($3.75),$8.53,($4.46),-59.164,-20.069,1.9916
Pharmaceuticals,AMRX,"2,880 M",9.305,$0.78,($0.30),($0.63),-185.77,6.0307,-36.989
Pharmaceuticals,PLRX,836 M,13.73,($2.27),$5.68,($3.34),-47.518,-28.151,1.2887
Pharmaceuticals,ZVRA,449 M,8.535,($1.43),$0.77,($1.70),-132.32,-37.412,4.4463
Pharmaceuticals,GSK,"72,439 M",35.505,$1.61,$4.59,$0.81,21.847,7.2407,4.144
Pharmaceuticals,JNJ,"367,187 M",152.51,$7.90,$29.14,$6.08,20.889,8.4031,2.5412
Pharmaceuticals,HCM,"2,988 M",17.48,($0.08),$0.87,($0.05),-5.4391,-5.9022,1.7037
Pharmaceuticals,EOLS,788 M,12.445,($0.43),$0.09,($0.92),822.97,-9.925,38.983
Pharmaceuticals,AZN,"201,865 M",65.105,$4.55,$25.49,$4.12,16.737,7.6829,2.6407
Pharmaceuticals,TAK,"42,974 M",13.555,$2.37,$30.38,$1.27,4.1474,2.7747,2.1057
Pharmaceuticals,CGC,417 M,3.955,($2.82),$4.05,($4.78),-93.031,-4.8365,2.5988
Pharmaceuticals,TLRY,"1,328 M",1.4700,($0.08),$4.14,($0.33),-5.8444,-1.3967,1.2262
Pharmaceuticals,TARS,"1,806 M",47.48,($3.78),$6.63,($4.38),-75.04,-34.548,1.4939
Pharmaceuticals,RDY,"12,283 M",14.745,$0.13,$4.38,$0.76,19.273,10.404,1.526
Pharmaceuticals,TERN,604 M,7.155,($1.08),$3.11,($1.31),-38.916,-25.987,1.0558
Pharmaceuticals,RVNC,436 M,4.1549,($2.01),($1.55),($3.13),225.1,-24.358,-2.8312
Pharmaceuticals,NMRA,"1,811 M",11.315,($1.57),$2.38,($2.12),-77.081,-37.751,1.0609
Pharmaceuticals,HROW,"1,768 M",49.83,($0.59),$1.65,($0.95),-83.703,-1.9196,5.2387
Pharmaceuticals,SNY,"125,646 M",50.115,$3.54,$64.70,$4.00,5.8145,4.1624,1.7851
Pharmaceuticals,CRON,858 M,2.2450,$0.03,$2.77,($0.15),-5.2893,-3.7303,1.03
Pharmaceuticals,PHAT,642 M,9.39,($4.15),($2.74),($5.68),331.35,-57.674,-2.0685
Pharmaceuticals,GPCR,"2,115 M",36.98,($2.33),$16.10,($2.22),-17.691,-13.013,1.0282
Pharmaceuticals,AXSM,"4,751 M",98.985,($3.55),$2.15,($6.52),-161.69,-28.23,5.3302
Pharmaceuticals,RAPP,914 M,25.00,($5.20),$8.83,($5.81),-43.361,-24.18,1.0249
Pharmaceuticals,CRLBF,438 M,1.258500,$0.22,$1.32,($0.20),-14.17,5.2235,3.0269
Pharmaceuticals,ALMS,618 M,11.36,($72.03),($8.06),($81.30),-245.36,-99.968,-.60439
Pharmaceuticals,SEPN,"1,045 M",23.54,<empty>,<empty>,<empty>,5.915,-34.097,-2.6066
Pharmaceuticals,BIOA,722 M,20.1545,($25.79),$9.17,($33.14),622.63,-111.31,1.0753
Pharmaceuticals,BLTE,"2,468 M",80.62,($1.12),$3.74,($1.22),-41.442,-25.621,1.0335
Pharmaceuticals,MBX,747 M,22.37,($3.68),$8.13,($4.01),-53.751,-34.143,1.0407
Pharmaceuticals,GTBIF,"2,075 M",8.800000,$0.56,$7.52,$0.27,3.7088,5.5623,1.417
Pharmaceuticals,CTNM,502 M,19.50,($2.52),$8.17,($2.14),-20.756,-15.322,1.0276
Life Sciences Tools & Services,WAT,"22,865 M",385.09,$10.46,$27.00,$10.48,49.64,11.332,2.8143
Life Sciences Tools & Services,AVTR,"14,875 M",21.855,$1.10,$8.16,$0.45,5.8126,3.2728,2.3123
Life Sciences Tools & Services,CRL,"11,045 M",215.99,$10.90,$73.97,$8.00,11.924,4.8733,2.1162
Life Sciences Tools & Services,CTKB,904 M,7.015,$0.22,$2.97,($0.08),-2.5368,-2.739,1.2744
Life Sciences Tools & Services,LAB,761 M,2.0450,($0.53),$1.31,($0.62),-37.254,-14.685,1.3928
Life Sciences Tools & Services,BIO,"10,214 M",364.84,$7.87,$267.46,($27.41),-9.7923,1.8549,1.4161
Life Sciences Tools & Services,MEDP,"11,216 M",360.85,$17.34,$28.42,$11.42,54.079,14.311,2.3644
Life Sciences Tools & Services,CYRX,391 M,7.91,($0.74),$7.81,($3.39),-33.149,-5.1174,1.8167
Life Sciences Tools & Services,FTRE,"1,964 M",21.90,$2.52,$16.87,($2.44),-13.586,-1.0447,2.4207
Life Sciences Tools & Services,WST,"23,708 M",327.36,$4.39,$37.96,$6.74,17.778,9.9952,1.3354
Life Sciences Tools & Services,MRVI,800 M,5.655,($0.13),$3.09,($1.66),-19.385,-1.4734,3.3131
Life Sciences Tools & Services,CDXS,326 M,4.0101,($0.65),$0.90,($0.88),-75.306,-20.954,2.0188
Life Sciences Tools & Services,TECH,"11,766 M",74.05,$1.50,$13.08,$0.95,7.2871,5.5497,1.3069
Life Sciences Tools & Services,BRKR,"8,505 M",56.105,$1.06,$11.92,$2.06,19.726,4.8288,3.3829
Life Sciences Tools & Services,MTD,"26,564 M",1258.805,$41.59,($7.31),$37.06,-611.5,20.142,-21.508
Life Sciences Tools & Services,TMO,"206,868 M",540.83,$20.30,$128.08,$15.95,12.944,4.674,2.0486
Life Sciences Tools & Services,RVTY,"14,658 M",120.445,$4.58,$64.88,$2.09,3.3075,1.7168,1.612
Life Sciences Tools & Services,ILMN,"23,368 M",147.34,$2.94,$13.45,($9.98),-39.511,2.6183,2.8301
Life Sciences Tools & Services,DHR,"173,007 M",239.53,$6.77,$71.03,$5.30,7.5858,3.858,1.5715
Life Sciences Tools & Services,STVN,"5,693 M",20.86,($0.77),$5.39,$0.47,9.4824,4.9647,1.6743
Life Sciences Tools & Services,ADPT,873 M,5.915,($0.78),$1.52,($1.34),-66.761,-16.372,2.4959
Life Sciences Tools & Services,TXG,"1,901 M",15.70,$0.21,$5.97,($1.53),-24.87,-11.372,1.2974
Life Sciences Tools & Services,QTRX,580 M,15.11,($1.06),$8.77,($1.04),-11.476,-7.8145,1.2213
Life Sciences Tools & Services,LFCR,260 M,7.06,($0.60),$0.37,$0.14,17.291,-2.2484,22.445
Life Sciences Tools & Services,TEM,"10,736 M",68.19,($2.20),$0.35,($8.52),677.77,-58.653,18.086
Life Sciences Tools & Services,PSNL,374 M,5.29,($1.02),$2.36,($1.72),-57.517,-18.779,1.4385
Life Sciences Tools & Services,BLFS,"1,201 M",26.03,($0.17),$6.97,($1.41),-18.868,-6.9651,1.1665
Life Sciences Tools & Services,MXCT,375 M,3.555,($0.20),$2.03,($0.34),-16.001,-11.253,1.1655
Life Sciences Tools & Services,RGEN,"8,319 M",148.54,$2.14,$35.53,($0.03),-.096,.1949,1.4408
Life Sciences Tools & Services,ABCL,868 M,2.940000,($0.68),$3.65,($0.61),-15.551,-13.256,1.2919
Life Sciences Tools & Services,NAUT,314 M,2.500000,($0.49),$1.78,($0.56),-28.044,-17.624,1.1623
Life Sciences Tools & Services,CDXC,551 M,7.215,$0.05,$0.45,$0.02,4.8154,.5079,1.6446
Life Sciences Tools & Services,AZTA,"2,243 M",45.85,$0.73,$39.50,($2.79),-6.6348,-1.5881,1.1672
Life Sciences Tools & Services,A,"38,463 M",133.865,$4.86,$20.53,$4.81,24.658,7.5792,1.8628
Life Sciences Tools & Services,PACB,600 M,2.2000,($0.98),$1.66,($1.46),-64.796,-11.367,3.2001
Life Sciences Tools & Services,QGEN,"9,633 M",43.345,$2.08,$15.88,$0.41,2.573,4.8875,1.7763
Life Sciences Tools & Services,OABI,531 M,4.49,($0.47),$2.49,($0.62),-19.868,-13.947,1.1465
Life Sciences Tools & Services,SHC,"4,406 M",15.555,$0.37,$1.66,$0.25,16.695,7.6829,6.6971
Life Sciences Tools & Services,IQV,"38,792 M",213.73,$10.77,$38.36,$7.62,22.001,5.1145,3.9013
Life Sciences Tools & Services,MLAB,612 M,112.615,$6.63,$29.79,($45.50),-89.456,1.6873,2.8126
Life Sciences Tools & Services,EVO,"1,570 M",4.42,($1.30),$6.08,($1.08),-16.249,-1.6258,2.0556
Life Sciences Tools & Services,TKNO,335 M,6.28,($0.35),$1.68,($0.73),-33.899,-13.909,1.422
