﻿Watchlist Scanner

Results
Industry,Symbol,Market Cap,Last,Free Cash Flow Per Share - Current (LTM),Book Value Per Share - Current (LTM),Earnings Per Share - TTM - Current (LTM),Return on Equity (ROE) - Current (LTM),Return on Assets (ROA) - Current (LTM),Financial Leverage (Assets/Equity) - Current (LTM)
Diversified Telecommunication Services,ASTS,"7,676 M",33.80,($1.94),$2.30,($1.94),-119.25,-23.068,1.9923
Diversified Telecommunication Services,ATEX,724 M,38.94,($1.16),$7.79,($1.62),-18.921,-9.8326,2.2569
Diversified Telecommunication Services,BAND,437 M,15.26,$2.19,$10.95,($0.24),-2.1392,-1.2031,3.165
Diversified Telecommunication Services,CCOI,"3,462 M",70.19,($4.28),$4.69,($4.28),-49.032,-3.5148,14.239
Diversified Telecommunication Services,GSAT,"2,920 M",23.09,$1.33,$2.84,($0.59),-17.121,-.0186,4.7654
Diversified Telecommunication Services,IRDM,"3,329 M",30.59,$2.58,$5.23,$0.94,15.399,4.7692,4.6329
Diversified Telecommunication Services,LBTYA,"4,039 M",11.58,$3.07,$35.46,$4.82,11.848,-.0261,2.0572
Diversified Telecommunication Services,LBTYB,"3,812 M",10.93,$3.07,$35.46,$4.82,11.848,-.0261,2.0572
Diversified Telecommunication Services,LUMN,"5,231 M",5.16,$1.12,$0.46,($0.06),-12.486,.8424,72.19
Diversified Telecommunication Services,SIFY,350 M,4.84,($2.41),$4.64,($0.05),.2376,2.1103,2.9539
Diversified Telecommunication Services,ATNI,274 M,18.13,($0.22),$33.09,($2.70),-6.1524,1.0016,3.5685
Diversified Telecommunication Services,BCE,"21,630 M",23.71,$1.81,$10.30,$0.12,1.9793,4.8266,5.4356
Diversified Telecommunication Services,CHT,"30,401 M",39.19,$0.20,$1.51,$0.15,9.7193,5.5212,1.3885
Diversified Telecommunication Services,FYBR,"8,997 M",36.03,($4.68),$19.79,($1.30),-6.3013,1.5191,4.172
Diversified Telecommunication Services,IDT,"1,174 M",46.51,$1.73,$10.32,$2.92,31.325,9.0084,2.1285
Diversified Telecommunication Services,IHS,"1,186 M",3.56,$0.74,($1.42),($7.01),-2142.4,5.3412,-9.6758
Diversified Telecommunication Services,KT,"8,830 M",17.96,$5.76,$49.68,$1.39,2.4608,17.221,2.3229
Diversified Telecommunication Services,SHEN,622 M,11.37,($4.77),$16.82,($0.59),-3.4294,-.5796,1.8945
Diversified Telecommunication Services,SNRE,"4,339 M",45.75,<empty>,<empty>,<empty>,-8.1872,.4691,3.547
Diversified Telecommunication Services,T,"187,925 M",26.18,$2.57,$14.54,$1.49,10.226,4.1232,3.7826
Diversified Telecommunication Services,TEF,"24,830 M",4.40,$1.01,$3.56,($0.06),.8385,1.9516,5.1947
Diversified Telecommunication Services,TEO,"5,031 M",11.68,($0.07),$2.46,$0.21,12.724,-.7199,1.9837
Diversified Telecommunication Services,TLK,"15,295 M",15.44,$0.02,$0.09,$0.02,19.55,9.7891,2.1012
Diversified Telecommunication Services,TU,"23,255 M",15.36,$0.68,$7.22,$0.46,5.5014,3.4305,3.7147
Diversified Telecommunication Services,VIV,"13,781 M",8.38,$1.04,$6.93,$0.55,7.9716,4.579,1.7918
Diversified Telecommunication Services,VZ,"180,344 M",42.84,$4.49,$23.57,$4.14,18.469,5.049,3.8767
Wireless Telecommunication Services,AMX,"43,364 M",14.25,$0.09,$343.35,$22.26,7.688,6.6788,4.1369
Wireless Telecommunication Services,GOGO,922 M,7.05,$0.63,$0.42,$0.43,130.82,8.4722,15.377
Wireless Telecommunication Services,PHI,"5,276 M",24.42,$2.29,$9.16,$2.57,28.668,5.5572,5.4241
Wireless Telecommunication Services,RCI,"15,048 M",28.07,$2.04,$13.50,$2.23,16.639,4.4476,6.8645
Wireless Telecommunication Services,SKM,"8,400 M",21.90,$8.68,$36.82,$4.08,11.936,3.7589,2.597
Wireless Telecommunication Services,SPOK,334 M,16.36,$1.27,$7.63,$0.73,9.3966,5.64,1.403
Wireless Telecommunication Services,TDS,"3,995 M",34.88,$1.51,$35.24,($0.85),-.4372,.7472,3.406
Wireless Telecommunication Services,TIGO,"4,577 M",27.03,$4.87,$21.32,$1.48,7.7207,5.6985,3.7853
Wireless Telecommunication Services,TIMB,"6,831 M",14.11,$0.51,$1.76,$0.21,12.033,6.5348,2.1332
Wireless Telecommunication Services,TKC,"6,328 M",7.26,$0.31,$2.43,$0.14,6.1009,6.1585,1.8414
Wireless Telecommunication Services,TMUS,"299,982 M",262.74,$8.54,$53.94,$9.66,17.934,5.4607,3.3695
Wireless Telecommunication Services,USM,"5,483 M",64.44,$3.79,$53.85,($0.46),-.6909,.8549,2.2829
Wireless Telecommunication Services,VEON,"3,112 M",44.05,$6.87,$15.14,$8.43,53.281,6.6235,6.9991
Wireless Telecommunication Services,VOD,"22,612 M",9.03,$0.42,$2.49,$0.10,4.4061,1.7607,2.3399
Media,ADV,767 M,2.39,$0.22,$2.91,($0.58),-17.252,2.3892,3.6367
Media,BOC,446 M,14.19,($0.52),$16.82,($0.33),-1.2758,-.786,1.3492
Media,CCO,632 M,1.29,($0.13),($7.46),($0.26),3.4909,4.3448,-1.3157
Media,CRTO,"2,080 M",38.28,$3.28,$19.33,$1.90,10.464,4.8604,2.1602
Media,EEX,812 M,4.00,$0.12,$1.92,($0.36),-5.0713,3.8361,2.7098
Media,GAMB,478 M,13.63,$0.00,$3.57,$0.78,24.877,13.276,1.5043
Media,IAS,"1,679 M",10.25,$0.48,$6.19,$0.23,3.9421,3.4397,1.1424
Media,IBTA,"1,086 M",35.00,$4.38,$14.88,$2.56,28.335,3.4968,1.4836
Media,IPG,"10,121 M",27.16,$2.43,$10.20,$1.83,17.991,4.7674,4.8259
Media,LZMH,"1,113 M",7.33,<empty>,<empty>,<empty>,-12.016,-.5261,6.1434
Media,MGNI,"2,071 M",14.49,$1.34,$5.43,$0.16,3.1003,1.1519,3.7161
Media,NCMI,607 M,6.39,$0.42,$4.05,($0.24),-5.8631,-2.1711,1.3647
Media,NEXN,606 M,9.50,$0.57,$7.44,($0.30),2.6025,2.0575,1.5462
Media,OMC,"16,153 M",82.21,$8.11,$21.35,$7.46,32.075,4.9785,7.0635
Media,PERI,406 M,8.30,$0.00,$15.92,$0.25,1.7544,.3384,1.2733
Media,PUBM,520 M,10.71,$0.71,$5.78,$0.23,4.3608,.3421,2.6672
Media,STGW,695 M,6.23,$0.82,$2.59,$0.00,7.2753,2.0056,13.256
Media,THRY,736 M,16.96,$1.51,$4.58,($2.00),-42.455,6.2361,3.6165
Media,TTD,"33,010 M",66.54,$1.29,$5.94,$0.78,15.374,4.8538,2.0725
Media,TTGT,"1,070 M",14.97,($1.36),$3.76,($1.48),276.77,-.6842,5.5622
Media,WPP,"8,551 M",39.65,$1.36,$4.03,$0.62,16.625,3.177,7.3407
Media,AMCX,311 M,7.05,$7.44,$19.39,($5.10),-19.823,5.7659,5.0985
Media,FOX,"23,837 M",52.57,$3.96,$25.30,$4.67,20.055,8.1238,2.0028
Media,FOXA,"25,546 M",56.34,$3.96,$25.30,$4.67,20.055,8.1238,2.0028
Media,GTN,354 M,3.49,$7.91,$22.33,$3.36,13.886,3.8495,4.9911
Media,NXST,"5,175 M",169.63,$34.20,$70.50,$21.41,29.996,6.1025,5.2695
Media,PARA,"7,720 M",11.51,$0.69,$24.32,($9.36),-30.945,3.1652,2.8292
Media,PARAA,"15,185 M",22.64,$0.69,$24.32,($9.36),-30.945,3.1652,2.8292
Media,SBGI,953 M,14.33,$0.21,$8.78,$4.69,86.567,5.7435,10.094
Media,TGNA,"2,765 M",17.29,$3.15,$17.67,$3.53,21.337,5.7598,2.507
Media,ATUS,"1,209 M",2.61,$0.32,($1.01),($0.22),17.566,3.3454,-67.56
Media,CABO,"1,429 M",253.93,$67.09,$319.61,$2.58,.8032,4.2811,3.6335
Media,CHTR,"53,716 M",378.42,$22.10,$109.81,$34.97,34.004,5.5608,9.6247
Media,CMCSA,"134,453 M",35.56,$3.20,$22.59,$4.14,18.707,5.4842,3.1114
Media,LBRDA,"12,338 M",86.11,($1.00),$68.35,$6.08,9.2294,.3557,1.704
Media,LBRDK,"12,403 M",86.56,($1.00),$68.35,$6.08,9.2294,.3557,1.704
Media,SATS,"8,820 M",30.79,($1.07),$70.50,($0.44),-.6128,-.3219,3.0181
Media,SIRI,"7,870 M",23.23,$3.00,$32.67,($4.93),-17.166,4.0489,2.4852
Media,TV,"1,068 M",1.98,$0.32,$1.82,($0.15),-6.7925,-.6912,2.4554
Media,WOW,406 M,4.79,($0.82),$2.64,($1.12),-35.57,.9366,6.898
Media,GCI,545 M,3.70,$0.36,$1.07,($0.18),-11.23,2.471,13.322
Media,NWS,"18,064 M",31.86,$1.16,$14.35,$0.75,6.1896,3.4331,1.9832
Media,NWSA,"15,955 M",28.14,$1.16,$14.35,$0.75,6.1896,3.4331,1.9832
Media,NYT,"7,662 M",46.92,$2.32,$11.77,$1.77,15.924,8.142,1.4744
Media,SCHL,580 M,20.63,$1.85,$35.09,($0.15),-.4164,.704,2.0657
Media,WLY,"2,048 M",37.91,$2.04,$13.98,($0.92),-6.1124,5.1775,3.4543
Media,WLYB,"2,018 M",37.35,$2.04,$13.98,($0.92),-6.1124,5.1775,3.4543
Entertainment,AMC,"1,317 M",3.05,($0.89),($4.25),($1.06),19.543,-.063,-4.6848
Entertainment,BATRA,"2,745 M",43.88,($1.11),$8.38,($0.50),-5.8072,-1.6373,2.9071
Entertainment,BATRK,"2,513 M",40.16,($1.11),$8.38,($0.50),-5.8072,-1.6373,2.9071
Entertainment,CNK,"2,906 M",23.76,$2.63,$4.95,$2.06,67.859,4.574,8.5246
Entertainment,DIS,"197,609 M",109.31,$4.62,$56.32,$3.07,5.9046,4.2506,1.9331
Entertainment,EDR,"9,392 M",28.85,$0.52,$12.84,($1.23),-4.8798,-.2291,5.1233
Entertainment,FWONA,"21,451 M",86.06,$1.98,$29.71,($0.12),-.4345,2.2246,1.5916
Entertainment,FWONK,"23,261 M",93.32,$1.98,$29.71,($0.12),-.4345,2.2246,1.5916
Entertainment,IMAX,"1,317 M",24.84,$0.56,$5.66,$0.48,9.0361,3.8464,2.7729
Entertainment,IQ,"2,233 M",2.32,$0.29,$1.90,$0.11,6.1864,2.5056,3.4238
Entertainment,LION,"2,410 M",8.35,($1.18),($3.74),($0.76),26.599,2.1513,-4.9723
Entertainment,LLYVA,"6,405 M",69.75,($0.15),($3.91),($0.34),13.147,-.5765,-3.4067
Entertainment,LLYVK,"6,548 M",71.30,($0.15),($3.91),($0.34),13.147,-.5765,-3.4067
Entertainment,LYV,"31,626 M",136.84,$4.65,$0.75,$2.74,67.384,4.03,113.35
Entertainment,MANU,"2,381 M",13.95,($1.08),$1.45,($1.00),-91.683,-3.934,8.1359
Entertainment,MCS,538 M,16.94,$0.78,$14.70,($0.24),-1.6638,1.2608,2.2469
Entertainment,MSGE,"1,565 M",32.71,$1.32,$0.22,$2.62,-275.39,5.4068,153.8
Entertainment,MSGS,"4,809 M",200.29,$6.10,($11.38),$2.36,-18.597,6.1462,-5.1712
Entertainment,NFLX,"423,873 M",990.92,$16.12,$57.84,$19.83,38.435,12.721,2.1675
Entertainment,ROKU,"12,415 M",85.07,$1.47,$17.08,($0.89),-5.3697,-2.7313,1.7266
Entertainment,RSVR,489 M,7.49,($0.41),$5.51,$0.12,2.2083,2.6258,2.3152
Entertainment,SEAT,546 M,4.15,$0.15,$2.51,($0.15),8.3471,2.254,4.8889
Entertainment,SPHR,"1,362 M",38.01,($0.26),$64.69,($11.19),-16.04,-2.6167,1.9846
Entertainment,SPOT,"120,128 M",586.83,$11.79,$28.08,$5.70,28.28,8.6482,2.1729
Entertainment,TKO,"12,421 M",152.30,$6.25,$50.38,$0.02,.0725,1.3927,3.1043
Entertainment,TME,"22,776 M",13.48,$0.79,$5.85,$0.54,10.701,5.4333,1.3328
Entertainment,WBD,"28,058 M",11.43,$1.81,$13.87,($4.62),-28.208,.0098,3.072
Entertainment,WMG,"17,375 M",33.39,$0.97,$1.05,$0.97,80.122,6.5336,16.782
Entertainment,DDI,485 M,9.78,$2.98,$16.99,$2.50,15.848,10.005,1.0763
Entertainment,EA,"34,936 M",134.05,$7.15,$28.34,$3.92,14.038,7.1209,1.8148
Entertainment,GCL,289 M,2.29,($0.19),$0.56,$0.08,-5.8292,-1.689,4.7888
Entertainment,GDEV,335 M,18.50,$1.76,($5.64),$2.04,-36.327,7.5796,-2.7488
Entertainment,GMGI,277 M,2.14,$0.05,$0.88,($0.02),-2.0896,.1432,1.2649
Entertainment,GRVY,395 M,56.89,$14.06,$58.16,$9.11,17.068,8.43,1.1727
Entertainment,HUYA,930 M,4.12,($0.09),$4.70,($0.09),-1.6039,-1.9743,1.4851
Entertainment,NTES,"66,486 M",103.16,$1.60,$5.99,$1.26,22.364,9.6827,1.4132
Entertainment,PLTK,"1,899 M",5.06,$1.07,($0.35),$0.44,-92.002,8.4474,-27.759
Entertainment,RBLX,"42,247 M",63.31,$0.99,$0.33,($1.44),-678.46,-9.7936,32.401
Entertainment,SE,"84,032 M",146.31,$3.98,$13.42,$0.15,1.3503,.9438,2.7401
Entertainment,SOHU,446 M,13.50,($1.29),$28.08,($3.13),-10.115,-3.781,1.8807
Entertainment,TTWO,"37,913 M",214.81,($2.85),$32.32,($21.06),-51.451,-2.4781,2.2238
Interactive Media & Services,ANGI,807 M,1.62,$0.21,$2.15,$0.07,3.4971,.7419,1.7226
Interactive Media & Services,ATHM,"3,723 M",31.07,$2.73,$27.10,$1.82,6.4452,2.0544,1.2618
Interactive Media & Services,BIDU,"32,218 M",91.88,$5.15,$104.12,$9.03,8.8517,3.1858,1.6227
Interactive Media & Services,BILI,"9,210 M",22.11,$0.65,$4.63,($0.44),-9.5667,-2.5509,2.3177
Interactive Media & Services,BMBL,500 M,4.74,$0.80,$7.70,($4.61),-41.688,4.1229,3.0622
Interactive Media & Services,BZ,"7,424 M",17.14,$0.83,$4.72,$0.46,10.327,3.5096,1.2856
Interactive Media & Services,CARG,"3,389 M",32.46,$1.55,$5.21,$0.20,3.6204,11.317,1.5222
Interactive Media & Services,CARS,763 M,11.95,$1.94,$7.94,$0.72,9.603,2.9274,2.1738
Interactive Media & Services,DJT,"4,995 M",22.70,($0.39),$4.14,($2.36),-94.674,-24.353,1.027
Interactive Media & Services,EVER,924 M,25.86,$1.78,$3.80,$0.88,29.748,12.347,1.5552
Interactive Media & Services,GETY,833 M,2.02,$0.13,$1.66,$0.13,8.0445,4.8767,3.7826
Interactive Media & Services,GOOG,"2,133,128 M",174.99,$5.91,$26.62,$8.04,32.908,16.74,1.385
Interactive Media & Services,GOOGL,"2,109,114 M",173.02,$5.91,$26.62,$8.04,32.908,16.74,1.385
Interactive Media & Services,GRND,"3,301 M",18.69,$0.42,($0.08),($0.30),-966.61,12.732,-34.048
Interactive Media & Services,IAC,"3,774 M",45.32,$3.48,$64.66,($6.49),-8.1469,.0076,1.7116
Interactive Media & Services,KIND,684 M,1.77,($0.05),$1.19,($0.25),-19.379,-13.012,1.1333
Interactive Media & Services,MAX,496 M,8.95,$0.85,$0.04,$0.31,-31.45,16.157,110.36
Interactive Media & Services,META,"1,663,271 M",656.47,$21.34,$72.07,$23.86,37.141,16.863,1.5115
Interactive Media & Services,MOMO,"1,306 M",7.59,$0.82,$9.36,$0.98,11.334,6.9123,1.6057
Interactive Media & Services,MTCH,"7,892 M",31.515,$3.39,($0.25),$2.02,-1332.8,11.468,-70.151
Interactive Media & Services,OB,421 M,4.51,$1.04,$4.62,($0.11),-.3129,-1.3014,2.374
Interactive Media & Services,PINS,"24,552 M",36.20,$1.38,$7.03,$2.67,47.492,2.9996,1.1245
Interactive Media & Services,QNST,"1,051 M",18.61,$0.59,$3.97,($0.22),-5.5184,.3127,1.8267
Interactive Media & Services,RDDT,"30,486 M",168.52,$1.48,$11.82,($3.33),-27.12,-17.816,1.0966
Interactive Media & Services,RUM,"2,811 M",8.86,($0.59),$0.59,($0.64),-59.32,-32.515,1.3073
Interactive Media & Services,SNAP,"16,607 M",9.79,$0.13,$1.45,($0.42),-28.69,-5.6364,3.2383
Interactive Media & Services,SSTK,724 M,20.74,($0.53),$14.86,$1.01,6.874,4.1152,2.5256
Interactive Media & Services,TBLA,"1,027 M",3.03,$0.43,$3.12,($0.01),-.3565,.9454,1.6339
Interactive Media & Services,TRIP,"1,922 M",13.69,$0.50,$6.73,$0.04,.5512,3.0158,2.7158
Interactive Media & Services,TRVG,290 M,4.12,$0.26,$2.91,($0.36),-11.486,-.4,1.5218
Interactive Media & Services,VMEO,938 M,5.69,$0.35,$2.47,$0.16,6.8295,2.0628,1.5725
Interactive Media & Services,VTEX,843 M,4.60,$0.14,$1.38,$0.06,4.8353,1.7839,1.4342
Interactive Media & Services,WB,"2,596 M",10.67,$2.70,$15.09,$1.46,11.101,4.644,1.8488
Interactive Media & Services,YALA,631 M,3.97,$0.86,$4.20,$0.74,21.908,10.486,1.1302
Interactive Media & Services,YELP,"2,190 M",33.68,$3.69,$11.26,$1.88,17.79,9.8183,1.3221
Interactive Media & Services,YY,"2,666 M",49.52,$3.26,$95.81,$3.11,3.4539,.1919,1.5668
Interactive Media & Services,ZD,"1,635 M",38.17,$6.38,$42.26,$1.42,3.4043,3.4653,2.0456
Interactive Media & Services,ZH,496 M,5.62,($1.09),$6.61,($0.55),-7.6868,-6.4248,1.4009
Interactive Media & Services,ZI,"4,073 M",11.90,$0.84,$4.95,$0.08,1.5264,1.8652,3.8191
Interactive Media & Services,ZIP,555 M,5.63,$0.37,$0.14,($0.13),-117.95,.1191,49.446
