﻿Watchlist Scanner

Results
Industry,Symbol,Market Cap,Last,Free Cash Flow Per Share - Current (LTM),Book Value Per Share - Current (LTM),Earnings Per Share - TTM - Current (LTM),Return on Equity (ROE) - Current (LTM),Return on Assets (ROA) - Current (LTM),Financial Leverage (Assets/Equity) - Current (LTM)
Consumer Staples Distribution & Retail,GRDN,"1,236 M",19.53,$0.56,$2.02,($1.55),-70.517,-12.951,2.7282
Consumer Staples Distribution & Retail,WBA,"9,290 M",10.75,$0.00,$11.51,($10.24),-80.845,.545,7.9018
Consumer Staples Distribution & Retail,ANDE,"1,409 M",41.40,$5.36,$40.46,$3.32,10.956,3.0199,3.0167
Consumer Staples Distribution & Retail,CHEF,"2,511 M",62.35,$2.73,$13.36,$1.32,11.182,4.4583,3.4571
Consumer Staples Distribution & Retail,PFGC,"12,719 M",81.42,$3.47,$27.54,$2.48,9.5407,3.3755,4.016
Consumer Staples Distribution & Retail,SPTN,659 M,19.53,$2.17,$22.03,$0.01,.0392,3.3073,3.5001
Consumer Staples Distribution & Retail,SYY,"36,418 M",74.44,$3.67,$4.11,$3.90,86.513,8.8521,12.571
Consumer Staples Distribution & Retail,UNFI,"1,677 M",27.99,$1.29,$27.13,($1.58),-5.4753,1.3279,4.9022
Consumer Staples Distribution & Retail,USFD,"15,928 M",69.14,$3.46,$19.64,$2.02,10.65,5.2773,2.9673
Consumer Staples Distribution & Retail,ACI,"12,051 M",20.80,$1.57,$5.81,$1.78,35.204,4.9584,7.9227
Consumer Staples Distribution & Retail,CART,"10,213 M",38.59,$2.35,$11.95,$1.58,12.684,7.1957,1.3304
Consumer Staples Distribution & Retail,CASY,"14,736 M",404.82,$10.95,$89.92,$14.34,17.164,6.9159,2.3148
Consumer Staples Distribution & Retail,DDL,681 M,3.14,$0.51,$0.41,$0.13,33.084,1.4425,10.939
Consumer Staples Distribution & Retail,GO,"1,117 M",11.47,($0.96),$12.31,$0.40,3.2659,2.0926,2.6506
Consumer Staples Distribution & Retail,IMKTA,"1,139 M",59.95,$0.94,$82.21,$4.15,5.151,3.5032,1.5966
Consumer Staples Distribution & Retail,KR,"45,247 M",62.53,$3.02,$17.82,$3.78,23.06,5.3575,4.8386
Consumer Staples Distribution & Retail,NGVC,898 M,39.14,$1.02,$7.93,$1.56,21.516,4.9276,3.5677
Consumer Staples Distribution & Retail,SFM,"14,266 M",144.71,$4.13,$13.32,$3.75,30.812,9.0573,2.7542
Consumer Staples Distribution & Retail,TBBB,"2,892 M",25.32,$0.49,$1.78,$0.12,-75.795,4.8784,5.3135
Consumer Staples Distribution & Retail,VLGEA,465 M,31.50,$1.51,$30.99,$3.48,11.79,4.1943,2.1649
Consumer Staples Distribution & Retail,WMK,"2,010 M",74.72,$0.81,$53.76,$4.09,7.7962,3.9701,1.4574
Consumer Staples Distribution & Retail,BJ,"13,221 M",100.09,$2.69,$13.34,$4.17,35.793,7.2989,4.0951
Consumer Staples Distribution & Retail,COST,"465,095 M",1047.75,$11.29,$55.08,$17.02,29.946,8.0696,3.0014
Consumer Staples Distribution & Retail,DADA,494 M,1.90,($0.21),$2.60,($1.14),-36.227,-10.593,1.2961
Consumer Staples Distribution & Retail,DG,"16,209 M",73.70,$7.50,$33.39,$6.06,19.368,4.0392,4.2847
Consumer Staples Distribution & Retail,DLTR,"15,086 M",70.155,$3.97,$35.51,($4.83),-12.552,4.5229,3.0556
Consumer Staples Distribution & Retail,PSMT,"2,637 M",85.99,$1.39,$38.76,$4.54,12.34,6.7834,1.8019
Consumer Staples Distribution & Retail,TGT,"53,101 M",116.56,$9.85,$31.55,$9.43,32.367,6.6541,4.0397
Consumer Staples Distribution & Retail,WMT,"771,044 M",95.98,$1.57,$11.34,$2.41,21.414,7.1479,2.8658
Beverages,ABEV,"34,358 M",2.19,$0.22,$1.01,$0.15,16.522,9.1768,1.6475
Beverages,BUD,"121,745 M",62.23,$5.59,$39.61,$2.86,8.1774,4.4711,2.6412
Beverages,CCU,"2,692 M",14.57,$0.35,$4.15,$0.44,11.731,4.0081,2.6159
Beverages,SAM,"2,672 M",237.66,$14.70,$82.05,$5.06,5.9871,7.0798,1.3644
Beverages,TAP,"12,015 M",59.30,$5.92,$64.43,$5.35,8.6113,4.3166,1.9908
Beverages,DEO,"63,401 M",113.97,$1.23,$4.63,$1.61,32.318,7.7165,4.565
Beverages,MGPI,712 M,33.46,$1.41,$39.36,$1.56,4.099,7.3501,1.6853
Beverages,STZ,"31,480 M",174.18,$9.34,$43.26,$3.76,8.3256,9.0559,2.9172
Beverages,CCEP,"38,995 M",84.69,$4.78,$19.08,$3.19,17.027,4.8443,3.6636
Beverages,CELH,"6,059 M",25.77,$0.61,$1.70,$0.45,12.545,5.8929,4.418
Beverages,COCO,"1,884 M",33.06,$0.74,$4.54,$0.94,24.261,14.239,1.4001
Beverages,COKE,"11,824 M",1356.34,$55.90,$162.61,$69.94,44.38,11.949,3.748
Beverages,FIZZ,"3,798 M",40.57,$1.79,$3.90,$1.98,44.9,23.214,1.5268
Beverages,FMX,"34,093 M",95.28,$0.13,$5.13,$0.18,10.926,5.3276,2.2275
Beverages,KDP,"45,180 M",33.30,$1.17,$17.87,$1.05,5.7733,4.0214,2.2039
Beverages,KO,"301,414 M",70.08,$1.10,$5.78,$2.46,39.549,9.0131,4.0453
Beverages,KOF,"18,338 M",87.29,$4.68,$32.74,$5.42,17.273,8.7348,2.1473
Beverages,MNST,"53,864 M",55.35,$1.61,$6.12,$1.49,21.274,14.775,1.2957
Beverages,PEP,"211,046 M",153.88,$5.24,$13.15,$6.95,52.304,8.9892,5.5134
Beverages,PRMB,"12,517 M",32.93,$1.14,$9.07,($0.05),-.731,4.3567,3.2503
Food Products,ADM,"21,971 M",45.80,$2.49,$46.38,$3.65,7.587,2.3296,2.4031
Food Products,BG,"9,607 M",71.71,$3.73,$74.00,$7.99,10.438,3.8864,2.5118
Food Products,CRESY,620 M,10.39,($0.10),$1.29,($0.15),-18.681,3.1693,4.9542
Food Products,DAR,"5,321 M",33.49,$3.18,$27.55,$1.73,6.2425,1.6569,2.3003
Food Products,FDP,"1,438 M",29.99,$2.73,$41.52,$2.96,7.2254,3.1308,1.5555
Food Products,INGR,"8,293 M",129.21,$17.33,$58.98,$9.71,17.616,8.3355,1.9569
Food Products,LMNR,395 M,21.88,$0.45,$10.04,$0.40,3.5603,-1.017,1.6496
Food Products,LND,377 M,3.78,$0.30,$3.58,$0.45,13.427,5.609,1.7885
Food Products,ACOPY,"3,511 M",4.85,$0.14,$1.05,$0.15,12.471,7.215,1.3794
Food Products,AGRO,"1,090 M",10.81,$0.77,$13.85,$1.52,11.559,3.3792,2.3112
Food Products,AVO,832 M,11.70,$0.86,$7.72,$0.52,7.5628,4.3537,1.7751
Food Products,BGS,533 M,6.74,$1.31,$6.63,($3.18),-36.941,4.2234,5.7051
Food Products,BRFS,"5,230 M",3.24,$0.82,$1.85,$0.36,22.972,7.1427,4.1546
Food Products,CAG,"12,119 M",25.39,$3.19,$18.44,$1.03,5.5161,5.4676,2.3882
Food Products,CALM,"4,128 M",84.19,$9.66,$41.71,$12.86,34.131,21.228,1.2174
Food Products,CPB,"11,683 M",39.18,$2.52,$12.89,$1.83,14.498,6.3493,4.1937
Food Products,CVGW,391 M,21.92,$1.21,$11.25,$0.38,3.3242,3.0384,1.5031
Food Products,DOLE,"1,383 M",14.55,$2.00,$13.61,$1.62,12.067,3.3813,3.438
Food Products,FLO,"3,892 M",18.46,$1.33,$6.70,$1.17,17.967,6.9498,2.4115
Food Products,FRPT,"4,680 M",96.06,($0.68),$21.67,$0.93,4.6719,1.587,1.4923
Food Products,GIS,"33,603 M",60.96,$4.97,$16.66,$4.60,27.482,7.3273,3.6297
Food Products,HAIN,329 M,3.65,$0.77,$8.92,($1.94),-19.413,2.4967,2.4363
Food Products,HRL,"15,815 M",28.76,$1.62,$14.63,$1.38,9.5226,4.8602,1.6674
Food Products,HSY,"35,833 M",177.03,$9.49,$23.30,$10.92,50.404,15.056,2.7461
Food Products,JBSS,831 M,71.43,$1.50,$27.98,$4.16,15.404,8.1789,1.6745
Food Products,JJSF,"2,623 M",134.58,$4.46,$48.61,$4.32,9.0799,5.6311,1.4224
Food Products,K,"28,435 M",82.37,$3.30,$10.94,$3.88,37.402,8.2882,4.1399
Food Products,KHC,"37,033 M",30.99,$2.50,$41.16,$2.26,5.5448,3.8621,1.795
Food Products,KLG,"1,648 M",19.12,($0.33),$3.68,$0.82,23.339,7.2708,6.1893
Food Products,LANC,"5,315 M",192.75,$6.50,$35.54,$5.69,16.616,11.902,1.2653
Food Products,LW,"7,340 M",51.46,($0.86),$11.45,$2.54,22.239,7.1711,4.564
Food Products,LWAY,314 M,21.16,$0.93,$4.83,$0.86,20.633,13.781,1.2766
Food Products,MDLZ,"85,761 M",66.30,$2.63,$20.44,$3.42,16.712,5.7563,2.5433
Food Products,MKC,"22,184 M",82.73,$2.41,$19.74,$2.92,15.163,5.1971,2.4703
Food Products,NOMD,"3,151 M",20.54,$2.28,$17.40,$1.45,8.6441,4.4412,2.4156
Food Products,OTLY,265 M,8.89,($5.21),$3.51,($6.77),-91.546,-12.113,7.6798
Food Products,POST,"6,424 M",113.73,$9.77,$68.82,$6.07,9.9861,4.0796,3.2978
Food Products,PPC,"12,658 M",53.38,$6.39,$17.88,$4.57,28.619,10.655,2.5123
Food Products,SEB,"2,625 M",2703.00,$8.24,"$4,869.96",$90.62,1.9183,1.2556,1.6208
Food Products,SENEA,601 M,87.33,$36.93,$89.03,$5.45,6.3628,3.9132,2.0016
Food Products,SFD,"7,992 M",20.33,<empty>,<empty>,<empty>,-1.7665,.2484,1.9015
Food Products,SJM,"11,640 M",109.38,$7.67,$64.92,($2.42),-3.5486,5.5287,2.6676
Food Products,SMPL,"3,579 M",35.42,$1.94,$17.58,$1.41,8.3854,6.5307,1.3703
Food Products,STKL,666 M,5.68,$0.15,$1.27,($0.10),-6.861,3.8153,4.499
Food Products,THS,"1,523 M",30.33,$2.42,$30.85,$0.51,1.674,2.4716,2.5696
Food Products,TR,"2,235 M",31.25,$1.70,$12.27,$1.22,10.252,6.5349,1.3175
Food Products,TSN,"21,635 M",60.74,$3.59,$51.95,$2.96,5.8187,3.4821,2.0164
Food Products,UTZ,"1,182 M",13.74,$0.30,$8.41,$0.19,2.2181,1.3466,3.8841
Food Products,VITL,"1,362 M",30.78,$0.84,$6.14,$1.18,23.113,12.52,1.3343
Food Products,WEST,640 M,6.79,($2.15),$1.17,($0.86),-19.303,-1.9274,9.7618
Food Products,WYHG,518 M,10.30,<empty>,<empty>,<empty>,8.607,4.9498,1.2952
Tobacco,BTI,"87,184 M",39.68,$5.40,$27.26,$1.70,6.1809,5.1532,2.3951
Tobacco,MO,"94,593 M",55.95,$5.01,($1.32),$6.54,-396.76,20.511,-15.718
Tobacco,PM,"238,111 M",153.14,$6.93,($7.56),$4.52,-77.687,12.998,-5.2582
Tobacco,RLX,"3,723 M",2.37,$0.07,$1.82,$0.07,4.134,-.8948,1.0472
Tobacco,TPB,"1,188 M",67.02,$4.03,$10.48,$2.48,28.944,10.811,2.6283
Tobacco,UVV,"1,311 M",53.10,($4.18),$57.28,$4.86,9.4731,4.8922,2.1458
Household Products,CENT,"2,344 M",35.79,$5.45,$23.21,$1.82,8.2711,4.3502,2.3276
Household Products,CENTA,"2,074 M",31.66,$5.45,$23.21,$1.82,8.2711,4.3502,2.3276
Household Products,CHD,"27,219 M",110.66,$4.00,$17.74,$2.37,14.247,8.3384,2.037
Household Products,CL,"74,458 M",91.75,$4.33,$0.26,$3.51,406.26,16.377,75.689
Household Products,CLX,"18,449 M",149.76,$5.60,($0.33),$3.67,276.11,11.265,-136.02
Household Products,ENR,"2,150 M",29.78,$3.08,$1.95,$0.79,37.596,6.6514,30.087
Household Products,KMB,"46,976 M",141.63,$7.49,$2.53,$7.55,252.37,11.748,19.698
Household Products,ODC,670 M,45.91,$1.88,$15.35,$3.09,21.985,11.686,1.5633
Household Products,PG,"409,435 M",174.61,$6.56,$21.49,$6.27,31.058,10.884,2.4343
Household Products,REYN,"4,937 M",23.49,$1.76,$10.19,$1.67,17.067,7.1091,2.275
Household Products,SPB,"1,946 M",73.97,$1.84,$74.30,$3.67,4.9142,2.9946,1.7819
Household Products,WDFC,"3,259 M",240.55,$5.60,$16.70,$5.22,32.149,13.852,1.9767
Personal Care Products,BRBR,"9,311 M",72.58,$0.97,($1.14),$2.12,-128.95,33.579,-6.0382
Personal Care Products,COTY,"4,970 M",5.70,$0.32,$4.34,$0.00,.7606,3.1699,3.0978
Personal Care Products,EL,"25,867 M",71.91,$3.18,$11.59,($1.95),-12.99,4.3473,4.7398
Personal Care Products,ELF,"3,647 M",64.67,$0.44,$13.61,$1.67,14.239,6.9234,1.6482
Personal Care Products,EPC,"1,494 M",30.97,$2.46,$31.00,$1.86,6.0194,4.1257,2.4666
Personal Care Products,HLF,874 M,8.64,$1.62,($7.92),$2.50,-27.324,10.571,-3.4054
Personal Care Products,HNST,569 M,5.22,$0.01,$1.60,($0.06),-4.1177,-1.7624,1.4193
Personal Care Products,IPAR,"4,274 M",133.10,$2.52,$23.20,$5.12,22.175,12.533,1.8946
Personal Care Products,KVUE,"44,035 M",23.04,$0.69,$5.05,$0.54,9.8663,6.8823,2.648
Personal Care Products,NATR,263 M,14.23,$0.68,$8.46,$0.88,11.422,6.9431,1.5673
Personal Care Products,NUS,406 M,8.16,$1.41,$13.08,($2.95),-19.898,3.4162,2.2548
Personal Care Products,OLPX,"1,083 M",1.63,$0.21,$1.33,$0.06,4.9325,3.2043,1.9997
Personal Care Products,UL,"144,006 M",58.35,$3.14,$8.37,$2.37,29.405,9.0716,3.9895
Personal Care Products,USNA,588 M,30.87,$3.43,$27.85,$2.19,7.7634,6.7496,1.4061
Personal Care Products,WALD,426 M,3.47,($0.24),$5.60,($0.64),-10.738,-4.4162,1.6386
Personal Care Products,YSG,362 M,3.95,($0.19),$4.56,($0.96),-19.491,-5.8736,1.2997
