﻿Watchlist Scanner

Results
Industry,Symbol,Market Cap,Last,Free Cash Flow Per Share - Current (LTM),Book Value Per Share - Current (LTM),Earnings Per Share - TTM - Current (LTM),Return on Equity (ROE) - Current (LTM),Return on Assets (ROA) - Current (LTM),Financial Leverage (Assets/Equity) - Current (LTM)
Energy Equipment & Services,BORR,568 M,2.32,($1.32),$4.06,$0.32,8.3042,7.1887,3.4427
Energy Equipment & Services,HP,"2,509 M",25.25,$2.06,$29.71,$3.03,10.646,5.34,1.9739
Energy Equipment & Services,NBR,372 M,38.74,$1.47,$14.21,($22.37),-7.0745,3.168,33.366
Energy Equipment & Services,PDS,630 M,45.74,$12.97,$83.45,$5.43,6.8349,4.4329,1.7624
Energy Equipment & Services,PTEN,"2,821 M",7.30,$1.25,$8.95,($2.44),-23.296,1.3443,1.6831
Energy Equipment & Services,SDRL,"1,458 M",23.46,($1.01),$45.65,$6.37,15.116,3.0152,1.4243
Energy Equipment & Services,VAL,"2,414 M",33.98,($1.38),$31.53,$5.12,17.438,5.229,1.9745
Energy Equipment & Services,ACDC,"1,047 M",6.54,$0.68,$6.88,($1.33),-15.637,1.5492,2.8466
Energy Equipment & Services,AESI,"2,164 M",17.53,($1.09),$9.40,$0.55,6.2953,5.1278,1.9031
Energy Equipment & Services,ARIS,890 M,28.73,$1.07,$11.30,$0.81,8.4568,4.8572,4.0736
Energy Equipment & Services,AROC,"4,431 M",25.28,$0.44,$7.56,$1.05,15.696,7.0749,2.8894
Energy Equipment & Services,BKR,"41,902 M",42.32,$2.07,$17.07,$2.98,18.469,5.748,2.2707
Energy Equipment & Services,CHX,"5,392 M",28.26,$2.35,$9.68,$1.65,18.735,9.632,1.8794
Energy Equipment & Services,CLB,642 M,13.70,$0.93,$5.38,$0.66,13.19,5.534,2.343
Energy Equipment & Services,EFXT,914 M,7.36,$2.47,$8.45,$0.26,3.1716,4.0155,2.6606
Energy Equipment & Services,HAL,"20,999 M",24.19,$2.75,$12.10,$2.83,25.184,9.7622,2.4355
Energy Equipment & Services,HLX,"1,189 M",7.88,$1.07,$10.04,$0.36,3.6836,3.1028,1.7089
Energy Equipment & Services,INVX,"1,218 M",17.58,$1.61,$14.11,$2.77,21.805,6.3698,1.2498
Energy Equipment & Services,KGS,"3,542 M",40.56,($0.82),$14.93,$0.26,1.8581,4.7231,3.6037
Energy Equipment & Services,LBRT,"2,547 M",15.73,$1.08,$12.23,$1.87,16.544,7.5855,1.6658
Energy Equipment & Services,NESR,747 M,7.83,$1.41,$8.92,$0.48,1.5494,2.782,2.1017
Energy Equipment & Services,NGS,280 M,22.39,($2.69),$20.21,$1.28,6.6222,4.7811,1.9829
Energy Equipment & Services,NOA,445 M,16.54,($0.47),$10.80,$1.41,15.562,8.2413,4.3227
Energy Equipment & Services,NOV,"5,430 M",14.26,$2.43,$16.71,$1.60,10.024,5.4458,1.7818
Energy Equipment & Services,NPKI,479 M,5.53,($0.06),$3.77,$0.41,9.5972,3.8308,1.2058
Energy Equipment & Services,OII,"1,984 M",19.71,$0.95,$7.10,$1.44,21.776,6.7281,3.271
Energy Equipment & Services,OIS,299 M,4.84,$0.14,$11.07,($0.18),-1.6196,.456,1.4767
Energy Equipment & Services,PUMP,764 M,7.41,$1.06,$7.93,($1.31),-15.194,2.6175,1.4991
Energy Equipment & Services,RES,"1,119 M",5.18,$0.61,$5.10,$0.43,8.7056,4.1773,1.2858
Energy Equipment & Services,RNGR,342 M,15.38,$2.27,$12.03,$0.63,5.3639,3.9907,1.3972
Energy Equipment & Services,SEI,"1,090 M",28.67,($4.49),$9.36,$0.50,5.8877,3.227,3.1575
Energy Equipment & Services,SLB,"53,619 M",39.43,$2.81,$15.08,$3.11,20.952,8.2166,2.3159
Energy Equipment & Services,TDW,"2,098 M",40.77,$4.70,$21.65,$3.40,16.685,8.9297,1.8624
Energy Equipment & Services,TNISY,"1,488 M",3.81,<empty>,<empty>,<empty>,24.696,2.4809,11.896
Energy Equipment & Services,TS,"20,057 M",37.42,$1.92,$15.11,$1.81,12.273,7.6021,1.2324
Energy Equipment & Services,TTI,449 M,3.39,($0.18),$1.93,$0.86,56.719,5.763,2.3773
Energy Equipment & Services,USAC,"2,981 M",25.36,$0.99,($1.20),$0.72,94.47,6.9023,-19.465
Energy Equipment & Services,VTOL,936 M,32.70,($2.62),$31.15,$3.21,11.067,4.4441,2.3834
Energy Equipment & Services,WHD,"3,231 M",47.41,$4.17,$15.72,$2.77,19.988,11.724,1.6239
Energy Equipment & Services,WTTR,"1,095 M",10.62,$0.62,$7.70,$0.30,3.922,2.9566,1.7218
Energy Equipment & Services,XPRO,"1,192 M",10.24,$0.23,$12.83,$0.45,3.7252,3.7226,1.5646
"Oil, Gas & Consumable Fuels",BP,"83,129 M",31.88,$0.73,$3.73,$0.02,1.5005,2.8923,4.7637
"Oil, Gas & Consumable Fuels",CVE,"22,515 M",12.36,$1.57,$11.22,$1.16,10.745,5.4072,1.9232
"Oil, Gas & Consumable Fuels",CVX,"265,516 M",150.81,$8.31,$86.10,$9.72,11.266,5.6161,1.6869
"Oil, Gas & Consumable Fuels",E,"43,505 M",28.48,$1.51,$17.56,$0.82,5.0871,3.8877,2.7817
"Oil, Gas & Consumable Fuels",EC,"19,263 M",9.37,$0.14,$0.45,$0.09,18.822,7.4386,3.7396
"Oil, Gas & Consumable Fuels",EQNR,"60,863 M",22.41,$2.81,$15.46,$3.11,19.43,13.562,3.0972
"Oil, Gas & Consumable Fuels",IMO,"32,681 M",64.20,$5.41,$32.07,$6.28,20.965,9.3032,1.8293
"Oil, Gas & Consumable Fuels",OXY,"42,742 M",45.51,$4.85,$27.57,$2.26,8.9342,4.1226,3.3026
"Oil, Gas & Consumable Fuels",PBR,"83,583 M",12.97,$1.56,$4.59,$0.46,9.8709,8.6202,3.0732
"Oil, Gas & Consumable Fuels",SHEL,"198,446 M",66.10,$5.57,$29.16,$2.53,8.9654,5.3788,2.1739
"Oil, Gas & Consumable Fuels",SU,"42,397 M",34.27,$5.17,$24.88,$3.28,13.705,7.0602,2.017
"Oil, Gas & Consumable Fuels",TTE,"135,619 M",60.94,$6.82,$52.42,$6.69,13.375,5.6574,2.4223
"Oil, Gas & Consumable Fuels",XOM,"457,519 M",105.44,$7.15,$60.58,$7.84,14.515,6.2455,1.7196
"Oil, Gas & Consumable Fuels",YPF,"13,428 M",34.14,$0.53,$30.42,$2.00,10.394,6.2231,2.4115
"Oil, Gas & Consumable Fuels",APA,"6,750 M",18.54,$2.01,$14.45,$2.27,22.242,7.4673,3.6724
"Oil, Gas & Consumable Fuels",AR,"11,321 M",36.38,$0.43,$22.57,$0.18,1.3058,.0272,1.8529
"Oil, Gas & Consumable Fuels",BKV,"1,586 M",18.80,$0.25,$18.45,($2.00),-10.009,-3.9375,1.4334
"Oil, Gas & Consumable Fuels",BRY,269 M,3.49,$1.91,$9.52,$1.06,11.603,6.2397,2.072
"Oil, Gas & Consumable Fuels",BSM,"3,087 M",14.62,$1.17,$3.93,$1.15,23.123,13.733,1.4704
"Oil, Gas & Consumable Fuels",BTE,"1,532 M",1.98,$0.52,$3.74,($0.32),-8.0525,-.416,1.9134
"Oil, Gas & Consumable Fuels",CHRD,"6,040 M",101.34,$17.73,$144.87,$16.02,12.318,7.4824,1.4975
"Oil, Gas & Consumable Fuels",CIVI,"3,077 M",33.08,$8.98,$70.57,$8.46,13.095,6.6642,2.2544
"Oil, Gas & Consumable Fuels",CNQ,"57,963 M",27.43,$3.36,$13.96,$2.61,19.099,8.2095,1.8819
"Oil, Gas & Consumable Fuels",CNX,"4,407 M",29.61,$1.82,$27.53,($0.60),-2.1395,.0273,2.0771
"Oil, Gas & Consumable Fuels",COP,"113,089 M",88.88,$6.79,$50.79,$7.81,16.209,8.4029,1.8949
"Oil, Gas & Consumable Fuels",CRC,"3,656 M",40.27,$4.09,$39.13,$4.62,13.147,4.1403,2.036
"Oil, Gas & Consumable Fuels",CRGY,"2,125 M",11.04,($0.16),$16.73,($0.88),-3.4404,1.1319,2.9265
"Oil, Gas & Consumable Fuels",CRK,"5,545 M",18.93,($1.66),$7.67,($0.76),-9.2756,-1.668,2.8479
"Oil, Gas & Consumable Fuels",CTRA,"19,944 M",26.10,$1.38,$17.85,$1.50,8.5647,4.121,1.648
"Oil, Gas & Consumable Fuels",DEC,710 M,11.96,$3.34,$11.44,$3.00,26.055,3.5189,7.1212
"Oil, Gas & Consumable Fuels",DMLP,"1,415 M",29.89,$3.17,$7.68,$2.13,33.781,20.714,1.0083
"Oil, Gas & Consumable Fuels",DVN,"21,830 M",33.66,($1.35),$22.27,$4.56,21.857,9.3103,2.1033
"Oil, Gas & Consumable Fuels",EGY,390 M,3.71,$0.38,$4.83,$0.86,19.216,12.817,1.8719
"Oil, Gas & Consumable Fuels",EOG,"67,496 M",121.85,$10.20,$52.68,$11.25,22.294,11.633,1.6077
"Oil, Gas & Consumable Fuels",EQT,"29,950 M",50.13,$1.12,$34.51,$0.45,1.2397,.6609,1.9337
"Oil, Gas & Consumable Fuels",EXE,"23,652 M",101.64,$0.05,$75.79,($4.55),-5.047,-1.4253,1.588
"Oil, Gas & Consumable Fuels",FANG,"41,303 M",142.70,($25.17),$129.68,$15.53,12.92,6.3361,1.7832
"Oil, Gas & Consumable Fuels",GFR,363 M,5.22,$0.17,$7.90,$0.40,5.2969,6.6822,1.5676
"Oil, Gas & Consumable Fuels",GPOR,"3,037 M",169.69,$10.62,$96.16,($14.72),-13.219,2.781,1.6745
"Oil, Gas & Consumable Fuels",GPRK,392 M,7.65,$3.16,$3.79,$1.97,61.082,17.427,5.2926
"Oil, Gas & Consumable Fuels",GRNT,733 M,5.61,($0.16),$5.05,$0.36,7.3117,7.9958,1.5681
"Oil, Gas & Consumable Fuels",HES,"43,574 M",141.34,$2.12,$36.36,$8.98,29.178,11.808,2.3672
"Oil, Gas & Consumable Fuels",HPK,"1,504 M",11.88,$1.18,$12.68,$1.26,11.833,7.6549,1.9066
"Oil, Gas & Consumable Fuels",INR,257 M,16.87,<empty>,<empty>,<empty>,28.512,12.827,1.6065
"Oil, Gas & Consumable Fuels",KGEI,277 M,7.76,$0.03,$5.16,$0.48,9.8914,7.8868,1.2914
"Oil, Gas & Consumable Fuels",KOS,"1,099 M",2.30,($0.54),$2.54,$0.40,17.006,5.3093,4.4226
"Oil, Gas & Consumable Fuels",KRP,"1,284 M",13.70,$3.19,$5.73,($0.12),1.1702,5.0409,2.4125
"Oil, Gas & Consumable Fuels",MGY,"4,258 M",22.57,$2.33,$10.11,$1.94,20.641,11.475,1.4741
"Oil, Gas & Consumable Fuels",MNR,"1,612 M",13.85,($5.09),$11.85,($0.35),24.327,12.361,1.8994
"Oil, Gas & Consumable Fuels",MTDR,"5,724 M",45.72,$2.27,$40.70,$7.14,20.268,9.6536,2.132
"Oil, Gas & Consumable Fuels",MUR,"3,503 M",24.02,$5.47,$35.63,$2.72,8.9849,4.2059,1.8612
"Oil, Gas & Consumable Fuels",NOG,"2,737 M",27.61,($2.84),$23.53,$5.14,23.823,10.436,2.415
"Oil, Gas & Consumable Fuels",OBE,367 M,4.98,($0.59),$13.27,($1.86),-13.287,-6.4289,1.5042
"Oil, Gas & Consumable Fuels",OVV,"9,950 M",38.22,$4.58,$39.67,$4.21,10.869,6.562,1.8637
"Oil, Gas & Consumable Fuels",PEYUF,"2,120 M",10.781,$0.80,$10.29,$1.10,11.545,6.0799,2.0433
"Oil, Gas & Consumable Fuels",PNRG,322 M,187.55,($8.28),$118.03,$23.14,32.798,14.679,1.6954
"Oil, Gas & Consumable Fuels",PR,"8,749 M",12.43,$0.45,$12.99,$1.45,12.664,7.2858,1.8491
"Oil, Gas & Consumable Fuels",REPX,601 M,27.97,$6.28,$23.55,$5.64,25.886,11.736,1.9666
"Oil, Gas & Consumable Fuels",RRC,"9,057 M",37.53,$1.31,$16.36,$1.09,6.9159,3.5186,1.8665
"Oil, Gas & Consumable Fuels",SBR,961 M,65.94,<empty>,$0.58,$6.49,1280.9,643.89,1.026
"Oil, Gas & Consumable Fuels",SD,409 M,10.98,($1.78),$12.03,$1.27,10.302,3.9958,1.2652
"Oil, Gas & Consumable Fuels",SM,"3,150 M",27.52,($14.22),$37.02,$6.67,19.618,8.9901,2.0241
"Oil, Gas & Consumable Fuels",SOC,"2,085 M",23.40,($2.37),$2.13,($11.55),-817.19,-10.513,8.7949
"Oil, Gas & Consumable Fuels",STR,"1,491 M",19.09,$1.64,$18.55,$0.49,2.7308,2.6151,3.2371
"Oil, Gas & Consumable Fuels",TALO,"1,525 M",8.47,$2.58,$15.33,($0.44),-3.1086,1.5014,2.2436
"Oil, Gas & Consumable Fuels",TBN,338 M,23.22,($0.04),$0.08,($0.01),-12.967,-5.4214,1.4881
"Oil, Gas & Consumable Fuels",TPL,"31,469 M",1369.13,$2.85,$49.30,$19.72,41.731,28.298,1.102
"Oil, Gas & Consumable Fuels",TXO,780 M,19.07,($5.83),$15.19,($5.47),-27.675,-13.726,1.6354
"Oil, Gas & Consumable Fuels",VET,"1,174 M",7.57,$2.42,$13.70,($3.84),-24.708,-5.6312,2.1136
"Oil, Gas & Consumable Fuels",VG,"34,430 M",14.23,<empty>,<empty>,<empty>,138.17,13.918,20.196
"Oil, Gas & Consumable Fuels",VIST,"4,375 M",45.91,($1.09),$17.03,$4.63,33.297,11.368,2.6106
"Oil, Gas & Consumable Fuels",VNOM,"5,643 M",42.97,($0.82),$16.38,$3.82,17.847,7.9864,3.0048
"Oil, Gas & Consumable Fuels",VRN,"3,028 M",4.95,$0.59,$7.57,$0.32,4.1662,5.3222,1.7381
"Oil, Gas & Consumable Fuels",VTLE,832 M,21.83,($20.11),$74.37,($4.74),-6.3261,5.1976,2.1769
"Oil, Gas & Consumable Fuels",VTS,726 M,23.88,$0.73,$15.93,$1.45,8.6854,5.9756,1.5205
"Oil, Gas & Consumable Fuels",WDS,"28,747 M",15.14,($0.05),$18.64,$1.87,10.224,3.8553,1.7307
"Oil, Gas & Consumable Fuels",CLMT,"1,119 M",12.98,($1.64),($7.83),($2.82),73.47,1.4784,-3.9276
"Oil, Gas & Consumable Fuels",CLNE,429 M,1.92,($0.07),$3.19,($0.37),-11.518,-1.4106,1.7439
"Oil, Gas & Consumable Fuels",CSAN,"2,300 M",4.95,$0.43,$1.96,$0.22,8.9001,3.9692,7.2692
"Oil, Gas & Consumable Fuels",CVI,"1,822 M",18.12,$1.71,$6.99,$0.07,4.6728,.8082,6.064
"Oil, Gas & Consumable Fuels",DINO,"5,859 M",31.10,$3.33,$49.24,$0.91,1.8791,1.0186,1.7938
"Oil, Gas & Consumable Fuels",DK,952 M,15.23,($1.05),$5.00,($9.98),-77.933,-2.4263,21.31
"Oil, Gas & Consumable Fuels",GEVO,316 M,1.32,($0.42),$2.18,($0.33),-14.775,-9.0821,1.1963
"Oil, Gas & Consumable Fuels",GPRE,359 M,5.55,($1.96),$13.37,($1.29),-8.7084,-2.626,2.0598
"Oil, Gas & Consumable Fuels",MPC,"42,235 M",135.12,$15.06,$58.26,$10.08,17.744,5.1545,4.2166
"Oil, Gas & Consumable Fuels",PARR,679 M,12.40,($0.91),$21.56,($0.59),-2.6375,.8052,3.2144
"Oil, Gas & Consumable Fuels",PBF,"2,313 M",20.06,($2.99),$48.08,($4.60),-8.7766,-2.3942,2.2913
"Oil, Gas & Consumable Fuels",PSX,"48,818 M",119.74,$5.55,$67.11,$4.99,7.2363,1.5177,2.6482
"Oil, Gas & Consumable Fuels",REX,644 M,36.68,$1.76,$32.13,$3.82,13.642,7.0683,1.2678
"Oil, Gas & Consumable Fuels",SUN,"7,821 M",57.41,$1.73,$29.86,$6.00,34.641,5.5362,3.5337
"Oil, Gas & Consumable Fuels",VLO,"38,352 M",121.76,$17.94,$77.85,$8.58,10.727,3.9012,2.4536
"Oil, Gas & Consumable Fuels",WKC,"1,608 M",28.34,$3.25,$34.37,$1.13,3.477,2.1868,3.4545
"Oil, Gas & Consumable Fuels",AM,"8,127 M",16.98,$1.25,$4.41,$0.83,18.791,7.1767,2.724
"Oil, Gas & Consumable Fuels",ASC,391 M,9.67,$2.30,$15.02,$3.06,21.987,11.489,1.1599
"Oil, Gas & Consumable Fuels",BWLP,"1,684 M",11.11,$1.10,$11.91,$2.64,22.412,8.8029,1.8395
"Oil, Gas & Consumable Fuels",CAPL,893 M,23.47,$1.62,($1.41),$0.52,752.45,3.8099,-20.729
"Oil, Gas & Consumable Fuels",CLCO,290 M,5.40,($0.77),$14.17,$1.83,12.856,4.7368,2.9457
"Oil, Gas & Consumable Fuels",CMBT,"1,688 M",8.69,($3.38),$6.14,$4.44,49.065,6.2966,3.2807
"Oil, Gas & Consumable Fuels",CQP,"30,708 M",63.44,$5.81,$3.76,$4.26,-388.24,11.531,9.5843
"Oil, Gas & Consumable Fuels",DHT,"1,656 M",10.35,$1.25,$6.49,$1.12,17.496,7.6678,1.4318
"Oil, Gas & Consumable Fuels",DKL,"2,215 M",41.27,$4.35,$0.69,$2.99,-225.87,6.8823,57.463
"Oil, Gas & Consumable Fuels",DTM,"9,489 M",93.62,$4.23,$45.66,$3.60,8.114,3.2312,2.1472
"Oil, Gas & Consumable Fuels",ECO,656 M,20.37,$5.06,$12.75,$3.38,26.599,9.2112,2.6365
"Oil, Gas & Consumable Fuels",EE,710 M,29.74,$5.16,$20.45,$1.27,8.2769,4.679,5.9084
"Oil, Gas & Consumable Fuels",ENB,"92,588 M",42.49,$1.71,$18.87,$1.63,8.4437,3.139,3.7063
"Oil, Gas & Consumable Fuels",EPD,"71,663 M",33.09,$1.67,$13.08,$2.69,20.581,5.9649,2.6478
"Oil, Gas & Consumable Fuels",ET,"62,448 M",18.20,$2.05,$9.11,$1.28,14.405,4.8049,4.0099
"Oil, Gas & Consumable Fuels",FLNG,"1,161 M",21.46,$3.39,$14.91,$2.18,14.228,4.5971,3.3087
"Oil, Gas & Consumable Fuels",FRO,"3,515 M",15.79,($0.80),$10.52,$2.23,21.465,8.0731,2.6577
"Oil, Gas & Consumable Fuels",GEL,"1,577 M",12.88,($2.33),$2.36,($1.24),-2.0459,2.2774,24.32
"Oil, Gas & Consumable Fuels",GLNG,"3,733 M",35.72,($1.15),$19.26,$0.48,3.134,1.2611,2.162
"Oil, Gas & Consumable Fuels",GLP,"1,837 M",54.55,($10.00),$19.22,$3.31,18.576,4.9167,5.6542
"Oil, Gas & Consumable Fuels",HAFN,"2,130 M",4.28,$1.92,$4.44,$1.50,34.476,12.701,1.6508
"Oil, Gas & Consumable Fuels",HESM,"4,703 M",40.29,$7.13,$5.10,$2.49,159.08,14.467,7.8217
"Oil, Gas & Consumable Fuels",INSW,"1,655 M",33.64,$5.42,$37.74,$8.38,23.328,10.244,1.4204
"Oil, Gas & Consumable Fuels",KMI,"59,393 M",26.73,$1.33,$13.74,$1.17,8.5539,3.8124,2.3388
"Oil, Gas & Consumable Fuels",KNTK,"3,237 M",53.88,$7.55,($28.80),$1.02,8.5854,2.1203,-3.987
"Oil, Gas & Consumable Fuels",LNG,"48,661 M",217.56,$13.82,$25.44,$14.20,47.086,8.7523,7.6957
"Oil, Gas & Consumable Fuels",LPG,855 M,19.97,$5.92,$24.96,$3.87,15.719,6.192,1.7034
"Oil, Gas & Consumable Fuels",MPLX,"54,234 M",53.04,$4.77,$13.35,$4.21,31.579,7.5736,2.763
"Oil, Gas & Consumable Fuels",NAT,516 M,2.47,$0.58,$2.40,$0.22,8.9088,5.6954,1.6068
"Oil, Gas & Consumable Fuels",NEXT,"1,990 M",7.64,($10.30),$1.45,($0.24),22.331,-2.1982,16.958
"Oil, Gas & Consumable Fuels",NFE,"2,819 M",10.34,($10.66),$7.62,($1.25),-13.599,3.9615,7.6551
"Oil, Gas & Consumable Fuels",NGL,623 M,4.72,($3.03),($1.17),($2.53),-19.596,3.0375,-31.456
"Oil, Gas & Consumable Fuels",NXXT,292 M,2.62,($1.91),$0.57,($6.85),-907.33,-74.702,1.5797
"Oil, Gas & Consumable Fuels",OKE,"57,358 M",91.87,$4.90,$29.22,$5.17,16.117,5.8406,3.7608
"Oil, Gas & Consumable Fuels",PAA,"13,337 M",18.95,$2.30,$10.67,$0.73,8.2973,3.9018,3.5359
"Oil, Gas & Consumable Fuels",PAGP,"4,020 M",20.33,$9.36,$6.84,$0.52,7.2779,2.9545,20.545
"Oil, Gas & Consumable Fuels",PBA,"21,894 M",37.71,$2.55,$20.93,$2.09,11.247,4.6821,2.0541
"Oil, Gas & Consumable Fuels",SMC,431 M,40.47,($0.06),$51.15,($12.53),-12.612,1.9418,3.6705
"Oil, Gas & Consumable Fuels",STNG,"1,960 M",39.26,$17.00,$61.38,$13.15,24.68,9.1175,1.3377
"Oil, Gas & Consumable Fuels",TEN,469 M,15.91,$2.24,$56.99,$4.95,10.861,5.0313,2.0832
"Oil, Gas & Consumable Fuels",TGS,"3,830 M",25.44,$0.09,$2.67,$0.21,12.017,8.5169,1.5301
"Oil, Gas & Consumable Fuels",TK,543 M,6.46,$4.35,$8.44,$1.42,21.503,9.5637,3.0336
"Oil, Gas & Consumable Fuels",TNK,"1,273 M",37.05,$11.53,$51.12,$11.63,24.596,11.296,1.1238
"Oil, Gas & Consumable Fuels",TRGP,"40,745 M",186.81,$3.11,$11.90,$5.74,34.414,7.7621,8.7695
"Oil, Gas & Consumable Fuels",TRMD,"1,689 M",17.35,$3.44,$21.43,$7.70,39.805,13.781,1.6735
"Oil, Gas & Consumable Fuels",TRP,"48,152 M",46.34,$0.83,$16.80,$2.81,12.884,2.9852,4.7122
"Oil, Gas & Consumable Fuels",UGP,"3,062 M",2.83,$0.29,$2.27,$0.34,16.922,6.1528,2.6096
"Oil, Gas & Consumable Fuels",WES,"14,624 M",38.35,$3.43,$8.50,$4.02,50.318,7.6502,4.0762
"Oil, Gas & Consumable Fuels",WMB,"68,553 M",56.22,$1.88,$10.17,$1.82,15.782,3.9369,4.3974
"Oil, Gas & Consumable Fuels",ARLP,"3,238 M",25.21,$2.73,$14.31,$2.77,19.695,9.1386,1.5909
"Oil, Gas & Consumable Fuels",BTU,"1,546 M",12.72,$1.64,$30.07,$2.73,11.134,3.8793,1.6309
"Oil, Gas & Consumable Fuels",CCJ,"18,714 M",42.99,$1.11,$10.17,$0.27,2.7585,2.9919,1.5567
"Oil, Gas & Consumable Fuels",CNR,"3,856 M",71.38,$10.05,$53.33,$9.61,19.673,7.4478,1.8362
"Oil, Gas & Consumable Fuels",DNN,"1,294 M",1.45,($0.04),$0.48,($0.03),-4.9075,-5.5194,1.1487
"Oil, Gas & Consumable Fuels",EU,330 M,1.77,$0.00,$0.00,($0.34),-.0471,-.0277,1.3744
"Oil, Gas & Consumable Fuels",HNRG,385 M,9.03,($1.60),$7.48,($0.55),-6.9752,-1.0847,1.8185
"Oil, Gas & Consumable Fuels",LEU,"1,418 M",84.56,$2.02,$9.63,$4.47,75.581,4.1675,6.7745
"Oil, Gas & Consumable Fuels",NRP,"1,391 M",105.91,$18.64,$41.50,$11.35,32.522,15.859,1.4272
"Oil, Gas & Consumable Fuels",NXE,"2,817 M",4.95,($0.23),$1.59,$0.20,15.834,-4.1044,1.3859
"Oil, Gas & Consumable Fuels",UEC,"2,225 M",5.26,($0.19),$1.97,($0.13),-6.9976,-4.2396,1.1138
"Oil, Gas & Consumable Fuels",URG,313 M,.8589,($0.13),$0.42,($0.13),-34.138,-18.03,1.3169
"Oil, Gas & Consumable Fuels",UUUU,875 M,4.16,($0.44),$2.66,($0.28),-10.504,-4.5827,1.1595
