﻿Watchlist Scanner

Results
Industry,Symbol,Market Cap,Last,Free Cash Flow Per Share - Current (LTM),Book Value Per Share - Current (LTM),Earnings Per Share - TTM - Current (LTM),Return on Equity (ROE) - Current (LTM),Return on Assets (ROA) - Current (LTM),Financial Leverage (Assets/Equity) - Current (LTM)
Health Care Equipment & Supplies,ABT,"238,834 M",137.71,$3.65,$27.52,$7.64,30.906,6.0597,1.7081
Health Care Equipment & Supplies,ANGO,379 M,9.36,($0.73),$4.57,($5.55),-76.436,-5.8369,1.561
Health Care Equipment & Supplies,AORT,"1,067 M",25.37,($0.14),$6.58,($0.32),-4.7883,2.2093,2.857
Health Care Equipment & Supplies,ATEC,"1,649 M",11.44,($0.96),($0.10),($1.13),-291.71,-9.7184,-54.747
Health Care Equipment & Supplies,ATRC,"1,850 M",37.85,($0.24),$9.43,($0.95),-9.6421,-4.0887,1.3218
Health Care Equipment & Supplies,AVR,287 M,7.98,<empty>,<empty>,<empty>,-840.17,-195.55,6.7001
Health Care Equipment & Supplies,AXGN,808 M,18.21,$0.00,$2.35,($0.23),-9.9853,-1.0257,1.9607
Health Care Equipment & Supplies,BAX,"17,989 M",35.16,$1.10,$13.63,($0.66),-4.2086,2.0533,3.7022
Health Care Equipment & Supplies,BBNX,783 M,18.07,<empty>,<empty>,<empty>,-123.17,-30.785,-.42359
Health Care Equipment & Supplies,BDX,"64,353 M",224.12,$10.14,$87.78,$5.94,6.8345,3.6983,2.1688
Health Care Equipment & Supplies,BFLY,775 M,3.19,($0.27),$0.85,($0.47),-44.855,-20.825,1.4589
Health Care Equipment & Supplies,BSX,"154,529 M",104.71,$1.81,$14.76,$1.25,8.8893,5.0348,1.8096
Health Care Equipment & Supplies,CBLL,837 M,23.34,($3.07),$5.33,($3.39),-35.749,-17.457,1.1792
Health Care Equipment & Supplies,CLPT,392 M,14.17,($0.34),$0.92,($0.70),-81.242,-30.156,1.5435
Health Care Equipment & Supplies,CNMD,"1,780 M",57.60,$4.99,$31.15,$4.25,14.739,4.3223,2.3957
Health Care Equipment & Supplies,CVRX,325 M,12.48,($1.79),$2.81,($2.65),-81.584,-29.907,1.8776
Health Care Equipment & Supplies,DCTH,486 M,13.43,($1.00),$0.31,($1.30),-174.71,-42.193,3.6963
Health Care Equipment & Supplies,DXCM,"32,028 M",81.96,$1.60,$5.38,$1.42,27.628,5.8828,3.084
Health Care Equipment & Supplies,ENOV,"2,142 M",37.61,($1.22),$45.86,($14.98),-27.65,.7344,1.8416
Health Care Equipment & Supplies,EW,"42,829 M",72.85,$0.43,$16.99,$2.34,16.637,8.256,1.3057
Health Care Equipment & Supplies,FNA,"1,091 M",13.01,($0.72),$1.67,($0.68),-33.705,-8.3944,2.166
Health Care Equipment & Supplies,GEHC,"38,761 M",84.76,$3.40,$18.48,$4.34,25.686,5.771,3.9177
Health Care Equipment & Supplies,GKOS,"6,342 M",112.12,($1.28),$13.59,($2.77),-23.826,-7.0579,1.271
Health Care Equipment & Supplies,GMED,"10,841 M",78.82,$2.99,$30.40,$0.75,2.5193,5.3326,1.2572
Health Care Equipment & Supplies,HOLX,"14,013 M",62.08,$4.73,$21.16,$3.16,15.784,7.1024,1.8287
Health Care Equipment & Supplies,IART,"1,689 M",21.87,$0.19,$20.03,($0.09),-.4432,2.909,2.6128
Health Care Equipment & Supplies,IDXX,"35,559 M",437.23,$9.68,$19.55,$10.67,57.657,22.695,2.0645
Health Care Equipment & Supplies,INMD,"1,340 M",19.26,$1.66,$10.12,$2.25,24.313,8.5304,1.1163
Health Care Equipment & Supplies,INSP,"5,228 M",176.20,$3.06,$23.19,$1.75,8.4786,3.0368,1.1721
Health Care Equipment & Supplies,IRMD,673 M,53.10,$1.36,$6.85,$1.50,24.31,14.414,1.1325
Health Care Equipment & Supplies,IRTC,"3,382 M",107.68,($1.46),$2.90,($3.63),-75.274,-6.5423,10.246
Health Care Equipment & Supplies,ISRG,"202,588 M",568.02,$3.67,$46.08,$6.42,15.621,8.6665,1.1405
Health Care Equipment & Supplies,ITGR,"4,126 M",122.73,$2.96,$48.27,$3.40,7.7146,4.6347,1.9009
Health Care Equipment & Supplies,LIVN,"2,221 M",40.87,$2.51,$24.29,$1.16,4.8681,4.1885,1.8984
Health Care Equipment & Supplies,LMAT,"1,963 M",87.00,$1.66,$14.96,$1.93,13.866,7.2691,1.636
Health Care Equipment & Supplies,LUNG,326 M,8.19,($0.84),$2.16,($1.44),-55.255,-20.545,1.8978
Health Care Equipment & Supplies,MASI,"10,045 M",186.19,$2.73,$19.63,($5.72),-25.233,.6131,2.4962
Health Care Equipment & Supplies,MDT,"120,636 M",94.06,$4.22,$38.49,$3.27,8.4419,4.6457,1.8218
Health Care Equipment & Supplies,NPCE,361 M,11.63,($0.59),$0.33,($0.99),-214.55,-14.742,9.8038
Health Care Equipment & Supplies,NVCR,"2,105 M",19.15,($0.64),$3.32,($1.56),-46.667,-8.9286,3.4449
Health Care Equipment & Supplies,NVST,"3,141 M",18.24,$1.76,$17.04,($6.50),-31.471,1.6352,1.8231
Health Care Equipment & Supplies,NYXH,382 M,10.21,($2.00),$3.39,($1.93),-49.688,-23.135,1.3635
Health Care Equipment & Supplies,OFIX,675 M,17.30,($0.24),$13.07,($3.30),-22.87,-4.5041,1.7755
Health Care Equipment & Supplies,OMCL,"1,768 M",37.82,$2.93,$26.83,$0.27,1.0303,.2942,1.7059
Health Care Equipment & Supplies,PEN,"11,030 M",286.38,$3.81,$29.90,$0.36,1.2028,4.8384,1.3321
Health Care Equipment & Supplies,PHG,"25,105 M",27.14,$0.98,$13.45,($0.94),-6.978,2.0104,2.4135
Health Care Equipment & Supplies,PLSE,"1,086 M",17.66,($0.61),$1.29,($0.83),-70.284,-38.154,1.1759
Health Care Equipment & Supplies,PODD,"19,018 M",270.81,$4.23,$17.26,$5.78,43.028,6.8028,2.5485
Health Care Equipment & Supplies,PRCT,"3,474 M",63.37,($2.02),$7.47,($1.75),-26.769,-12.865,1.3277
Health Care Equipment & Supplies,QDEL,"2,676 M",39.67,$1.24,$44.72,($30.16),-50.578,.3813,2.1428
Health Care Equipment & Supplies,RMD,"32,873 M",223.83,$9.42,$35.77,$8.47,25.654,13.886,1.3595
Health Care Equipment & Supplies,SENS,452 M,.6930,($0.10),($0.03),($0.13),-145.79,-38.726,-5.6068
Health Care Equipment & Supplies,SIBN,720 M,16.95,($0.55),$3.97,($0.75),-18.382,-9.5603,1.3802
Health Care Equipment & Supplies,SMLR,368 M,38.37,$3.37,$24.15,$5.13,27.037,8.2311,1.0393
Health Care Equipment & Supplies,SNN,"13,228 M",30.34,$0.69,$6.04,$0.47,7.861,4.0374,1.9666
Health Care Equipment & Supplies,SRDX,443 M,31.02,($0.14),$7.82,($1.02),-12.318,-.6555,1.465
Health Care Equipment & Supplies,STE,"22,345 M",227.43,$7.61,$65.31,$6.22,9.6136,5.5886,1.5599
Health Care Equipment & Supplies,STIM,345 M,5.42,($0.76),$0.31,($1.23),-153.94,-19.088,7.9008
Health Care Equipment & Supplies,SYK,"150,987 M",395.69,$9.15,$54.10,$7.76,15.26,7.4743,2.0825
Health Care Equipment & Supplies,TCMD,335 M,14.20,$1.60,$9.07,$0.70,8.2683,4.7856,1.3755
Health Care Equipment & Supplies,TFX,"6,221 M",134.17,$10.87,$92.45,$1.49,1.6093,3.6946,1.6591
Health Care Equipment & Supplies,TMCI,572 M,9.13,($0.79),$1.81,($0.90),-44.447,-14.842,1.923
Health Care Equipment & Supplies,TMDX,"2,270 M",67.44,($2.44),$6.80,$1.01,19.39,3.1037,3.5174
Health Care Equipment & Supplies,TNDM,"1,270 M",19.11,$0.08,$3.97,($1.47),-33.3,-6.4525,3.6779
Health Care Equipment & Supplies,VREX,528 M,12.80,$0.63,$13.10,($1.17),-8.2483,1.8984,2.4661
Health Care Equipment & Supplies,ZBH,"20,852 M",104.75,$4.44,$62.62,$4.43,7.2527,4.6486,1.7136
Health Care Equipment & Supplies,ZIMV,369 M,13.35,$0.32,$13.79,($1.23),-8.5515,-.134,1.9745
Health Care Equipment & Supplies,ALC,"46,850 M",94.72,$2.85,$43.58,$2.05,4.8272,2.8518,1.408
Health Care Equipment & Supplies,ALGN,"12,820 M",174.19,$8.32,$52.16,$5.62,11.263,6.8663,1.6134
Health Care Equipment & Supplies,AVNS,704 M,15.30,$1.80,$18.01,($8.40),-37.418,1.9145,1.3931
Health Care Equipment & Supplies,BLCO,"5,534 M",15.70,($0.17),$18.37,($0.90),-4.5306,.9568,2.0808
Health Care Equipment & Supplies,BVS,666 M,10.19,$0.44,$2.28,($0.62),-24.763,2.4762,5.1735
Health Care Equipment & Supplies,CERS,299 M,1.61,$0.05,$0.30,($0.11),-37.993,-4.4601,3.5785
Health Care Equipment & Supplies,COO,"18,262 M",91.33,$1.45,$40.50,$1.96,5.0183,3.6909,1.5235
Health Care Equipment & Supplies,EMBC,756 M,13.00,$0.50,($13.23),$0.99,-7.4505,3.1259,-1.4952
Health Care Equipment & Supplies,ESTA,"1,258 M",43.60,($2.35),$1.83,($3.00),-236.67,-10.152,6.5323
Health Care Equipment & Supplies,HAE,"3,374 M",67.16,$1.64,$18.05,$2.54,14.06,6.3306,2.7912
Health Care Equipment & Supplies,ICUI,"3,520 M",143.57,$4.67,$80.16,($4.83),-5.7568,1.4186,2.1392
Health Care Equipment & Supplies,KIDS,620 M,25.61,($2.22),$15.32,($1.24),-7.6334,-3.9356,1.3191
Health Care Equipment & Supplies,LNTH,"6,881 M",100.48,$5.96,$15.89,$4.36,32.821,15.347,1.8202
Health Care Equipment & Supplies,MMSI,"6,169 M",104.85,$3.14,$23.48,$2.03,9.325,4.1958,1.7534
Health Care Equipment & Supplies,NEOG,"2,070 M",9.54,($0.43),$12.30,($2.20),-16.378,.683,1.5189
Health Care Equipment & Supplies,RXST,"1,077 M",26.59,($0.58),$6.96,($0.71),-12.434,-9.194,1.1327
Health Care Equipment & Supplies,SMTI,288 M,32.98,($0.24),$4.55,($0.99),-20.284,-5.0769,2.2257
Health Care Equipment & Supplies,SOLV,"13,464 M",77.83,$4.65,$17.13,$2.76,6.5504,4.8063,4.8858
Health Care Equipment & Supplies,STAA,896 M,18.17,($0.16),$8.06,($0.41),-5.1597,-1.5463,1.2824
Health Care Equipment & Supplies,UFPT,"1,654 M",215.37,$5.94,$44.66,$7.58,18.758,10.221,1.8351
Health Care Equipment & Supplies,XRAY,"3,214 M",16.15,$1.38,$9.77,($4.48),-34.753,1.8669,2.9609
Health Care Providers & Services,AHCO,"1,408 M",10.44,$1.76,$11.93,$0.61,6.2257,4.2452,2.8559
Health Care Providers & Services,AHG,538 M,1.35,$0.03,$0.95,($0.21),-12.382,-6.6455,1.0264
Health Care Providers & Services,CAH,"30,781 M",127.42,($2.00),($12.36),$5.36,-41.237,3.0096,-15.714
Health Care Providers & Services,COR,"48,725 M",251.53,($3.24),$1.17,$7.02,198.15,2.8606,304.77
Health Care Providers & Services,HSIC,"8,874 M",71.46,$5.21,$27.33,$3.05,7.9679,4.4851,3.0115
Health Care Providers & Services,MCK,"80,161 M",639.62,$12.68,($24.48),$21.82,-137.03,5.2428,-23.048
Health Care Providers & Services,OMI,752 M,9.74,($0.87),$7.33,($4.73),-48.703,2.6861,8.2377
Health Care Providers & Services,PDCO,"2,755 M",31.14,($9.80),$11.19,$1.55,14.112,4.8526,2.8625
Health Care Providers & Services,ACCD,569 M,6.97,($0.16),$3.86,($2.31),-48.226,-7.5007,2.0685
Health Care Providers & Services,ADUS,"1,748 M",96.19,$6.70,$53.05,$4.23,8.7763,5.2671,1.4556
Health Care Providers & Services,AGL,"1,460 M",3.54,($0.24),$1.14,($0.61),-44.22,-10.215,3.6819
Health Care Providers & Services,AMED,"3,020 M",92.03,$6.55,$34.61,$1.31,3.3187,6.2446,1.8851
Health Care Providers & Services,AMN,999 M,26.16,$6.27,$18.56,($3.85),-19.115,2.8038,3.4187
Health Care Providers & Services,ASTH,"1,295 M",27.19,$1.48,$14.87,$0.90,10.797,4.8775,1.9032
Health Care Providers & Services,AVAH,779 M,4.03,$0.05,($0.80),($0.34),50.932,4.8754,-10.609
Health Care Providers & Services,BTSG,"3,202 M",18.39,$0.08,$9.28,($0.24),-3.7857,3.3987,3.5832
Health Care Providers & Services,CCRN,553 M,16.86,$2.92,$13.04,($0.05),-.3946,1.2662,1.4067
Health Care Providers & Services,CHE,"8,712 M",595.21,$24.49,$76.87,$19.89,27.123,13.946,1.4911
Health Care Providers & Services,CI,"84,794 M",309.83,$36.59,$147.72,$12.12,8.6261,3.9252,3.7989
Health Care Providers & Services,CRVL,"5,534 M",107.75,$1.61,$5.86,$1.70,33.01,13.99,1.7909
Health Care Providers & Services,CSTL,608 M,21.32,$1.32,$16.21,$0.62,4.3076,1.1007,1.1654
Health Care Providers & Services,CVS,"83,149 M",65.95,$5.02,$59.97,$3.66,6.0197,1.993,3.3512
Health Care Providers & Services,DCGO,310 M,3.04,$0.63,$3.15,$0.18,4.3074,3.7905,1.4198
Health Care Providers & Services,DGX,"19,089 M",172.01,$8.19,$61.06,$7.69,13.835,5.8409,2.3832
Health Care Providers & Services,DVA,"11,200 M",140.00,$17.26,$1.50,$10.73,51.74,7.1492,142.71
Health Care Providers & Services,EHAB,429 M,8.54,$1.10,$11.30,($2.33),-17.464,1.7648,2.304
Health Care Providers & Services,FLGT,513 M,16.65,($0.64),$36.74,($1.41),-3.8736,-3.7631,1.0765
Health Care Providers & Services,FMS,"13,920 M",23.72,$5.93,$51.47,$1.90,4.843,2.8508,2.3028
Health Care Providers & Services,GH,"5,265 M",42.66,($2.24),($1.13),($3.56),-4584.5,-16.946,-10.638
Health Care Providers & Services,HIMS,"9,084 M",40.89,$0.92,$2.16,$0.53,30.713,7.1814,1.4842
Health Care Providers & Services,INNV,472 M,3.49,($0.02),$1.84,($0.19),-9.5155,-2.3174,2.1122
Health Care Providers & Services,LFST,"3,138 M",8.16,$0.23,$3.78,($0.15),-3.9957,-.9345,1.4647
Health Care Providers & Services,LH,"21,284 M",254.29,$13.06,$96.55,$8.84,9.3639,4.0522,2.2825
Health Care Providers & Services,MD,"1,252 M",14.59,$2.21,$9.09,($1.19),-12.276,5.251,2.8142
Health Care Providers & Services,NEO,"1,304 M",10.15,($0.27),$7.04,($0.62),-8.5391,-2.6999,1.8153
Health Care Providers & Services,NNOX,374 M,6.39,($0.70),$2.80,($0.86),-27.166,-15.739,1.1224
Health Care Providers & Services,NRC,328 M,14.23,$1.05,$1.36,$1.04,61.773,17.254,4.2366
Health Care Providers & Services,NUTX,265 M,48.66,$4.17,$11.59,($8.58),-35.096,3.7555,7.2549
Health Care Providers & Services,OPCH,"5,720 M",34.60,$1.68,$8.45,$1.23,14.991,6.0597,2.4367
Health Care Providers & Services,OPK,"1,303 M",1.94,($0.28),$2.02,($0.08),-3.8626,-8.1198,1.6114
Health Care Providers & Services,PINC,"1,594 M",17.46,$3.58,$18.74,$0.38,2.0255,4.015,1.8292
Health Care Providers & Services,PNTG,808 M,23.46,$0.61,$8.52,$0.70,10.64,3.8379,2.317
Health Care Providers & Services,PRVA,"3,096 M",25.69,$0.92,$5.29,$0.11,2.6407,.9939,1.7881
Health Care Providers & Services,RDNT,"3,931 M",53.09,$0.62,$12.19,$0.04,3.9897,2.2795,3.6425
Health Care Providers & Services,SBC,474 M,4.60,$5.65,$1.99,$6.66,-59.11,-5.8289,1.4464
Health Care Providers & Services,TALK,466 M,2.76,$0.04,$0.69,$0.01,.9727,-2.0011,1.1813
Health Care Providers & Services,VMD,293 M,7.52,$0.09,$3.21,$0.25,8.8808,6.8636,1.3567
Health Care Providers & Services,WGS,"2,956 M",105.31,($1.26),$8.75,($1.94),-22.096,-3.2007,1.71
Health Care Providers & Services,ACHC,"2,758 M",29.68,($6.12),$33.49,$2.78,8.7022,5.7693,1.938
Health Care Providers & Services,ARDT,"2,187 M",15.32,$0.96,$7.93,$1.58,23.013,5.2355,4.3806
Health Care Providers & Services,AUNA,587 M,7.94,$2.13,$5.52,($0.55),-6.6435,6.2653,4.7064
Health Care Providers & Services,BKD,"1,201 M",6.00,($0.63),$1.06,($0.89),-65.259,2.1615,29.818
Health Care Providers & Services,CON,"2,928 M",22.85,$1.84,$2.15,$1.46,23.29,7.847,9.1456
Health Care Providers & Services,CYH,420 M,3.02,$0.46,($14.46),($3.91),33.816,3.6962,-7.3427
Health Care Providers & Services,EHC,"10,071 M",100.00,$3.61,$20.51,$4.49,23.294,8.654,3.1614
Health Care Providers & Services,ENSG,"7,555 M",131.50,$3.34,$32.23,$5.12,17.884,5.0625,2.5417
Health Care Providers & Services,HCA,"79,378 M",319.63,$21.81,($10.00),$22.00,824.4,11.392,-23.815
Health Care Providers & Services,MFCSF,277 M,12.07,$3.03,$3.29,$0.80,48.072,13.604,4.288
Health Care Providers & Services,NHC,"1,442 M",93.36,$5.18,$63.44,$6.53,10.782,3.5468,1.5553
Health Care Providers & Services,PACS,"2,058 M",13.26,$0.33,$3.75,$0.68,132.51,5.164,6.8103
Health Care Providers & Services,SEM,"2,326 M",18.04,$2.37,$13.04,$0.36,7.2799,2.5222,3.3354
Health Care Providers & Services,SGRY,"3,047 M",23.97,$1.30,$14.18,($1.33),.3572,4.0149,4.4086
Health Care Providers & Services,SNDA,469 M,24.61,($1.90),$4.23,($1.45),-29.44,-1.1275,10.268
Health Care Providers & Services,THC,"11,987 M",126.02,$11.52,$43.85,$32.70,57.83,7.0264,6.9374
Health Care Providers & Services,UHS,"11,552 M",177.72,$16.88,$102.59,$16.82,17.943,7.4065,2.1706
Health Care Providers & Services,USPH,"1,234 M",81.26,$4.36,$32.39,$1.84,6.4622,4.0413,2.3878
Health Care Providers & Services,ALHC,"3,033 M",15.81,($0.03),$0.53,($0.67),-98.887,-9.2393,7.8323
Health Care Providers & Services,CNC,"29,267 M",59.00,($0.94),$53.26,$6.31,12.557,3.7009,3.1217
Health Care Providers & Services,ELV,"90,366 M",397.47,$19.65,$181.62,$25.68,14.774,5.0909,2.8292
Health Care Providers & Services,HQY,"8,985 M",103.68,($1.87),$24.47,$1.09,4.7026,3.7927,1.6418
Health Care Providers & Services,HUM,"31,623 M",262.12,$19.83,$135.73,$9.98,7.4107,4.0662,2.8384
Health Care Providers & Services,MOH,"17,310 M",311.89,$9.48,$80.29,$20.42,27.069,6.9949,3.4764
Health Care Providers & Services,PGNY,"1,853 M",21.69,$1.90,$4.95,$0.57,11.14,6.1829,1.4384
Health Care Providers & Services,UNH,"435,385 M",475.98,$22.29,$106.01,$15.51,15.128,7.0557,3.0354
Health Care Technology,CERT,"1,918 M",11.91,$0.37,$6.58,($0.08),-1.1447,.7553,1.4878
Health Care Technology,CTEV,321 M,19.83,($0.65),$5.19,($101.92),-183.57,1.0207,61.303
Health Care Technology,DH,313 M,2.77,$0.39,$3.90,($3.54),-65.485,-.4176,2.4515
Health Care Technology,DOCS,"13,043 M",69.51,$1.24,$5.50,$1.00,21.242,12.885,1.1368
Health Care Technology,EVH,"1,019 M",8.74,($0.30),$8.70,($0.81),-5.0561,.0558,2.5412
Health Care Technology,GDRX,"1,895 M",4.94,$0.29,$1.90,$0.04,2.205,3.7079,1.9155
Health Care Technology,HCAT,319 M,4.55,($0.03),$5.70,($1.15),-18.986,-4.5728,2.3519
Health Care Technology,HSTM,"1,011 M",33.23,$0.97,$11.81,$0.66,5.7154,2.6326,1.4213
Health Care Technology,PHR,"1,498 M",25.77,($0.21),$4.38,($1.45),-31.889,-12.554,1.4757
Health Care Technology,SDGR,"1,595 M",21.84,($2.27),$5.78,($2.57),-38.582,-16.088,1.9533
Health Care Technology,SLP,578 M,28.76,$0.39,$9.20,$0.40,4.6017,2.5794,1.0662
Health Care Technology,TBRG,427 M,28.62,($0.73),$12.05,($4.08),-29.877,-.6353,2.3258
Health Care Technology,TDOC,"1,568 M",9.03,$0.99,$8.60,($5.87),-52.46,-3.2998,2.3584
Health Care Technology,VEEV,"35,707 M",219.94,$6.53,$33.93,$4.05,13.478,6.8851,1.173
Health Care Technology,WAY,"7,521 M",43.69,$0.95,$17.89,($0.13),-.7456,1.9323,1.4861
Biotechnology,AAPG,"1,695 M",19.47,<empty>,<empty>,<empty>,-52.38,-7.1385,4.0541
Biotechnology,ABBV,"373,443 M",211.54,$10.08,$1.88,$2.39,62.292,8.2548,40.65
Biotechnology,ABSI,386 M,3.36,($0.68),$1.76,($0.93),-49.11,-27.396,1.1684
Biotechnology,ABUS,656 M,3.46,($0.40),$0.56,($0.43),-67.808,-32.828,1.3139
Biotechnology,ABVX,498 M,7.85,($2.94),$2.15,($3.36),-171.46,-46.692,2.2495
Biotechnology,ACAD,"3,016 M",18.08,$1.23,$4.40,$1.36,38.891,5.4395,1.6209
Biotechnology,ACLX,"3,785 M",68.88,$0.07,$8.95,($2.00),-22.17,-6.292,1.5836
Biotechnology,ADMA,"4,183 M",17.68,$0.34,$1.48,$0.81,81.645,21.242,1.4002
Biotechnology,AGIO,"1,945 M",33.95,($6.89),$26.96,$11.64,57.29,-20.466,1.0793
Biotechnology,AKBA,405 M,1.855,($0.19),($0.24),($0.23),102.4,-9.3728,-4.1098
Biotechnology,AKRO,"3,593 M",45.13,($3.44),$10.36,($3.75),-39.218,-25.373,1.101
Biotechnology,ALDX,367 M,6.15,($0.73),$1.19,($0.94),-58.545,-29.71,1.4732
Biotechnology,ALKS,"5,737 M",35.28,$2.45,$9.03,$2.20,27.9,12.543,1.4031
Biotechnology,ALLO,405 M,1.93,($1.18),$2.21,($1.54),-54.149,-25.823,1.2704
Biotechnology,ALNY,"32,265 M",249.23,($0.33),$0.52,($2.18),362.29,-2.7399,63.2
Biotechnology,ALT,441 M,5.72,($1.15),$1.71,($1.34),-59.86,-36.853,1.1279
Biotechnology,ALVO,"3,404 M",11.29,($1.19),($1.22),($1.74),87.89,-1.0426,-3.5872
Biotechnology,AMGN,"170,063 M",316.57,$19.36,$10.95,$7.56,67.553,6.3997,15.627
Biotechnology,ANAB,514 M,16.75,($4.78),$2.33,($5.12),-182.71,-15.347,6.8273
Biotechnology,ANNX,303 M,2.76,($0.90),$1.98,($1.01),-50.841,-29.733,1.1944
Biotechnology,APGE,"1,826 M",31.43,($2.54),$12.35,($3.14),-33.217,-23.464,1.0518
Biotechnology,APLS,"3,263 M",26.00,($0.36),$1.84,($0.80),-93.546,-12.321,3.8727
Biotechnology,ARCT,435 M,16.05,($2.29),$9.67,($2.33),-23.119,-12.155,1.4154
Biotechnology,ARDX,"1,297 M",5.44,($0.19),$0.73,($0.17),-23.014,-4.7642,2.5146
Biotechnology,ARGX,"38,674 M",636.49,($2.52),$71.28,($0.68),17.363,-.1629,1.1281
Biotechnology,ARQT,"1,753 M",14.78,($0.97),$1.34,($1.16),-113.76,-23.252,2.2146
Biotechnology,ARWR,"2,188 M",17.35,($4.60),$0.42,($5.15),-565.33,-47.71,19.276
Biotechnology,ASND,"9,327 M",155.86,($5.50),($1.83),($6.77),300.78,-17.379,-11.158
Biotechnology,ATXS,352 M,6.23,($1.86),$4.36,($1.97),-38.03,-22.72,1.4681
Biotechnology,ATYR,264 M,3.15,($0.98),$0.86,($0.93),-78.137,-39.258,1.4025
Biotechnology,AUPH,"1,191 M",8.67,$0.31,$2.68,$0.04,1.5228,2.0955,1.4588
Biotechnology,AURA,374 M,7.49,($1.54),$3.51,($1.72),-50.992,-30.216,1.1756
Biotechnology,AUTL,548 M,2.06,($0.89),$1.79,($1.16),-82.2,-22.11,1.7349
Biotechnology,AVBP,764 M,22.47,($2.23),$7.64,($2.56),-39.363,-26.912,1.0671
Biotechnology,AVXL,743 M,8.73,($0.42),$1.31,($0.55),-37.722,-24.337,1.1184
Biotechnology,BBIO,"6,651 M",34.97,($2.85),($7.72),($2.88),38.808,-47.832,-.62629
Biotechnology,BCAX,810 M,14.88,($16.19),$9.37,($18.09),-51.667,-20.716,1.0287
Biotechnology,BCRX,"1,682 M",8.05,($0.26),($2.28),($0.43),19.084,-.1587,-1.0304
Biotechnology,BCYC,718 M,10.38,($2.85),$11.48,($2.90),-29.043,-16.901,1.2066
Biotechnology,BEAM,"2,185 M",26.11,($4.33),$9.05,($4.58),-43.938,-20.263,1.5048
Biotechnology,BHVN,"3,161 M",30.97,($6.18),$4.18,($9.28),-198.83,-98.056,1.4527
Biotechnology,BIIB,"21,044 M",143.77,$17.89,$114.65,$11.18,10.358,5.2885,1.678
Biotechnology,BMRN,"13,581 M",71.19,$2.55,$29.66,$2.21,8.0467,5.152,1.2352
Biotechnology,BNTC,286 M,12.20,($1.98),$3.24,($1.94),-46.854,-29.986,1.0412
Biotechnology,BNTX,"27,515 M",114.77,$4.49,$88.78,($2.16),-2.3955,-1.2349,1.172
Biotechnology,BPMC,"5,746 M",89.92,($3.14),$4.69,($1.07),-31.257,-11.891,3.9503
Biotechnology,CADL,362 M,8.14,($0.96),($0.47),($1.74),-1344.5,-62.079,-1.4103
Biotechnology,CAPR,575 M,12.65,($1.21),$1.69,($1.07),-102.63,-34.73,1.3616
Biotechnology,CDNA,"1,132 M",20.42,$0.02,$6.97,$0.93,16.428,-6.8877,1.2976
Biotechnology,CDTX,257 M,23.50,($31.75),$16.41,($24.58),-200.46,-23.893,1.4039
Biotechnology,CELC,384 M,10.34,($2.07),$4.03,($2.61),-77.471,-29.057,1.8238
Biotechnology,CGEM,493 M,8.43,($2.48),$10.09,($2.86),-32.096,-22.256,1.0534
Biotechnology,CGON,"2,043 M",26.83,($1.56),$7.95,($1.69),-19.764,-15.695,1.0293
Biotechnology,CLDX,"1,401 M",21.10,($2.48),$11.25,($2.45),-26.843,-19.384,1.0607
Biotechnology,CMPS,374 M,4.04,($1.77),$2.26,($2.30),-81.549,-40.107,1.3812
Biotechnology,CMPX,383 M,2.77,($0.33),$0.91,($0.36),-36.07,-23.81,1.1211
Biotechnology,CMRX,761 M,8.46,($0.79),$1.51,($0.94),-48.589,-30.22,1.1686
Biotechnology,CNTA,"2,236 M",16.96,($1.23),$3.79,($1.52),-42.521,-20.471,1.2215
Biotechnology,COGT,873 M,7.67,($2.01),$1.32,($1.94),-99.539,-53.782,2.2507
Biotechnology,CPRX,"2,659 M",21.89,$2.02,$6.02,$1.31,29.384,18.456,1.1701
Biotechnology,CRDF,284 M,4.27,($0.79),$1.25,($0.95),-59.508,-34.007,1.1717
Biotechnology,CRNX,"3,159 M",33.95,($2.84),$14.26,($3.69),-32.02,-20.463,1.0829
Biotechnology,CRSP,"3,760 M",43.84,($1.71),$22.53,($4.34),-19.201,-13.042,1.1604
Biotechnology,CRVS,265 M,4.13,($0.39),$0.20,($1.01),-200.48,-28.296,4.7397
Biotechnology,CYTK,"5,196 M",43.88,($3.80),($1.14),($5.26),226,-30.113,-10.354
Biotechnology,DAWN,983 M,9.70,($1.63),$4.97,($1.02),-22.488,-27.673,1.1592
Biotechnology,DMAC,260 M,6.08,($0.50),$1.12,($0.55),-41.904,-27.234,1.0951
Biotechnology,DNLI,"2,367 M",16.30,($2.21),$8.53,($2.57),-37.403,-24.815,1.1175
Biotechnology,DNTH,674 M,22.76,($2.22),$11.51,($2.38),-25.991,-18.955,1.0484
Biotechnology,DRUG,254 M,35.99,($0.36),$5.76,($0.15),-3.345,-4.9259,1.0099
Biotechnology,DSGN,279 M,4.935,($0.82),$4.46,($0.85),-17.781,-13.537,1.0364
Biotechnology,DVAX,"1,738 M",14.01,$0.46,$4.76,$0.20,4.481,.0562,1.6526
Biotechnology,DYN,"1,378 M",12.18,($3.13),$6.18,($3.37),-88.034,-50.198,1.0975
Biotechnology,EBS,315 M,5.80,$2.63,$9.40,($3.98),-34.638,-4.2199,2.9068
Biotechnology,ENGN,288 M,5.65,($1.30),$5.35,($1.46),-31.957,-19.559,1.1415
Biotechnology,ERAS,401 M,1.42,($0.66),$1.59,($0.79),-40.333,-19.844,1.1752
Biotechnology,ETNB,"1,261 M",8.64,($3.51),$3.34,($3.51),-78.344,-44.729,1.1944
Biotechnology,EXAS,"8,848 M",47.63,$0.40,$12.94,($5.59),-37.092,-1.8659,2.4678
Biotechnology,EXEL,"10,817 M",38.65,$2.19,$7.97,$1.76,23.126,14.642,1.3135
Biotechnology,FHTX,260 M,4.67,($2.09),($0.51),($1.83),212.95,-20.452,-10.902
Biotechnology,FOLD,"2,811 M",9.15,($0.12),$0.65,($0.18),-31.679,2.7243,4.0456
Biotechnology,GERN,"1,070 M",1.68,($0.34),$0.42,($0.27),-66.092,-21.983,2.1182
Biotechnology,GILD,"143,763 M",115.44,$8.26,$15.51,$0.38,2.2859,11.029,3.052
Biotechnology,GLPG,"1,717 M",26.06,($6.30),$45.54,($0.02),-.045,-2.7719,1.4276
Biotechnology,GLUE,372 M,6.06,($0.93),$3.35,($1.77),-61.228,-28.425,1.5336
Biotechnology,GMAB,"15,316 M",24.10,$16.16,$80.22,$16.86,22.967,10.911,1.2484
Biotechnology,GOSS,267 M,1.18,($0.01),$0.24,($0.32),-90.262,-11.237,6.4814
Biotechnology,GRAL,"1,298 M",38.30,($18.09),$73.86,($63.54),-65.923,-13.923,1.1917
Biotechnology,GRFS,"5,926 M",8.71,$0.81,$8.96,$0.24,2.6401,3.8903,3.638
Biotechnology,GYRE,954 M,11.12,($0.03),$0.74,($1.17),-85.324,5.3649,1.9823
Biotechnology,HALO,"7,331 M",59.53,$3.69,$2.95,$3.43,198.42,18.156,5.6717
Biotechnology,HRTX,366 M,2.40,($0.16),($0.22),($0.09),40.163,-3.1624,-6.9284
Biotechnology,HUMA,405 M,3.15,($0.82),($0.53),($1.36),1143.9,-53.233,-1.801
Biotechnology,IBRX,"2,612 M",3.06,($0.57),($0.57),($0.62),77.024,-48.483,-.78294
Biotechnology,IDYA,"1,697 M",19.39,($3.08),$12.24,($3.36),-32.671,-23.047,1.0613
Biotechnology,IMCR,"1,515 M",30.25,$0.42,$7.20,($1.02),-14.005,-4.0779,2.7986
Biotechnology,IMMP,261 M,1.79,($0.03),$0.07,($0.03),-42.116,-25.702,1.0704
Biotechnology,IMNM,788 M,9.31,($2.59),$3.56,($5.69),-276.36,-39.889,1.1954
Biotechnology,IMTX,583 M,4.80,($0.51),$4.13,($0.68),-17.704,-8.2823,1.509
Biotechnology,IMVT,"3,299 M",19.42,($2.23),$2.40,($2.62),-74.171,-44.73,1.1937
Biotechnology,INCY,"13,510 M",69.81,$1.14,$17.82,$0.15,.7551,.8633,1.5792
Biotechnology,INSM,"14,036 M",77.55,($4.30),$1.59,($5.57),3926.5,-29.305,7.0966
Biotechnology,IONS,"5,365 M",33.75,($3.69),$3.73,($3.04),-93.104,-9.9078,5.1052
Biotechnology,IOVA,"1,328 M",4.05,($1.35),$2.54,($1.28),-54.81,-29.155,1.2814
Biotechnology,IRON,"1,968 M",56.92,($3.42),$14.85,($3.96),-27.731,-18.751,1.1199
Biotechnology,ITOS,265 M,7.26,($3.12),$17.29,($3.14),-19.717,-13.037,1.1447
Biotechnology,JANX,"1,862 M",31.50,($0.82),$17.32,($1.28),-10.093,-8.569,1.0379
Biotechnology,KALV,574 M,11.61,($2.88),$3.10,($3.66),-125.9,-71.615,1.2003
Biotechnology,KMDA,408 M,7.10,$0.56,$4.63,$0.27,6.3655,3.2235,1.3758
Biotechnology,KNSA,"1,554 M",21.39,$0.36,$6.05,($0.60),-9.847,-5.1514,1.3242
Biotechnology,KROS,473 M,11.67,($4.35),$14.09,($5.00),-41.461,-26.731,1.0776
Biotechnology,KRYS,"5,187 M",180.06,$4.17,$32.87,$3.00,10.337,6.8826,1.1157
Biotechnology,KURA,595 M,7.37,$1.55,$5.29,($2.02),-42.91,-19.973,1.8377
Biotechnology,KYMR,"2,059 M",31.70,($2.76),$12.88,($2.98),-36.382,-20.652,1.1704
Biotechnology,LEGN,"6,366 M",34.70,($0.97),$6.08,($1.92),-28.352,-12.281,1.5553
Biotechnology,LENZ,629 M,22.87,($3.17),$7.83,($2.69),-41.902,-27.031,1.0405
Biotechnology,MDGL,"7,668 M",347.28,($21.72),$34.28,($21.90),-80.346,-36.983,1.3816
Biotechnology,MDXG,"1,191 M",8.085,$0.44,$1.31,$0.28,25.012,14.74,1.3667
Biotechnology,MESO,"1,890 M",14.82,($0.04),$0.40,($0.09),-21.31,-4.9266,1.4164
Biotechnology,MGTX,514 M,6.58,($1.56),$1.23,($1.34),-93.994,-38.927,3.1283
Biotechnology,MIRM,"2,188 M",44.64,($0.22),$4.67,($1.85),-37.082,-8.3125,2.9727
Biotechnology,MLTX,"2,531 M",39.99,($1.86),$7.08,($1.89),-25.079,-17.807,1.0696
Biotechnology,MLYS,499 M,10.01,($3.43),$3.84,($3.66),-82.241,-52.565,1.0766
Biotechnology,MNKD,"1,563 M",5.15,$0.12,($0.26),$0.10,-16.978,9.8787,-4.997
Biotechnology,MREO,393 M,2.53,($0.21),$0.47,($0.31),-62.112,-30.65,1.2235
Biotechnology,MRNA,"13,585 M",35.21,($10.56),$28.24,($9.28),-28.77,-15.141,1.2973
Biotechnology,MRUS,"3,198 M",46.29,($2.92),$9.41,($3.35),-42.882,-27.466,1.208
Biotechnology,MTSR,"2,783 M",26.42,<empty>,<empty>,<empty>,-96.646,-18.976,-1.4604
Biotechnology,MYGN,944 M,10.34,($0.42),$7.68,($1.41),-17.153,-5.0595,1.4657
Biotechnology,NAMS,"2,528 M",23.02,($1.69),$7.01,($2.56),-46.199,-18.186,1.1414
Biotechnology,NBIX,"11,351 M",113.85,$5.55,$26.05,$3.29,14.157,10.455,1.436
Biotechnology,NGNE,251 M,16.91,($5.51),$10.56,($0.26),-53.63,-39.75,1.1944
Biotechnology,NNNN,310 M,7.06,<empty>,<empty>,<empty>,26.644,15.049,1.0287
Biotechnology,NRIX,"1,083 M",14.27,($2.71),$6.95,($2.88),-53.216,-25.98,1.2701
Biotechnology,NTLA,969 M,9.365,($3.78),$9.46,($5.25),-51.572,-27.812,1.2189
Biotechnology,NTRA,"19,997 M",147.92,$0.47,$9.01,($1.53),-19.424,-8.9564,1.3893
Biotechnology,NUVL,"5,154 M",71.99,($2.79),$14.99,($3.93),-29.458,-18.7,1.0673
Biotechnology,NVAX,"1,269 M",7.89,($0.67),($3.89),($1.23),27.969,-9.2665,-2.5013
Biotechnology,OLMA,316 M,4.26,($1.80),$3.47,($2.29),-51.758,-33.153,1.1572
Biotechnology,ONC,"28,096 M",262.21,($6.36),$31.36,($6.12),-18.772,-6.0569,1.7769
Biotechnology,OPT,613 M,3.98,($0.17),($0.14),($0.26),232.33,-73.342,-.86405
Biotechnology,ORGO,762 M,6.01,$0.03,$2.08,($0.01),.2593,2.8079,1.8938
Biotechnology,ORIC,565 M,7.95,($1.63),$3.42,($1.83),-54.728,-33.948,1.1276
Biotechnology,PCVX,"9,514 M",73.89,($4.69),$26.47,($3.80),-20.409,-14.472,1.0622
Biotechnology,PGEN,565 M,1.93,($0.33),$0.19,($0.54),-137.46,-43.477,1.5074
Biotechnology,PHAR,601 M,8.86,$0.00,$0.44,($0.03),-8.1806,-1.3803,1.8845
Biotechnology,PRAX,763 M,37.85,($7.36),$22.93,($10.21),-70.981,-43.815,1.0845
Biotechnology,PRME,303 M,2.31,($1.10),$1.20,($1.65),-136.88,-51.507,1.9426
Biotechnology,PRTC,450 M,18.74,($0.44),$1.32,($0.30),-22.074,-13.392,1.8361
Biotechnology,PTCT,"4,096 M",51.93,($2.37),($14.13),($4.73),37.91,-5.0943,-1.5527
Biotechnology,PTGX,"2,360 M",38.45,$2.97,$11.06,$4.23,54.386,28.662,1.1028
Biotechnology,PVLA,251 M,22.34,<empty>,<empty>,<empty>,-138.18,-61.633,-.18673
Biotechnology,QURE,654 M,12.09,($3.83),($0.14),($4.92),-238.46,-16.594,-82.425
Biotechnology,RARE,"3,781 M",40.87,($4.80),$2.76,($6.29),-211.71,-22.373,5.8891
Biotechnology,RCKT,982 M,9.21,($2.27),$4.35,($2.73),-54.142,-31.215,1.1392
Biotechnology,RCUS,"1,038 M",9.81,($1.95),$5.26,($3.14),-59.768,-17.261,2.3711
Biotechnology,REGN,"75,122 M",687.15,$32.80,$273.57,$38.34,15.951,7.3142,1.2864
Biotechnology,REPL,947 M,12.29,($2.49),$6.26,($2.96),-50.501,-26.304,1.2514
Biotechnology,RGNX,310 M,6.25,($3.87),$6.09,($5.00),-71.873,-26.03,1.7223
Biotechnology,RIGL,357 M,20.29,$0.59,($0.83),$0.22,-16.703,4.6139,-9.5258
Biotechnology,RLAY,575 M,3.39,($1.76),$4.64,($2.36),-44.151,-28.106,1.1202
Biotechnology,RNA,"3,552 M",29.55,($2.76),$11.89,($2.89),-33.473,-21.605,1.0975
Biotechnology,RNAC,461 M,17.92,($3.95),$0.03,($23.08),-7029.3,-10.949,605.47
Biotechnology,ROIV,"7,635 M",10.70,($1.04),$7.21,($0.96),-14.644,-11.624,1.1162
Biotechnology,RVMD,"7,366 M",39.62,($3.38),$12.19,($3.58),-29.334,-18.656,1.1294
Biotechnology,RXRX,"2,645 M",6.58,($1.37),$2.61,($1.69),-61.895,-28.481,1.3999
Biotechnology,RYTM,"3,349 M",52.97,($2.53),$0.35,($4.34),-155.91,-45.775,18.053
Biotechnology,SAGE,464 M,7.55,($4.40),$7.58,($6.59),-63.365,-35.897,1.1766
Biotechnology,SANA,569 M,2.55,($1.24),$1.31,($1.38),-92.904,-31.151,1.9126
Biotechnology,SION,699 M,16.48,<empty>,<empty>,<empty>,-83.448,-45.161,-1.328
Biotechnology,SLDB,440 M,5.76,($2.61),$4.29,($2.91),-65.794,-35.335,1.2683
Biotechnology,SLNO,"2,063 M",44.99,($1.73),$5.36,($4.38),-87.353,-45.056,1.3503
Biotechnology,SLRN,258 M,2.57,($2.61),$5.29,($2.68),-41.947,-32.892,1.1704
Biotechnology,SMMT,"14,422 M",19.55,($0.22),$0.53,($0.31),-94.895,-41.305,1.1204
Biotechnology,SNDX,"1,246 M",14.48,($3.21),$3.36,($3.72),-75.686,-31.74,2.5156
Biotechnology,SPRY,"1,056 M",10.87,($0.48),$2.07,($0.51),-22.409,-16.225,1.0827
Biotechnology,SRPT,"10,447 M",107.67,($3.71),$15.77,$2.34,19.709,3.7715,2.5941
Biotechnology,SRRK,"3,422 M",36.14,($2.01),$3.36,($2.47),-82.948,-40.087,1.2883
Biotechnology,STOK,432 M,8.16,($1.66),$4.38,($2.07),-52.063,-27.5,1.2637
Biotechnology,SVRA,446 M,2.60,($0.42),$0.95,($0.43),-47.955,-26.389,1.198
Biotechnology,SWTX,"3,791 M",50.59,($2.65),$6.47,($3.48),-46.623,-26.477,1.2207
Biotechnology,SYRE,"1,173 M",19.47,($3.35),$6.01,($4.42),-59.28,-27.433,1.681
Biotechnology,TECX,442 M,23.96,($3.67),$10.20,($3.63),-70.734,-36.178,1.1221
Biotechnology,TGTX,"5,515 M",35.11,($0.19),$1.34,$0.15,13.261,-.0688,3.0497
Biotechnology,TLX,"5,925 M",17.70,($0.01),$1.05,$0.09,13.922,5.3251,2.6688
Biotechnology,TRDA,398 M,10.58,($1.20),$10.50,$1.68,19.56,5.9028,1.2278
Biotechnology,TRML,331 M,12.90,($2.87),$12.52,($2.79),-31.824,-23.821,1.023
Biotechnology,TSHA,349 M,1.70,($0.33),$0.35,($0.36),-121.94,-32.506,2.2421
Biotechnology,TVTX,"1,722 M",19.41,($4.29),$0.68,($4.06),-246.75,-23.154,10.057
Biotechnology,TWST,"2,508 M",42.05,($1.17),$7.65,($3.38),-37.728,-15.242,1.3348
Biotechnology,TYRA,562 M,11.10,($1.22),$6.85,($1.57),-28.656,-20.209,1.0505
Biotechnology,UPB,454 M,8.47,<empty>,<empty>,<empty>,-35.88,-36.958,-1.4515
Biotechnology,URGN,429 M,10.17,($2.58),$0.60,($3.08),1400.4,-21.12,11.834
Biotechnology,UTHR,"13,967 M",310.98,$23.91,$143.74,$24.64,19.231,12.442,1.1428
Biotechnology,VALN,579 M,7.135,($1.36),$1.72,($0.06),-3.9563,-10.594,2.3756
Biotechnology,VCEL,"2,575 M",51.53,($0.12),$5.88,$0.20,4.0013,.7183,1.4821
Biotechnology,VCYT,"2,569 M",32.96,$0.83,$15.12,$0.31,2.1745,1.386,1.1055
Biotechnology,VERA,"1,910 M",29.96,($2.45),$9.08,($2.75),-44.826,-25.139,1.1361
Biotechnology,VERV,582 M,6.55,($1.91),$5.56,($2.35),-36.364,-20.415,1.3121
Biotechnology,VIR,"1,127 M",8.22,($3.49),$8.40,($3.83),-38.091,-20.803,1.216
Biotechnology,VKTX,"3,136 M",27.94,($0.81),$7.89,($1.01),-17.899,-14.775,1.0319
Biotechnology,VNDA,299 M,5.13,($0.35),$9.24,($0.33),-3.4888,-3.8956,1.2185
Biotechnology,VRDN,"1,245 M",15.28,($3.27),$6.55,($3.98),-46.967,-32.145,1.4884
Biotechnology,VRTX,"126,248 M",491.64,($3.79),$63.87,($2.08),-3.1515,12.683,1.3732
Biotechnology,VSTM,267 M,6.00,($3.62),$0.27,($3.10),-136.87,-47.311,11.427
Biotechnology,XENE,"2,845 M",37.17,($2.10),$9.88,($3.01),-27.85,-19.803,1.0573
Biotechnology,XNCR,979 M,13.90,($3.25),$9.64,($3.58),-35.407,-11.633,1.4049
Biotechnology,XOMA,255 M,21.60,($1.75),$7.21,($3.05),-31.411,-5.542,2.635
Biotechnology,ZBIO,291 M,6.96,($31.15),$8.60,($41.59),-63.331,-34.133,1.1224
Biotechnology,ZLAB,"3,888 M",35.91,($2.79),$7.80,($2.60),-31.411,-15.87,1.4101
Biotechnology,ZYME,908 M,13.18,($0.79),$5.27,($1.52),-28.729,-14.686,1.3275
Pharmaceuticals,ACB,276 M,5.03,($0.37),$7.26,$0.23,2.6513,2.7848,1.5125
Pharmaceuticals,ALMS,257 M,4.72,($14.15),$6.40,($15.60),-245.36,-99.968,1.1842
Pharmaceuticals,AMLX,298 M,3.36,($1.94),$2.86,($3.83),-84.434,-43.443,1.2778
Pharmaceuticals,AMPH,"1,337 M",28.06,$3.51,$15.38,$3.06,23.258,8.3088,2.1541
Pharmaceuticals,AMRX,"2,780 M",8.97,$0.71,($0.35),($0.38),-881.26,6.2439,-32.045
Pharmaceuticals,ANIP,"1,299 M",59.68,$2.35,$20.54,($1.04),-4.1804,.835,3.18
Pharmaceuticals,AQST,254 M,2.79,($0.43),($0.50),($0.44),47.447,-15.571,-2.4209
Pharmaceuticals,ARVN,"1,203 M",17.495,($3.63),$8.16,($2.77),-32.561,-13.053,1.943
Pharmaceuticals,ATAI,312 M,1.61,($0.49),$0.87,($0.80),-62.773,-25.702,1.3555
Pharmaceuticals,AVDL,760 M,7.87,($0.49),$0.77,($0.51),-60.441,-16.112,2.224
Pharmaceuticals,AVIR,254 M,3.01,($1.51),$5.43,($2.07),-33.455,-14.251,1.0707
Pharmaceuticals,AXSM,"6,101 M",125.10,($2.69),$1.17,($5.99),-231.63,-27.279,9.971
Pharmaceuticals,AZN,"241,702 M",77.96,$4.77,$26.30,$4.50,17.594,7.8776,2.5508
Pharmaceuticals,BHC,"2,631 M",7.15,$3.42,($3.48),($0.13),35.644,4.3319,-20.737
Pharmaceuticals,BLTE,"1,922 M",60.36,($1.12),$3.63,($1.11),-40.043,-25.584,1.0323
Pharmaceuticals,BMY,"121,393 M",59.82,$6.88,$8.05,($4.41),-38.947,6.5455,5.669
Pharmaceuticals,COLL,896 M,28.47,$6.30,$7.28,$1.86,32.616,7.4361,7.2696
Pharmaceuticals,CORT,"5,854 M",55.49,$1.90,$6.47,$1.23,23.807,11.709,1.2369
Pharmaceuticals,CRMD,613 M,10.11,($0.97),$1.01,($0.80),-65.037,-37.69,1.3215
Pharmaceuticals,CRON,777 M,2.03,$0.01,$2.78,$0.11,3.6266,-2.9407,1.0961
Pharmaceuticals,ELAN,"5,367 M",10.85,$0.77,$12.33,$0.68,5.4874,1.1908,2.0692
Pharmaceuticals,ELVN,"1,038 M",21.25,($1.53),$6.10,($1.90),-30.978,-21.374,1.059
Pharmaceuticals,EOLS,901 M,14.17,($0.43),$0.09,($0.92),822.97,-9.925,38.983
Pharmaceuticals,ESPR,325 M,1.65,($0.16),($1.89),($0.52),22.243,3.8416,-.84848
Pharmaceuticals,ETON,395 M,15.17,($0.02),$0.62,($0.21),-33.347,-9.6838,2.2427
Pharmaceuticals,EWTX,"2,543 M",26.71,($1.19),$4.84,($1.45),-34.397,-24.012,1.0601
Pharmaceuticals,EYPT,449 M,6.58,($2.33),$4.09,($2.04),-74.684,-31.393,1.3757
Pharmaceuticals,GHRS,646 M,10.41,($0.81),$3.46,($0.75),-19.582,-15.15,1.0521
Pharmaceuticals,GPCR,"1,294 M",22.57,($2.24),$15.09,($2.34),-18.595,-14.277,1.0445
Pharmaceuticals,GSK,"79,109 M",38.81,$1.14,$4.19,$0.78,22.804,6.9311,4.3496
Pharmaceuticals,HCM,"2,863 M",16.75,($0.08),$0.87,($0.05),-5.4391,-5.9022,1.7037
Pharmaceuticals,HLN,"47,661 M",10.54,$0.32,$2.25,$0.20,8.9521,4.2379,2.1227
Pharmaceuticals,HRMY,"1,935 M",33.74,$3.38,$11.53,$2.51,25.839,13.174,1.5159
Pharmaceuticals,HROW,935 M,26.25,$0.08,$1.63,($0.94),-50.226,-1.6805,6.0635
Pharmaceuticals,INVA,"1,104 M",17.61,$2.94,$11.03,$0.36,3.4246,8.8761,1.8824
Pharmaceuticals,ITCI,"13,949 M",131.19,($0.71),$10.81,($0.72),-8.584,-6.9635,1.1902
Pharmaceuticals,JNJ,"397,546 M",165.12,$7.50,$29.70,$5.79,20.056,8.126,2.5193
Pharmaceuticals,LGND,"2,222 M",115.41,$5.21,$43.46,($0.22),-.5265,1.6643,1.1341
Pharmaceuticals,LLY,"835,047 M",929.72,$1.13,$15.81,$11.71,84.264,15.329,5.5464
Pharmaceuticals,LQDA,"1,314 M",15.53,($1.25),$1.31,($1.62),-150.73,-38.277,2.2882
Pharmaceuticals,MAZE,520 M,11.87,<empty>,<empty>,<empty>,-180.12,-55.625,-.67648
Pharmaceuticals,MBX,376 M,11.25,($3.68),$8.13,($4.01),-53.751,-34.143,1.0407
Pharmaceuticals,MNMD,468 M,6.38,($1.25),$3.21,($1.64),-54.612,-25.378,1.2196
Pharmaceuticals,MRK,"235,401 M",93.19,$7.15,$18.32,$6.74,40.789,13.903,2.5286
Pharmaceuticals,NUVB,629 M,1.87,($0.42),$1.50,($2.23),-95.536,-13.976,1.137
Pharmaceuticals,NVO,"403,332 M",90.86,$2.17,$4.49,$3.14,80.775,22.408,3.2463
Pharmaceuticals,NVS,"220,973 M",111.88,$6.88,$22.30,$5.87,26.275,10.089,2.3213
Pharmaceuticals,OCUL,"1,137 M",7.15,($0.86),$2.00,($1.22),-95.212,-30.243,1.4522
Pharmaceuticals,OGN,"3,727 M",14.45,$2.29,$1.83,$3.33,429.85,7.3929,27.756
Pharmaceuticals,OMER,484 M,8.36,($2.61),($2.66),($3.13),220.52,-26.873,-2.0324
Pharmaceuticals,PAHC,952 M,23.51,$0.38,$6.09,$0.48,7.4639,5.5996,5.2087
Pharmaceuticals,PBH,"4,234 M",85.48,$5.00,$36.07,$4.26,12.625,6.1944,1.8617
Pharmaceuticals,PCRX,"1,088 M",23.51,$3.87,$16.86,($2.15),-12.079,3.5915,1.9959
Pharmaceuticals,PFE,"147,011 M",25.94,$1.45,$16.29,$1.41,8.8547,3.3066,2.3782
Pharmaceuticals,PHAT,416 M,6.08,($4.15),($2.74),($5.68),331.35,-57.674,-2.0685
Pharmaceuticals,PHVS,813 M,14.99,($2.37),$6.09,($2.86),-58.77,-33.102,1.0552
Pharmaceuticals,PRGO,"4,021 M",29.47,$1.72,$31.39,($1.17),-3.5368,1.9058,2.2336
Pharmaceuticals,RAPP,383 M,10.47,($5.20),$8.83,($5.81),-43.361,-24.18,1.0249
Pharmaceuticals,RDY,"10,764 M",12.92,$0.10,$4.46,$0.75,18.474,10.318,1.5141
Pharmaceuticals,RPRX,"14,633 M",33.77,$0.59,$15.58,$1.91,13.03,4.6686,2.6233
Pharmaceuticals,SEPN,263 M,5.93,<empty>,<empty>,<empty>,5.915,-34.097,-1.9939
Pharmaceuticals,SIGA,391 M,5.47,$1.00,$2.37,$1.20,58.389,36.954,1.1529
Pharmaceuticals,SNDL,430 M,1.62,$0.10,$3.37,($0.31),-8.9861,-2.1895,1.1944
Pharmaceuticals,SNY,"148,300 M",59.15,$4.87,$64.05,$4.55,7.2978,4.276,1.7134
Pharmaceuticals,SUPN,"1,786 M",31.99,$3.11,$18.58,$1.32,7.5478,2.8988,1.3209
Pharmaceuticals,TAK,"47,471 M",15.04,$3.20,$29.74,$0.83,2.9409,2.5132,2.0364
Pharmaceuticals,TARS,"1,709 M",44.54,($2.38),$5.85,($3.07),-54.827,-23.458,1.679
Pharmaceuticals,TBPH,481 M,9.72,($0.25),$3.55,($1.15),-29.041,-7.2056,2.0175
Pharmaceuticals,TERN,308 M,3.63,($1.00),$4.29,($1.18),-28.279,-19.229,1.0378
Pharmaceuticals,TEVA,"18,219 M",15.90,$0.66,$4.74,($1.45),-28.297,5.0902,7.3192
Pharmaceuticals,TLRY,671 M,.7183,($0.11),$3.75,($0.31),-7.0187,-1.4538,1.207
Pharmaceuticals,TRVI,392 M,4.39,($0.35),$0.78,($0.44),-59.654,-36.569,1.1686
Pharmaceuticals,VRNA,"5,731 M",67.445,($1.51),$2.47,($2.16),-76.422,-24.13,2.3184
Pharmaceuticals,VTRS,"11,316 M",9.48,$1.63,$15.61,($0.53),-3.2437,2.4873,2.227
Pharmaceuticals,WVE,"1,622 M",10.57,($1.13),$0.95,($1.14),-243.82,-34.036,2.5311
Pharmaceuticals,XERS,562 M,3.77,($0.22),($0.19),($0.44),516.09,-8.7006,-11.337
Pharmaceuticals,ZTS,"74,781 M",167.00,$5.06,$10.64,$5.47,51.142,14.87,2.9847
Pharmaceuticals,ZVRA,411 M,7.70,($1.64),$1.31,($2.11),-130.67,-32.805,2.7455
Life Sciences Tools & Services,A,"36,068 M",126.51,$4.56,$21.13,$4.36,20.614,8.3982,1.9768
Life Sciences Tools & Services,ABCL,712 M,2.39,($0.64),$3.57,($0.55),-14.749,-12.408,1.2883
Life Sciences Tools & Services,ADPT,"1,193 M",8.03,($0.78),$1.37,($1.08),-62.493,-16.175,2.6608
Life Sciences Tools & Services,ATLN,251 M,4.03,($0.38),$0.36,($1.59),504.76,-9.0895,8.3602
Life Sciences Tools & Services,AVTR,"10,724 M",15.75,$1.02,$8.75,$1.04,12.695,3.6123,2.0338
Life Sciences Tools & Services,AZTA,"1,871 M",40.94,$0.64,$37.62,($3.30),-7.9948,-1.6546,1.1875
Life Sciences Tools & Services,BIO,"7,292 M",260.34,$9.44,$234.52,($65.36),-24.091,1.5521,1.4254
Life Sciences Tools & Services,BLFS,"1,231 M",26.25,$0.18,$7.48,($0.25),-3.317,-1.0971,1.145
Life Sciences Tools & Services,BRKR,"7,110 M",46.87,$0.90,$11.85,$0.76,7.0497,3.5622,3.2332
Life Sciences Tools & Services,CDXC,653 M,8.55,$0.05,$0.45,$0.02,4.8154,.5079,1.6446
Life Sciences Tools & Services,CRL,"8,569 M",167.55,$9.76,$67.69,$0.20,.7057,4.3395,2.1749
Life Sciences Tools & Services,CTKB,573 M,4.47,$0.17,$3.06,($0.05),-1.5263,-2.9079,1.2622
Life Sciences Tools & Services,CYRX,327 M,6.61,($0.74),$7.81,($3.39),-33.149,-5.1174,1.8167
Life Sciences Tools & Services,DHR,"150,489 M",210.56,$7.24,$68.90,$5.29,7.5679,3.9761,1.5652
Life Sciences Tools & Services,EVO,"1,381 M",3.89,($1.31),$6.08,($1.08),-16.249,-1.771,2.0556
Life Sciences Tools & Services,FTRE,982 M,10.89,$2.65,$15.19,($3.03),-17.509,-1.7608,2.6271
Life Sciences Tools & Services,ICLR,"15,060 M",186.49,$13.56,$117.92,$9.53,8.4362,4.501,1.7723
Life Sciences Tools & Services,ILMN,"13,573 M",85.69,$4.46,$14.92,($7.69),-30.131,2.6425,2.6561
Life Sciences Tools & Services,IQV,"32,768 M",185.85,$11.66,$34.45,$7.49,22.547,5.3168,4.4337
Life Sciences Tools & Services,LAB,447 M,1.20,($0.43),$1.26,($0.52),-43.749,-18.008,1.2981
Life Sciences Tools & Services,MEDP,"10,010 M",328.56,$18.49,$27.01,$12.63,58.416,14.865,2.5448
Life Sciences Tools & Services,MLAB,747 M,137.55,$7.95,$28.57,($46.13),-89.378,2.1817,2.8164
Life Sciences Tools & Services,MRVI,399 M,2.81,($0.09),$2.44,($1.66),-42.926,-1.6138,3.7035
Life Sciences Tools & Services,MTD,"26,310 M",1257.84,$40.73,($6.06),$40.48,-623.59,21.506,-25.534
Life Sciences Tools & Services,MXCT,373 M,3.54,($0.20),$2.03,($0.34),-16.001,-11.253,1.1655
Life Sciences Tools & Services,OABI,413 M,3.41,($0.46),$2.43,($0.62),-20.451,-14.132,1.1365
Life Sciences Tools & Services,PACB,394 M,1.34,($0.89),$1.79,($1.58),-51.055,-12.08,2.4846
Life Sciences Tools & Services,PSNL,396 M,4.49,($0.79),$4.02,($1.37),-48.908,-17.226,1.3317
Life Sciences Tools & Services,QGEN,"8,331 M",38.55,$2.24,$16.05,$0.37,2.2668,5.2817,1.5949
Life Sciences Tools & Services,QTRX,379 M,7.65,($1.10),$8.81,($0.93),-10.319,-6.9077,1.2129
Life Sciences Tools & Services,RGEN,"8,834 M",157.67,$2.35,$36.00,($0.46),-1.2816,.6008,1.4036
Life Sciences Tools & Services,RVTY,"13,429 M",111.73,$4.41,$63.55,$2.30,3.6432,1.9733,1.6164
Life Sciences Tools & Services,SHC,"3,351 M",11.82,$0.16,$1.43,$0.16,10.463,5.9985,7.586
Life Sciences Tools & Services,STVN,"5,201 M",19.06,($0.77),$5.39,$0.47,9.4824,4.9647,1.6743
Life Sciences Tools & Services,TECH,"9,833 M",62.20,$1.61,$13.16,$0.98,7.8245,5.6826,1.2848
Life Sciences Tools & Services,TEM,"9,138 M",53.06,($1.76),$0.35,($6.23),640.83,-57.964,16.438
Life Sciences Tools & Services,TKNO,318 M,5.97,($0.35),$1.64,($0.73),-33.899,-13.814,1.422
Life Sciences Tools & Services,TMO,"197,757 M",524.19,$19.02,$130.22,$16.53,13.134,4.8878,1.9628
Life Sciences Tools & Services,TXG,"1,337 M",10.93,($0.06),$5.81,($1.52),-25.17,-12.771,1.2936
Life Sciences Tools & Services,WAT,"22,510 M",378.89,$10.44,$30.79,$10.71,42.824,11.403,2.4904
Life Sciences Tools & Services,WST,"16,670 M",230.55,$3.79,$37.10,$6.69,17.713,9.9292,1.3583
